Date,Symbol,Series,Open,High,Low,Close,PrevClose,Volume,Range,TR,ATR14,SMA10,SMA20,SMA50,BB_Mid,BB_Upper,BB_Lower,BB_Bandwidth,CLV,RangeAvg20,VolAvg20,HI55,HI55_Recent,NR7,Delivery_Pct
2025-11-19,1018GS2026,GS,105.67,106.25,104.01,106.25,105.67,423,2.239999999999995,2.239999999999995,1.749285714285712,105.186,105.234,105.9514,105.234,106.77002604144546,103.69797395855453,0.029192581132437563,1.0,1.7439999999999984,2572.0,False,False,False,100.0
2025-11-19,20MICRONS,EQ,198.75,198.75,192.1,194.67,195.1,37242,6.650000000000006,6.650000000000006,5.869285714285714,200.108,205.0955,214.7648,205.0955,219.33699216198866,190.8540078380113,0.13887669073176812,0.38646616541353246,5.469500000000001,74994.55,False,False,False,56.53
2025-11-19,21STCENMGM,EQ,40.75,41.55,40.71,40.71,41.55,8682,0.8399999999999963,0.8399999999999963,1.2635714285714283,44.308,45.6445,48.976400000000005,45.6445,49.935683869283345,41.35331613071666,0.18802632822282395,0.0,1.2435000000000005,8215.75,False,False,False,93.52
2025-11-19,360ONE,EQ,1080.0,1125.8,1066.9,1119.2,1078.0,1078355,58.899999999999864,58.899999999999864,31.83571428571429,1080.0900000000001,1118.045,1087.816,1118.045,1209.7114709694888,1026.3785290305113,0.1639763533122347,0.8879456706281846,30.525000000000013,682331.9,False,False,False,51.0
2025-11-19,3IINFOLTD,EQ,17.5,17.55,17.25,17.43,17.48,331798,0.3000000000000007,0.3000000000000007,0.728571428571429,17.453,18.2445,20.766,18.2445,20.469912096668914,16.019087903331084,0.24395429819056869,0.5999999999999976,0.6605000000000002,1165879.9,False,False,True,61.45
2025-11-19,3MINDIA,EQ,36100.0,36220.0,35750.0,35970.0,36090.0,3435,470.0,470.0,1097.857142857143,35991.5,32858.25,31013.0,32858.25,39129.46461520812,26587.03538479188,0.38171324493593656,0.46808510638297873,798.5,18888.75,False,False,False,53.94
2025-11-19,3PLAND,EQ,38.89,39.79,38.75,39.66,38.89,3593,1.0399999999999991,1.0399999999999991,1.7092857142857132,40.495,41.4665,43.1834,41.4665,44.04280956990785,38.890190430092154,0.12425980345135706,0.8749999999999974,1.9284999999999997,7244.45,False,False,True,90.15
2025-11-19,574GS2026,GS,99.17,99.17,99.17,99.17,99.8,1,0.0,0.6299999999999955,1.5650000000000028,101.25699999999999,101.5195,101.1312,101.5195,103.60644489625379,99.4325551037462,0.04111416814018583,0.5,1.0680000000000007,168.2,False,False,True,100.0
2025-11-19,5PAISA,EQ,344.0,344.0,329.5,333.65,346.65,714488,14.5,17.149999999999977,12.117857142857142,306.375,310.36499999999995,335.71399999999994,310.36499999999995,338.9145551629097,281.8154448370902,0.18397406384682405,0.28620689655172254,9.532499999999994,468389.35,False,False,False,27.17
2025-11-19,619GS2034,GS,96.79,96.79,96.51,96.51,98.25,84,0.28000000000000114,1.7399999999999949,1.1000000000000003,98.934,99.31649999999999,,99.31649999999999,102.56567389500778,96.0673261049922,0.0654306967121835,0.0,0.21399999999999864,686.65,False,False,False,50.0
2025-11-19,633GS2035,GS,100.29,100.5,100.0,100.0,101.3,1765,0.5,1.2999999999999972,1.0507142857142833,100.97999999999999,100.9195,100.58539999999999,100.9195,102.4433434959011,99.3956565040989,0.03019918838086008,0.0,0.565999999999999,1244.75,False,True,False,100.0
2025-11-19,63MOONS,EQ,740.0,740.0,716.75,720.05,742.75,60605,23.25,26.0,27.22857142857143,745.5699999999999,771.1975,840.984,771.1975,831.4978356126657,710.8971643873343,0.15638104535521877,0.14193548387096577,24.600000000000005,100697.75,False,False,False,61.64
2025-11-19,645GS2029,GS,100.93,100.93,100.93,100.93,96.61,2,0.0,4.320000000000007,,,,,,,,,0.5,,,False,False,False,100.0
2025-11-19,648GS2035,GS,99.88,99.9,99.88,99.9,99.89,159,0.020000000000010232,0.020000000000010232,0.5335714285714316,99.893,,,,,,,1.0,,,False,False,False,100.0
2025-11-19,654GS2032,GS,102.13,102.13,102.13,102.13,102.0,2060,0.0,0.12999999999999545,0.7585714285714279,101.75800000000001,101.80850000000001,101.98539999999998,101.80850000000001,104.05162527514629,99.56537472485373,0.04406557949770959,0.5,0.1124999999999993,6606.4,False,False,True,100.0
2025-11-19,664GS2027,GS,102.85,102.85,102.85,102.85,102.86,200,0.0,0.010000000000005116,0.4085714285714285,102.832,102.7085,102.0326,102.7085,103.80140941985142,101.61559058014858,0.02128177161289326,0.5,0.15250000000000058,835.0,False,False,True,100.0
2025-11-19,667GS2050,GS,96.75,96.75,96.75,96.75,96.63,3000,0.0,0.12000000000000455,0.634999999999999,96.904,96.75,96.9892,96.75,97.42749538743814,96.07250461256186,0.014005072608540411,0.5,0.4805,28227.8,False,False,True,100.0
2025-11-19,668GS2040,GS,99.75,99.75,99.75,99.75,99.7,200,0.0,0.04999999999999716,0.4585714285714287,100.015,99.9735,99.59960000000001,99.9735,101.13885445251654,98.80814554748346,0.02331326706610329,0.5,0.3980000000000004,1570.75,False,False,True,100.0
2025-11-19,676GS2061,GS,94.49,94.49,94.49,94.49,93.25,8,0.0,1.2399999999999949,1.2071428571428566,94.272,94.737,95.78140000000002,94.737,96.13233651854893,93.34166348145106,0.029457055185385446,0.5,0.711,7738.4,False,False,True,100.0
2025-11-19,679GS2034A,GS,101.02,101.02,101.02,101.02,100.37,100,0.0,0.6499999999999915,1.0335714285714295,100.801,99.35,,99.35,102.90989325682669,95.7901067431733,0.0716636790503613,0.5,0.24150000000000063,681.05,False,False,True,100.0
2025-11-19,68GS2060,GS,96.5,96.5,94.8,96.0,96.02,404,1.7000000000000028,1.7000000000000028,1.231428571428569,96.447,96.491,96.62380000000002,96.491,97.78144023495847,95.20055976504153,0.026747369909286195,0.705882352941177,0.9169999999999974,5822.55,False,False,False,81.44
2025-11-19,690GS2065,GS,95.0,95.2,95.0,95.0,95.0,164945,0.20000000000000284,0.20000000000000284,0.5014285714285721,95.397,96.07300000000001,97.713,96.07300000000001,97.56083197976115,94.58516802023887,0.030972947233065266,0.0,0.7244999999999997,145234.55,False,False,False,100.0
2025-11-19,695GS2061,GS,98.6,98.9,98.6,98.9,98.75,39472,0.30000000000001137,0.30000000000001137,1.2057142857142875,98.511,99.1845,,99.1845,101.79887927623362,96.57012072376638,0.05271749671034527,1.0,0.6150000000000005,13327.15,False,False,False,100.0
2025-11-19,699GS2051,GS,101.0,102.49,101.0,101.0,101.5,20008,1.4899999999999949,1.4899999999999949,1.1550000000000011,100.46000000000001,100.3625,100.37100000000001,100.3625,101.79995434710116,98.92504565289883,0.02864524791831942,0.0,0.6280000000000008,4494.6,False,False,False,99.98
2025-11-19,702GS2027,GS,105.0,105.0,105.0,105.0,105.0,1440,0.0,0.0,0.932857142857142,104.446,103.8385,103.2394,103.8385,105.49204497973297,102.18495502026703,0.031848398806472944,0.5,1.2050000000000005,2823.85,False,True,True,100.0
2025-11-19,706GS2028,GS,102.7,102.7,102.7,102.7,102.7,1219,0.0,0.0,0.278571428571431,103.21700000000001,103.074,103.9764,103.074,103.90440712906344,102.24359287093655,0.016112834062196973,0.5,0.27900000000000064,2813.45,False,False,True,100.0
2025-11-19,709GS2054,GS,100.0,100.0,99.9,99.98,100.1,9946,0.09999999999999432,0.19999999999998863,0.47142857142857103,100.242,101.0215,100.89300000000001,101.0215,102.74455861769111,99.2984413823089,0.03411271101084638,0.8000000000000285,0.5024999999999998,92581.0,False,False,True,100.0
2025-11-19,709GS2074,GS,99.99,100.0,99.6,99.61,99.95,234612,0.4000000000000057,0.4000000000000057,0.6192857142857134,99.921,100.7385,100.803,100.7385,102.58586866921567,98.89113133078433,0.036676517304023167,0.025000000000012436,0.7259999999999991,206169.95,False,False,False,99.73
2025-11-19,710GS2029,GS,103.5,103.5,103.33,103.33,103.45,15440,0.1700000000000017,0.1700000000000017,0.8714285714285696,103.505,103.36599999999999,104.66539999999999,103.36599999999999,104.03572830311936,102.69627169688061,0.012958386763914066,0.0,0.636999999999999,45557.2,False,False,False,100.0
2025-11-19,717GS2030,GS,104.3,104.5,104.0,104.5,104.3,8900,0.5,0.5,1.595714285714283,103.941,104.44650000000001,105.3274,104.44650000000001,107.30820071810453,101.5847992818955,0.05479744592886339,1.0,0.8324999999999981,7901.6,False,False,False,100.0
2025-11-19,718GS2033,GS,104.85,104.85,104.85,104.85,105.5,100,0.0,0.6500000000000057,0.605714285714286,104.86399999999999,104.6655,104.985,104.6655,105.78101736875779,103.5499826312422,0.021315856108417634,0.5,0.38699999999999973,9846.05,False,False,True,100.0
2025-11-19,718GS2037,GS,105.55,105.55,105.55,105.55,105.3,1,0.0,0.25,0.3549999999999999,105.13399999999999,105.02550000000001,104.88159999999999,105.02550000000001,106.040812267236,104.01018773276401,0.01933458573843492,0.5,0.467499999999999,46510.75,False,False,True,100.0
2025-11-19,719GS2060,GS,100.0,100.0,100.0,100.0,100.0,350,0.0,0.0,2.335000000000001,101.689,101.402,,101.402,106.0269263777924,96.7770736222076,0.09121962836615463,0.5,0.9939999999999998,477.85,False,False,True,100.0
2025-11-19,71GS2034,GS,103.89,103.9,103.89,103.9,104.79,1200,0.010000000000005116,0.9000000000000057,0.8900000000000006,103.593,103.56700000000001,,103.56700000000001,105.61677169460413,101.51722830539589,0.039583490776098906,1.0,0.35050000000000026,152211.2,False,False,True,100.0
2025-11-19,724GS2055,GS,101.4,101.65,101.4,101.65,101.3,233,0.25,0.3500000000000085,0.9692857142857159,101.784,102.20450000000001,101.5582,102.20450000000001,103.652387771894,100.75661222810602,0.02833315112140832,1.0,0.47749999999999987,3729.9,False,False,False,100.0
2025-11-19,725GS2063,GS,102.49,102.49,101.8,102.04,102.43,424221,0.6899999999999977,0.6899999999999977,1.4021428571428558,102.30199999999999,102.9365,102.6866,102.9365,104.52986467891076,101.34313532108924,0.030958205863046828,0.34782608695653605,1.2559999999999996,416862.65,False,False,False,100.0
2025-11-19,726GS2029,GS,103.5,104.0,103.5,104.0,101.15,492,0.5,2.8499999999999943,,103.96900000000001,,,,,,,1.0,,,False,False,False,100.0
2025-11-19,726GS2032,GS,111.0,111.0,105.3,105.7,106.0,954,5.700000000000003,5.700000000000003,0.9128571428571449,105.424,105.272,104.66359999999999,105.272,106.1810566538999,104.36294334610011,0.017270625691539927,0.0701754385964922,0.6310000000000009,13117.6,True,True,False,50.31
2025-11-19,732GS2030,GS,103.6,103.78,103.6,103.78,104.7,410,0.18000000000000682,1.1000000000000085,0.864999999999999,105.561,106.10799999999999,105.83359999999999,106.10799999999999,108.62964708077875,103.58635291922123,0.04752982019788825,1.0,0.4819999999999993,4303.25,False,False,True,100.0
2025-11-19,733GS2026,GS,101.5,101.5,101.5,101.5,101.26,1600,0.0,0.23999999999999488,0.8828571428571418,101.039,102.3515,103.2808,102.3515,105.52299349676137,99.18000650323863,0.061972584608166396,0.5,0.35449999999999876,4016.95,False,False,True,100.0
2025-11-19,734GS2064,GS,100.9,100.9,100.41,100.46,100.95,37384,0.4900000000000091,0.5400000000000063,1.0264285714285717,100.76,101.46650000000001,103.23559999999999,101.46650000000001,103.8772697940699,99.05573020593012,0.04751853654299483,0.10204081632652291,1.0989999999999995,237230.35,False,False,True,99.73
2025-11-19,737GS2028,GS,104.65,104.65,104.4,104.65,104.68,10588,0.25,0.28000000000000114,0.7835714285714305,103.76399999999998,104.07950000000001,105.1108,104.07950000000001,106.45390918967225,101.70509081032777,0.04562683697889085,1.0,0.871500000000001,8056.2,False,False,False,100.0
2025-11-19,738GS2027,GS,105.7,105.8,105.5,105.52,105.68,209853,0.29999999999999716,0.29999999999999716,0.3442857142857128,105.45900000000002,105.29849999999999,104.8266,105.29849999999999,105.68446761522091,104.91253238477907,0.007330923331688873,0.06666666666665404,0.4879999999999981,98883.55,True,True,False,100.0
2025-11-19,73GS2053,GS,103.75,103.9,103.75,103.79,103.2,1100,0.15000000000000568,0.7000000000000028,1.0592857142857122,103.862,104.1855,103.60040000000001,104.1855,105.81491062964498,102.55608937035502,0.0312790288407692,0.26666666666669825,0.9294999999999994,122182.15,False,False,True,100.0
2025-11-19,740IIFCL33,N1,1181.3,1185.0,1181.3,1185.0,1178.0,405,3.7000000000000455,7.0,,,,,,,,,1.0,,,False,False,False,100.0
2025-11-19,746GS2073,GS,101.2,101.32,101.04,101.28,101.32,34377,0.2799999999999869,0.2799999999999869,1.1192857142857144,101.625,104.1165,104.6214,104.1165,109.1738442635439,99.0591557364561,0.09714779623871138,0.8571428571428789,0.9534999999999997,21641.8,False,False,True,100.0
2025-11-19,74GS2035,GS,103.3,106.0,102.5,102.5,102.78,2600,3.5,3.5,1.3135714285714266,105.65799999999999,,,,,,,0.0,,,False,False,False,100.0
2025-11-19,74GS2062,GS,101.0,101.95,101.0,101.89,101.62,10293,0.9500000000000028,0.9500000000000028,1.0349999999999997,101.959,102.50800000000001,102.53659999999999,102.50800000000001,104.25344664770954,100.76255335229048,0.0340548376265175,0.9368421052631557,0.9094999999999992,4038.4,False,False,False,100.0
2025-11-19,754GS2036,GS,109.83,109.91,109.63,109.83,109.72,878351,0.28000000000000114,0.28000000000000114,0.6185714285714293,109.559,109.5415,109.14939999999999,109.5415,109.91498493945569,109.1680150605443,0.006819058337811572,0.7142857142857215,0.5670000000000016,433162.95,False,False,False,95.44
2025-11-19,759GS2026,GS,101.3,101.3,101.3,101.3,101.36,2,0.0,0.060000000000002274,0.6785714285714306,102.074,101.64450000000001,,101.64450000000001,102.97062933004291,100.3183706699571,0.026093479333223205,0.5,0.21000000000000085,456.65,False,False,True,100.0
2025-11-19,75GS2034,GS,104.35,104.35,104.0,104.03,104.36,10000,0.3499999999999943,0.35999999999999943,0.8999999999999996,105.84,106.80250000000001,,106.80250000000001,110.60047248541905,103.00452751458097,0.07112141542415276,0.08571428571429035,0.04249999999999972,27176.75,False,False,False,100.0
2025-11-19,824GS2027,GS,104.5,104.5,104.5,104.5,103.5,229,0.0,1.0,1.1578571428571434,104.027,105.1925,105.281,105.1925,108.72134046111465,101.66365953888534,0.06709300494074491,0.5,0.8504999999999996,2474.45,False,False,True,100.0
2025-11-19,883GS2041,GS,118.65,118.65,118.65,118.65,117.85,233,0.0,0.8000000000000114,,118.951,,,,,,,0.5,,,False,False,True,100.0
2025-11-19,897GS2030,GS,114.9,114.9,114.9,114.9,113.76,10000,0.0,1.1400000000000006,1.2657142857142847,113.06200000000001,,,,,,,0.5,,,False,False,True,100.0
2025-11-19,92GS2030,GS,114.0,114.0,113.75,113.8,113.75,20097,0.25,0.25,1.1649999999999991,114.131,114.56800000000001,115.98460000000001,114.56800000000001,115.72247996950992,113.4135200304901,0.02015362002496172,0.19999999999998863,0.8524999999999998,15024.65,False,False,True,100.0
2025-11-19,A2ZINFRA,EQ,17.35,17.94,17.34,17.7,17.34,123007,0.6000000000000014,0.6000000000000014,1.0057142857142856,17.561,17.0165,17.8174,17.0165,18.397184974930987,15.635815025069014,0.16227602326341917,0.5999999999999976,0.9789999999999999,279089.3,False,False,True,68.53
2025-11-19,AAATECH,BE,93.7,93.7,88.3,91.5,92.85,17077,5.400000000000006,5.400000000000006,3.7757142857142876,90.61500000000001,90.10650000000001,88.0736,90.10650000000001,95.76109556467145,84.45190443532857,0.12550916004220425,0.5925925925925924,4.317500000000002,157897.1,False,False,False,
2025-11-19,AADHARHFC,EQ,498.85,498.85,486.5,488.2,494.45,292611,12.350000000000023,12.350000000000023,9.771428571428569,496.95500000000004,504.75499999999994,512.914,504.75499999999994,523.2462114259716,486.2637885740283,0.07326806639249407,0.137651821862347,11.912499999999994,311607.55,False,False,False,61.92
2025-11-19,AAKAAR,SM,76.1,82.9,76.05,78.35,76.1,38400,6.8500000000000085,6.8500000000000085,3.7607142857142883,78.675,82.3275,85.49,82.3275,91.134626375839,73.520373624161,0.21395345117582837,0.3357664233576634,3.2250000000000005,37360.0,False,False,False,41.67
2025-11-19,AAKASH,EQ,8.86,9.07,8.82,8.89,8.97,68165,0.25,0.25,0.36857142857142844,8.948,9.022,9.4372,9.022,9.201287478648293,8.842712521351707,0.03974450867840678,0.28000000000000114,0.3589999999999999,76972.4,False,False,False,76.41
2025-11-19,AARADHYA,ST,129.25,129.25,129.2,129.2,136.0,4800,0.05000000000001137,6.800000000000011,6.825000000000005,144.425,153.9475,143.341,153.9475,179.0333421225999,128.8616578774001,0.32590126013868237,0.0,4.8675000000000015,7800.0,False,False,False,75.0
2025-11-19,AAREYDRUGS,BE,93.15,96.5,93.15,96.5,95.06,51909,3.3499999999999943,3.3499999999999943,2.4157142857142873,97.187,93.87,84.4322,93.87,101.46695728565076,86.27304271434924,0.16186123970705782,1.0,2.1015000000000015,48701.55,False,False,False,
2025-11-19,AARON,EQ,187.0,189.45,185.0,186.63,187.04,16025,4.449999999999989,4.449999999999989,9.897142857142857,195.858,196.749,194.1134,196.749,216.85574006397601,176.64225993602398,0.20438975612558152,0.3662921348314606,10.048,39873.55,False,False,True,51.45
2025-11-19,AARTECH,EQ,51.5,51.5,50.01,50.26,50.97,14469,1.490000000000002,1.490000000000002,2.219285714285714,51.838,55.346000000000004,54.96719999999999,55.346000000000004,63.02652185727002,47.66547814272999,0.27754568920138817,0.16778523489932864,3.2525000000000004,97555.8,False,False,True,70.41
2025-11-19,AARTIDRUGS,EQ,451.05,460.4,446.0,451.15,451.05,180274,14.399999999999977,14.399999999999977,19.375,476.05,488.50750000000005,497.05300000000005,488.50750000000005,531.0899174395958,445.9250825604044,0.17433680113241115,0.3576388888888879,17.130000000000003,274950.05,False,False,False,45.73
2025-11-19,AARTIIND,EQ,391.0,391.05,386.7,390.2,389.8,333594,4.350000000000023,4.350000000000023,8.482142857142852,391.35,385.2,383.57599999999996,385.2,399.52469894971335,370.8753010502866,0.07437538395489805,0.8045977011494211,7.569999999999996,523186.95,False,True,True,53.92
2025-11-19,AARTIPHARM,EQ,712.3,712.35,689.55,708.3,712.35,351380,22.800000000000068,22.800000000000068,30.792857142857162,759.5,798.89,839.327,798.89,902.9225699000079,694.857430099992,0.2604427891199238,0.8223684210526291,25.510000000000012,207640.25,False,False,False,56.26
2025-11-19,AARTISURF,EQ,448.8,464.75,439.0,447.05,448.8,7884,25.75,25.75,19.425,430.57,397.0925,391.416,397.0925,678.4886642862251,115.69633571377483,1.4172826950205566,0.3126213592233014,16.3175,6508.7,False,False,False,62.7
2025-11-19,AARVI,EQ,135.3,137.96,125.35,128.14,137.36,77433,12.610000000000014,12.610000000000014,7.059285714285715,126.11500000000001,123.05550000000001,123.18519999999998,123.05550000000001,136.97864256911853,109.13235743088148,0.2262904554305744,0.22125297383029255,5.613000000000001,44202.15,False,True,False,51.89
2025-11-19,AATMAJ,SM,20.05,20.05,19.5,19.7,20.0,12000,0.5500000000000007,0.5500000000000007,0.4607142857142859,20.44,20.66,20.464000000000002,20.66,21.63908120194394,19.68091879805606,0.09478036804878426,0.36363636363636187,0.5650000000000001,6600.0,False,False,False,83.33
2025-11-19,AAVAS,EQ,1665.0,1665.7,1624.5,1643.1,1671.4,229714,41.200000000000045,46.90000000000009,59.97142857142858,1667.55,1659.5700000000002,1642.5,1659.5700000000002,1729.6298344274312,1589.5101655725691,0.08443130983017412,0.45145631067960895,53.00000000000002,197946.6,False,True,True,65.84
2025-11-19,ABAN,BE,36.13,36.23,35.46,35.85,35.96,31720,0.769999999999996,0.769999999999996,1.097857142857143,36.400999999999996,38.657,41.089000000000006,38.657,43.50715504906803,33.80684495093196,0.250932821950386,0.5064935064935099,1.2415000000000003,43624.75,False,False,False,
2025-11-19,ABB,EQ,5081.5,5099.0,5037.0,5083.0,5080.5,241340,62.0,62.0,90.03571428571429,5043.7,5133.725,5187.35,5133.725,5378.672846489794,4888.7771535102065,0.09542694495314565,0.7419354838709677,82.85,192922.1,False,False,True,51.25
2025-11-19,ABBOTINDIA,EQ,29900.0,29900.0,29445.0,29530.0,29665.0,10018,455.0,455.0,565.3571428571429,29510.5,29649.0,30077.6,29649.0,30198.759947613427,29099.240052386573,0.03708455243775017,0.18681318681318682,523.0,8459.35,False,False,False,73.17
2025-11-19,ABCAPITAL,EQ,332.8,335.65,330.1,330.65,333.1,1918944,5.5499999999999545,5.5499999999999545,8.014285714285714,331.275,321.0775,303.804,321.0775,344.7052056651738,297.44979433482615,0.14717758587988156,0.09909909909909172,7.409999999999999,4989669.8,False,False,False,43.79
2025-11-19,ABCOTS,EQ,417.0,417.75,410.9,416.4,412.65,6747,6.850000000000023,6.850000000000023,20.753571428571426,414.475,413.19750000000005,423.749,413.19750000000005,430.1697854972454,396.2252145027547,0.0821509592736905,0.8029197080291944,25.6625,33487.8,False,False,True,47.53
2025-11-19,ABDL,EQ,666.25,673.4,656.8,660.75,664.55,478141,16.600000000000023,16.600000000000023,26.371428571428567,646.22,630.8,572.087,630.8,690.6089625390706,570.9910374609293,0.18962892371296974,0.23795180722891807,26.457499999999992,840648.75,False,False,True,59.97
2025-11-19,ABFRL,EQ,77.83,79.2,77.7,78.07,77.83,2429773,1.5,1.5,2.479285714285716,79.39500000000001,81.168,84.6224,81.168,85.76778086434545,76.56821913565456,0.11333976109662545,0.24666666666666023,2.123500000000001,3788543.15,False,False,False,44.4
2025-11-19,ABGSEC,EQ,110.91,111.19,110.91,111.18,110.9,484,0.28000000000000114,0.28999999999999204,0.36642857142856905,110.999,110.9845,110.52060000000002,110.9845,111.42886358986765,110.54013641013235,0.008007669356849812,0.9642857142857469,0.3609999999999992,583.5,False,False,False,65.08
2025-11-19,ABHAPOWER,ST,37.25,37.25,34.3,35.0,36.0,30400,2.950000000000003,2.950000000000003,1.3214285714285718,37.230000000000004,37.7025,41.097,37.7025,39.82981638455593,35.57518361544407,0.11284749735725388,0.23728813559322107,1.1600000000000006,12400.0,False,False,False,78.95
2025-11-19,ABINFRA,EQ,19.21,19.68,18.26,19.25,18.75,2499730,1.4199999999999982,1.4199999999999982,0.9549999999999995,19.676,19.162,125.921,19.162,20.57554306623456,17.74845693376544,0.14753606786708692,0.6971830985915491,0.9599999999999994,649545.3,False,False,False,41.34
2025-11-19,ABLBL,EQ,140.0,140.0,137.01,137.31,139.92,782453,2.990000000000009,2.990000000000009,4.237857142857138,134.204,135.5275,138.73680000000002,135.5275,142.18516588227408,128.86983411772593,0.09824819143382817,0.10033444816053862,3.8164999999999965,1383510.15,False,False,True,55.71
2025-11-19,ABMINTLLTD,BE,48.95,48.95,48.18,48.18,48.18,11,0.7700000000000031,0.7700000000000031,2.1378571428571433,48.203,50.071000000000005,47.2108,50.071000000000005,55.42341963975191,44.7185803602481,0.21379319924714535,0.0,1.8665000000000007,609.95,False,False,False,
2025-11-19,ABREL,EQ,1750.0,1833.1,1731.3,1805.3,1748.7,470265,101.79999999999995,101.79999999999995,71.46428571428574,1773.0700000000002,1752.0399999999997,1747.5959999999998,1752.0399999999997,1900.7470596844669,1603.3329403155326,0.16975304180779796,0.726915520628684,62.61500000000001,230943.9,False,False,False,23.78
2025-11-19,ABSLAMC,EQ,738.05,745.3,732.6,739.1,736.9,96291,12.699999999999932,12.699999999999932,19.84642857142857,748.8149999999999,785.6075,809.9910000000001,785.6075,878.5107845221304,692.7042154778695,0.23651323217288645,0.51181102362205,20.3,223651.9,False,False,False,57.15
2025-11-19,ABSLBANETF,EQ,60.21,60.46,60.0,60.38,60.14,8529,0.46000000000000085,0.46000000000000085,0.7328571428571417,59.605,59.419000000000004,57.7148,59.419000000000004,60.23181978322375,58.60618021677626,0.027358918299659862,0.8260869565217431,0.7434999999999995,51419.35,False,False,False,50.24
2025-11-19,ABSLLIQUID,EQ,1000.0,1000.01,999.99,1000.0,999.99,258,0.01999999999998181,0.01999999999998181,0.01999999999998181,999.9960000000001,999.9979999999999,999.9994,999.9979999999999,1000.0115646599661,999.9844353400338,2.712937419107653e-05,0.5,0.01999999999998181,5055.9,True,True,True,75.58
2025-11-19,ABSLNN50ET,EQ,73.59,73.59,72.21,72.81,72.93,6020,1.3800000000000097,1.3800000000000097,1.2835714285714306,72.97900000000001,72.88000000000001,72.0332,72.88000000000001,73.4798333101782,72.28016668982183,0.01646084824857804,0.4347826086956553,1.3210000000000015,12511.95,False,False,False,89.88
2025-11-19,ABSLPSE,EQ,10.25,10.34,10.21,10.24,10.25,56191,0.129999999999999,0.129999999999999,0.1649999999999994,10.236999999999998,10.2195,10.088199999999999,10.2195,10.35899551964131,10.08000448035869,0.02729987174349228,0.23076923076922762,0.18749999999999972,360808.2,False,False,False,86.57
2025-11-19,ABSMARINE,SM,229.0,240.0,227.5,233.95,229.95,179500,12.5,12.5,18.567857142857147,228.385,211.5375,195.028,211.5375,253.8372502947713,169.23774970522868,0.39992672972660936,0.5159999999999991,14.907499999999999,155675.0,False,True,False,76.04
2025-11-19,ACC,EQ,1838.9,1847.0,1834.0,1836.9,1838.7,215477,13.0,13.0,26.65000000000001,1841.56,1848.875,1851.4620000000002,1848.875,1877.1122714687506,1820.6377285312494,0.030545354844162615,0.22307692307693008,26.99999999999999,254874.3,False,False,True,64.23
2025-11-19,ACCELYA,EQ,1337.0,1339.0,1325.5,1337.2,1337.7,5300,13.5,13.5,19.071428571428573,1345.0,1391.1100000000001,1435.5880000000002,1391.1100000000001,1511.38892417211,1270.8310758278903,0.17292510897356755,0.86666666666667,21.45999999999999,23459.85,False,False,False,63.75
2025-11-19,ACCENTMIC,SM,305.5,337.95,305.5,327.0,305.65,157500,32.44999999999999,32.44999999999999,12.939285714285704,303.96,288.8675,271.177,288.8675,324.79904985524547,252.93595014475454,0.24877530255390767,0.6625577812018493,11.652499999999995,35525.0,True,True,False,66.98
2025-11-19,ACCPL,SM,88.95,93.2,81.1,82.25,77.7,322800,12.100000000000009,15.5,5.442857142857142,65.84,61.410000000000004,61.047,61.410000000000004,76.3419322259378,46.478067774062204,0.486302954761042,0.09504132231404999,3.9750000000000014,44280.0,True,True,False,55.76
2025-11-19,ACCURACY,EQ,6.2,6.38,5.36,6.16,6.24,314716,1.0199999999999996,1.0199999999999996,0.38,6.42,6.509,6.809,6.509,6.792047699160315,6.225952300839686,0.08697117811040539,0.7843137254901962,0.34750000000000003,131415.55,False,False,False,62.26
2025-11-19,ACE,EQ,975.9,976.3,963.0,972.4,971.5,116756,13.299999999999955,13.299999999999955,23.21428571428574,1007.0699999999999,1055.65,1082.18,1055.65,1169.458461899811,941.8415381001893,0.21561779358653127,0.7067669172932338,22.54000000000004,139921.25,False,False,False,56.48
2025-11-19,ACEINTEG,EQ,22.81,23.41,22.55,22.66,22.81,4573,0.8599999999999994,0.8599999999999994,0.99,23.434,23.817,24.3898,23.817,24.9466919934212,22.6873080065788,0.09486434004460685,0.12790697674418547,1.0459999999999998,6254.55,False,False,False,61.51
2025-11-19,ACI,EQ,591.05,592.25,560.35,563.8,597.25,279892,31.899999999999977,36.89999999999998,20.124999999999982,621.52,634.45,663.372,634.45,679.0394830649566,589.8605169350435,0.1405610625422225,0.10815047021943368,20.072499999999984,133140.15,False,False,False,43.44
2025-11-19,ACL,BE,77.6,77.6,75.2,75.67,77.32,3692,2.3999999999999915,2.3999999999999915,3.422142857142855,76.22200000000001,74.977,83.62299999999999,74.977,80.62515049374593,69.32884950625407,0.15066354998855463,0.19583333333333355,3.6449999999999982,15858.3,False,False,True,
2025-11-19,ACMESOLAR,EQ,246.5,248.0,241.25,242.9,246.6,566081,6.75,6.75,7.76428571428572,255.125,269.09000000000003,282.767,269.09000000000003,300.4977792911245,237.68222070887555,0.23343698607249977,0.2444444444444453,8.042500000000006,1097745.3,False,False,False,59.96
2025-11-19,ACTIVEINFR,SM,170.0,175.0,170.0,173.35,170.0,7200,5.0,5.0,2.7142857142857144,173.245,174.1975,172.655,174.1975,184.21530789394563,164.17969210605435,0.1150166666449937,0.6699999999999988,2.22,50370.0,False,False,False,100.0
2025-11-19,ACUTAAS,EQ,1705.1,1726.5,1695.4,1720.0,1714.0,167669,31.09999999999991,31.09999999999991,60.442857142857164,1736.77,1727.8349999999998,1557.63,1727.8349999999998,1810.9816241046337,1644.6883758953659,0.09624370857707355,0.7909967845659158,74.10000000000002,449679.45,False,False,True,60.13
2025-11-19,ADANIENSOL,EQ,1032.0,1044.0,1002.2,1006.25,1026.65,1574241,41.799999999999955,41.799999999999955,33.85000000000001,1000.4100000000001,974.5450000000001,914.1690000000001,974.5450000000001,1041.042713494524,908.0472865054762,0.13646925179344996,0.09688995215310907,28.607500000000005,1815288.45,False,True,False,24.83
2025-11-19,ADANIENT,EQ,2446.5,2449.9,2413.9,2433.1,2436.8,774785,36.0,36.0,72.36428571428571,2429.3,2476.145,2481.1820000000002,2476.145,2607.6725252561214,2344.6174747438786,0.10623572145905948,0.5333333333333283,59.36500000000001,1547338.5,False,False,True,35.7
2025-11-19,ADANIGREEN,EQ,1080.2,1084.5,1052.2,1069.9,1077.6,2155114,32.299999999999955,32.299999999999955,44.407142857142865,1068.49,1064.275,1041.71,1064.275,1136.1817416867182,992.368258313282,0.13512812325144924,0.5479876160990734,35.810000000000024,4496605.45,False,False,False,23.09
2025-11-19,ADANIPORTS,EQ,1499.0,1499.5,1478.0,1484.2,1495.0,1746304,21.5,21.5,28.0,1480.5900000000001,1465.5300000000002,1429.1319999999998,1465.5300000000002,1522.4937463655695,1408.566253634431,0.07773808296734866,0.28837209302325795,27.46500000000002,2301463.5,False,True,False,59.21
2025-11-19,ADANIPOWER,EQ,150.3,152.66,150.09,151.61,149.55,21355345,2.569999999999993,3.109999999999985,4.004285714285708,152.497,158.64100000000002,271.3546,158.64100000000002,172.47438411233784,144.8076158876622,0.17439859950880066,0.5914396887159589,4.891999999999999,42854068.85,False,False,False,27.27
2025-11-19,ADFFOODS,EQ,214.2,216.39,211.68,213.45,213.68,106545,4.7099999999999795,4.7099999999999795,8.025714285714283,218.402,216.35999999999999,219.4402,216.35999999999999,228.63034147853804,204.08965852146193,0.11342523089792991,0.3757961783439468,7.220000000000001,136830.75,False,False,False,34.79
2025-11-19,ADL,EQ,85.0,85.0,79.2,79.92,80.04,1843,5.799999999999997,5.799999999999997,5.209285714285717,82.2,84.087,85.92559999999999,84.087,88.79721910318409,79.37678089681592,0.11203204070032435,0.12413793103448262,5.211000000000001,4171.75,False,False,False,68.26
2025-11-19,ADOR,EQ,1100.2,1104.5,1080.0,1092.4,1100.2,18355,24.5,24.5,38.67142857142857,1058.31,1095.9575,1043.247,1095.9575,1189.6619143837431,1002.2530856162568,0.17100008783870385,0.5061224489795956,39.83500000000001,24939.3,False,False,False,63.15
2025-11-19,ADROITINFO,EQ,10.92,11.17,10.1,10.89,10.92,35313,1.0700000000000003,1.0700000000000003,0.5885714285714283,11.127,11.339,10.9584,11.339,11.87929251336662,10.798707486633381,0.09529808860862853,0.7383177570093464,0.6149999999999999,34365.95,False,False,False,66.05
2025-11-19,ADSL,EQ,169.0,170.5,167.1,167.93,168.59,100642,3.4000000000000057,3.4000000000000057,4.608571428571425,170.408,176.14550000000003,180.862,176.14550000000003,188.44982521514262,163.84117478485743,0.13970638154415066,0.2441176470588268,4.4419999999999975,144800.5,False,False,False,45.84
2025-11-19,ADVANCE,EQ,143.69,144.45,132.57,134.49,142.13,1442065,11.879999999999995,11.879999999999995,10.026428571428571,139.23700000000002,134.849,,134.849,155.3631511157542,114.33484888424579,0.3042536632196635,0.16161616161616302,10.449000000000002,1807296.6,False,False,False,34.71
2025-11-19,ADVANIHOTR,EQ,56.0,56.89,55.9,56.43,56.29,18295,0.990000000000002,0.990000000000002,1.4192857142857151,56.552,57.570499999999996,58.7808,57.570499999999996,60.0554505025252,55.085549497474794,0.08632721628352026,0.5353535353535355,1.4410000000000014,32082.85,False,False,False,72.55
2025-11-19,ADVENTHTL,BE,267.75,278.5,267.75,267.75,281.85,597093,10.75,14.100000000000023,,,,,,,,,0.0,,,False,False,False,
2025-11-19,ADVENZYMES,EQ,330.4,331.7,325.8,328.15,330.4,143394,5.899999999999977,5.899999999999977,11.724999999999982,324.31,316.7875,323.874,316.7875,339.38995285361653,294.1850471463835,0.14269788330421188,0.3983050847457585,10.259999999999987,408039.45,False,False,True,48.53
2025-11-19,AEGISLOG,EQ,792.6,794.9,785.0,788.35,790.9,188073,9.899999999999977,9.899999999999977,21.06785714285714,784.8900000000001,787.8050000000001,779.084,787.8050000000001,819.8462374917062,755.7637625082939,0.08134306710850063,0.33838383838384145,19.677500000000002,428039.95,False,False,True,63.43
2025-11-19,AEGISVOPAK,EQ,262.4,266.0,259.35,261.3,262.3,325899,6.649999999999977,6.649999999999977,9.303571428571425,267.29,274.085,263.74620000000004,274.085,290.6243198167275,257.54568018327245,0.12068752260596186,0.29323308270676623,9.644999999999992,459584.8,False,False,False,67.3
2025-11-19,AEROENTER,EQ,86.4,87.0,84.5,85.34,86.85,67802,2.5,2.5,3.2357142857142853,87.66499999999999,85.3605,85.965,85.3605,93.02908911404184,77.69191088595817,0.1796753560263081,0.33600000000000135,3.4735,259299.05,False,True,False,54.87
2025-11-19,AEROFLEX,EQ,182.7,185.48,181.0,183.95,181.76,231327,4.47999999999999,4.47999999999999,7.361428571428569,184.00799999999998,180.105,179.2864,180.105,192.91071669216566,167.29928330783432,0.14220278939691486,0.6584821428571418,6.409499999999999,640370.2,False,False,False,49.55
2025-11-19,AERON,SM,108.0,108.0,104.0,105.1,108.05,23000,4.0,4.049999999999997,3.8678571428571433,109.50999999999999,109.99249999999999,110.74,109.99249999999999,113.9827725470822,106.00222745291778,0.07255535690310182,0.2749999999999986,3.3300000000000005,19850.0,False,False,False,86.96
2025-11-19,AERONEU,EQ,79.1,79.99,75.0,75.99,77.98,38861,4.989999999999995,4.989999999999995,4.500714285714287,79.25800000000001,80.0465,89.3716,80.0465,85.28316410990762,74.80983589009237,0.1308405516770283,0.19839679358717352,4.773500000000001,29831.85,False,False,False,45.38
2025-11-19,AESTHETIK,SM,115.0,115.0,110.0,114.95,114.1,5000,5.0,5.0,3.074999999999999,110.42999999999999,111.77250000000001,119.399,111.77250000000001,118.00768043042876,105.53731956957125,0.11156913248659116,0.9900000000000005,3.2999999999999994,26550.0,False,False,False,80.0
2025-11-19,AETHER,EQ,874.0,892.9,866.6,888.15,876.55,443788,26.299999999999955,26.299999999999955,29.61428571428573,794.7149999999999,774.655,756.1619999999999,774.655,866.5285484239063,682.7814515760937,0.23719861983439416,0.8193916349809883,24.960000000000015,478725.95,True,True,False,28.0
2025-11-19,AFCONS,EQ,396.25,396.25,386.2,388.95,396.1,1001660,10.050000000000011,10.050000000000011,10.435714285714292,417.51000000000005,432.18500000000006,444.22200000000004,432.18500000000006,471.8392318044364,392.5307681955637,0.18350582183294806,0.2736318407960196,9.335000000000003,596535.7,False,False,False,63.86
2025-11-19,AFFLE,EQ,1693.7,1705.3,1673.1,1686.6,1693.2,142612,32.200000000000045,32.200000000000045,46.66428571428575,1743.1299999999999,1824.675,1932.516,1824.675,1999.6457847041906,1649.7042152958093,0.19178295828483505,0.41925465838509257,46.36500000000002,186689.1,False,False,False,59.35
2025-11-19,AFFORDABLE,EQ,225.9,229.95,221.5,223.8,225.9,27628,8.449999999999989,8.449999999999989,10.385000000000005,232.66500000000002,247.53700000000003,251.40380000000002,247.53700000000003,281.5301664309138,213.54383356908625,0.27465119502065377,0.27218934911242776,10.640000000000002,76388.45,False,False,False,54.96
2025-11-19,AFIL,EQ,7.32,7.99,7.18,7.75,7.31,3943293,0.8100000000000005,0.8100000000000005,0.30999999999999994,7.478,7.814,8.031,7.814,8.543037721932123,7.084962278067878,0.18659783003125735,0.7037037037037036,0.36049999999999993,1591618.45,False,False,False,53.56
2025-11-19,AFSL,EQ,210.01,212.11,208.21,209.12,210.55,35065,3.9000000000000057,3.9000000000000057,5.855714285714289,208.53000000000003,205.305,207.7268,205.305,216.58762823991032,194.0223717600897,0.109910895885734,0.23333333333333212,5.402000000000003,29891.2,False,False,False,85.4
2025-11-19,AGARIND,EQ,781.45,797.0,775.05,791.9,781.45,18487,21.950000000000045,21.950000000000045,24.928571428571438,823.665,850.735,890.6859999999999,850.735,917.5629215597794,783.9070784402206,0.15710631761895158,0.7676537585421407,23.72000000000001,17317.45,False,False,False,53.24
2025-11-19,AGARWALEYE,EQ,506.5,511.45,500.0,501.65,506.5,47262,11.449999999999989,11.449999999999989,16.61785714285714,510.505,518.4275,491.32700000000006,518.4275,546.5947944210103,490.26020557898977,0.10866435295585311,0.14410480349344795,16.494999999999994,179013.05,False,False,False,40.91
2025-11-19,AGARWALFT,SM,48.1,48.1,47.0,47.0,48.2,4500,1.1000000000000014,1.2000000000000028,2.5500000000000003,53.245000000000005,56.477500000000006,62.162000000000006,56.477500000000006,66.45384577387918,46.50115422612083,0.3532856721306422,0.0,1.5900000000000003,5175.0,False,False,False,100.0
2025-11-19,AGARWALTUF,SM,138.0,141.75,137.5,137.6,138.15,25200,4.25,4.25,7.010714285714282,139.66,141.4075,147.99400000000003,141.4075,152.61625885189764,130.19874114810236,0.1585313205013545,0.023529411764704546,7.104999999999997,74040.0,False,False,True,61.9
2025-11-19,AGI,EQ,776.75,781.65,759.55,764.35,776.75,63853,22.100000000000023,22.100000000000023,17.000000000000007,786.5899999999999,809.1,841.3970000000002,809.1,860.302060505413,757.897939494587,0.12656546905305396,0.21719457013574947,19.405000000000012,57996.0,False,False,False,61.28
2025-11-19,AGIIL,EQ,254.6,255.4,250.0,252.35,252.2,115507,5.400000000000006,5.400000000000006,8.71071428571429,257.54,261.125,744.182,261.125,272.11488171008926,250.13511828991074,0.08417334004855348,0.4351851851851837,8.7275,411608.5,False,False,True,32.37
2025-11-19,AGNI,ST,24.5,24.5,24.5,24.5,24.5,5000,0.0,0.0,0.7035714285714282,25.68,25.3025,27.765,25.3025,27.347120991773288,23.25787900822671,0.16161414814925715,0.5,0.4424999999999997,11500.0,False,False,True,100.0
2025-11-19,AGRITECH,EQ,127.43,129.0,125.31,126.13,127.44,1514,3.6899999999999977,3.6899999999999977,3.2892857142857133,128.477,130.001,133.9392,130.001,133.5609769662202,126.44102303377979,0.054768455107579356,0.22222222222222052,3.3354999999999997,3231.3,False,False,False,74.44
2025-11-19,AGROPHOS,EQ,41.8,42.68,41.51,41.82,42.28,10756,1.1700000000000017,1.1700000000000017,1.7821428571428568,42.172000000000004,41.74249999999999,41.91700000000001,41.74249999999999,43.32450979769394,40.16049020230604,0.07579851698839071,0.2649572649572665,1.7849999999999995,28365.65,False,False,True,80.41
2025-11-19,AGSTRA,BZ,4.75,4.89,4.61,4.86,4.66,421327,0.27999999999999936,0.27999999999999936,0.20571428571428582,4.3149999999999995,4.2835,4.3852,4.2835,4.685906510881699,3.8810934891183013,0.18788677991441521,0.8928571428571449,0.21150000000000008,227094.7,False,False,False,
2025-11-19,AGUL,SM,66.0,69.5,66.0,69.5,68.0,6000,3.5,3.5,2.910714285714287,66.615,66.89,63.056999999999995,66.89,70.78468869102532,62.99531130897468,0.11645055138362453,1.0,1.4024999999999999,24000.0,False,False,False,66.67
2025-11-19,AHCL,BE,161.0,162.5,152.1,158.95,157.58,224798,10.400000000000006,10.400000000000006,7.106428571428573,146.06,135.882,127.4918,135.882,158.55498533497524,113.20901466502475,0.3337158024605944,0.6586538461538453,6.343500000000001,219499.2,False,False,False,
2025-11-19,AHLADA,EQ,53.81,54.88,52.5,53.69,53.49,15696,2.3800000000000026,2.3800000000000026,2.1521428571428567,56.001999999999995,57.782,59.4904,57.782,62.24137484407814,53.322625155921855,0.15435169582493308,0.4999999999999985,2.2659999999999996,12930.9,False,False,False,72.35
2025-11-19,AHLEAST,EQ,140.25,142.1,135.15,141.89,141.95,2741,6.949999999999989,6.949999999999989,4.419999999999997,143.33499999999998,145.76999999999998,148.94459999999998,145.76999999999998,152.60057245038848,138.93942754961148,0.09371712218410513,0.9697841726618693,4.707999999999996,9348.65,False,False,False,71.84
2025-11-19,AHLUCONT,EQ,1044.0,1045.8,1004.25,1032.15,1053.7,233883,41.549999999999955,49.450000000000045,37.22857142857142,929.5,930.085,952.84,930.085,1022.5646956093601,837.60530439064,0.19886289018607992,0.671480144404335,28.514999999999986,330145.4,False,True,False,18.39
2025-11-19,AIAENG,EQ,3699.4,3775.0,3682.9,3733.4,3711.6,98242,92.09999999999991,92.09999999999991,94.5857142857144,3587.5099999999998,3457.745,3262.6020000000003,3457.745,3804.46932550948,3111.02067449052,0.20054939014269704,0.5483170466883828,78.30000000000007,94050.25,True,True,False,82.08
2025-11-19,AIIL,EQ,2810.0,2810.6,2702.1,2726.0,2794.9,155518,108.5,108.5,93.55714285714284,2787.6099999999997,2918.585,3056.882,2918.585,3220.4934912684685,2616.6765087315316,0.206886892976198,0.22027649769585336,90.21,74853.45,False,False,False,69.6
2025-11-19,AIMTRON,SM,994.9,994.9,955.0,970.95,981.7,47000,39.89999999999998,39.89999999999998,51.4392857142857,922.01,839.0424999999999,763.263,839.0424999999999,1021.4531884889136,656.6318115110862,0.43480679104792364,0.39974937343358535,45.18249999999999,80190.0,True,True,False,60.0
2025-11-19,AIRAN,EQ,20.61,21.65,20.1,20.43,20.96,203949,1.5499999999999972,1.5499999999999972,0.9178571428571421,21.96,22.754,24.157200000000003,22.754,24.747182380014433,20.76081761998557,0.17519402127225378,0.2129032258064509,0.9259999999999998,94382.4,False,False,False,53.64
2025-11-19,AIROLAM,EQ,108.0,108.0,102.04,103.43,103.81,1653,5.959999999999994,5.959999999999994,4.490714285714288,104.84400000000001,104.6315,107.39400000000002,104.6315,107.82097817048512,101.44202182951489,0.060965926522798905,0.23322147651006744,4.408500000000002,6035.25,False,False,False,91.29
2025-11-19,AIRTELPP,E1,1619.1,1633.2,1617.0,1629.45,1619.05,126597,16.200000000000045,16.200000000000045,36.37500000000005,1582.045,1573.27,1503.665,1573.27,1628.608272470328,1517.931727529672,0.0703480934236693,0.7685185185185192,37.387500000000024,348556.3,False,True,True,80.24
2025-11-19,AISL,SM,92.0,92.0,88.0,90.95,89.75,6600,4.0,4.0,2.8821428571428567,88.8,90.285,91.595,90.285,96.36826392654487,84.20173607345512,0.1347569125889101,0.7375000000000007,1.9725000000000001,2370.0,False,False,False,100.0
2025-11-19,AJANTPHARM,EQ,2472.9,2525.0,2446.8,2517.7,2458.1,54529,78.19999999999982,78.19999999999982,61.42142857142848,2540.58,2486.7200000000003,2492.844,2486.7200000000003,2615.3229952994943,2358.117004700506,0.10343182609983759,0.9066496163682839,56.28499999999997,95818.15,False,False,False,46.18
2025-11-19,AJAXENGG,EQ,660.0,662.1,651.15,659.3,662.55,59899,10.950000000000045,11.399999999999977,23.110714285714284,608.9599999999999,611.69,637.595,611.69,668.3815919691783,554.9984080308218,0.18536053219499504,0.7442922374429172,21.47750000000001,129501.5,False,False,True,60.8
2025-11-19,AJMERA,EQ,1019.0,1042.0,1010.0,1026.3,1016.1,46335,32.0,32.0,33.94642857142857,1006.24,1018.2300000000001,1014.1159999999999,1018.2300000000001,1063.208054648909,973.2519453510914,0.08834556956465388,0.5093749999999986,32.1125,62144.25,False,False,False,42.7
2025-11-19,AJOONI,EQ,4.85,4.96,4.16,4.67,4.94,1132444,0.7999999999999998,0.7999999999999998,0.21142857142857144,4.976999999999999,5.0665,5.208600000000001,5.0665,5.319029206231688,4.813970793768311,0.0996858605473951,0.6374999999999998,0.1785000000000001,424951.75,False,False,False,64.5
2025-11-19,AKANKSHA,SM,86.5,86.5,85.4,85.4,86.0,2000,1.0999999999999943,1.0999999999999943,2.0821428571428577,86.53,87.4475,89.184,87.4475,90.376574085783,84.518425914217,0.06699045909335316,0.0,1.8549999999999998,10300.0,False,False,False,50.0
2025-11-19,AKASH,EQ,26.5,26.93,26.17,26.58,26.18,4857,0.759999999999998,0.759999999999998,1.2007142857142856,27.226,27.525,28.5636,27.525,29.080448488378856,25.96955151162114,0.1130207802636772,0.5394736842105232,1.2269999999999999,8495.05,False,False,False,52.65
2025-11-19,AKG,EQ,12.59,12.59,12.27,12.4,12.48,16009,0.3200000000000003,0.3200000000000003,0.5050000000000002,12.572,12.998500000000002,12.9438,12.998500000000002,14.00367212456376,11.993327875436243,0.15465971066873227,0.40625000000000205,0.5950000000000002,113388.65,False,False,False,94.48
2025-11-19,AKI,EQ,7.9,7.95,7.53,7.7,7.89,106418,0.41999999999999993,0.41999999999999993,0.3457142857142856,7.933,8.120000000000001,8.7998,8.120000000000001,8.575938592356621,7.664061407643381,0.1123001459006454,0.40476190476190466,0.3639999999999999,48267.0,False,False,False,57.94
2025-11-19,AKIKO,ST,294.6,294.6,281.0,287.05,294.6,4800,13.600000000000023,13.600000000000023,10.885714285714284,282.47,272.25,252.30200000000002,272.25,300.68487295558043,243.8151270444196,0.20888795559655035,0.4448529411764707,9.575000000000003,20560.0,False,True,False,100.0
2025-11-19,AKSHAR,BE,0.56,0.57,0.55,0.55,0.56,418351,0.019999999999999907,0.019999999999999907,0.01857142857142854,0.5640000000000001,0.5814999999999999,0.5871999999999999,0.5814999999999999,0.6226217703899045,0.5403782296100953,0.14143343212348966,0.0,0.023499999999999986,882880.5,False,False,False,
2025-11-19,AKSHARCHEM,EQ,248.1,254.55,248.1,249.8,251.6,1058,6.450000000000017,6.450000000000017,9.803571428571427,254.045,262.30499999999995,265.75600000000003,262.30499999999995,282.61334557515653,241.99665442484334,0.15484527992342195,0.2635658914728702,10.835,4388.45,False,False,False,64.84
2025-11-19,AKSHOPTFBR,EQ,7.09,7.2,7.0,7.03,7.01,261620,0.20000000000000018,0.20000000000000018,0.24714285714285703,7.220000000000001,7.398999999999999,7.615399999999999,7.398999999999999,7.820468860059678,6.977531139940321,0.1139258981104686,0.1500000000000011,0.2559999999999999,206418.15,False,False,False,66.58
2025-11-19,AKUMS,EQ,430.15,431.8,419.1,424.9,430.3,244302,12.699999999999989,12.699999999999989,16.971428571428564,441.94000000000005,452.985,456.67,452.985,483.57776221592104,422.392237784079,0.13507185542974282,0.4566929133858236,14.302499999999995,172115.5,False,False,False,67.93
2025-11-19,AKZOINDIA,EQ,3430.0,3430.0,3326.5,3371.6,3381.7,35221,103.5,103.5,66.87142857142855,3316.3700000000003,3312.3949999999995,3344.292,3312.3949999999995,3413.7011394980454,3211.0888605019536,0.06116790992502159,0.43574879227053054,66.09,53270.6,False,False,False,28.46
2025-11-19,ALANKIT,EQ,11.28,11.36,10.62,11.01,11.31,490399,0.7400000000000002,0.7400000000000002,0.6428571428571427,11.536999999999999,11.771,12.6204,11.771,12.478867219187405,11.063132780812596,0.12027308116343631,0.5270270270270276,0.6884999999999998,339560.2,False,False,False,68.6
2025-11-19,ALBERTDAVD,EQ,808.95,813.2,792.0,798.1,811.8,8288,21.200000000000045,21.200000000000045,28.214285714285722,841.39,829.86,809.4839999999999,829.86,888.9068085505035,770.8131914494966,0.14230546971899705,0.2877358490566042,23.62500000000001,4600.4,False,False,False,73.75
2025-11-19,ALCODIS,SM,141.4,141.4,123.05,126.5,140.4,2500,18.35000000000001,18.35000000000001,,,,,,,,,0.18801089918256136,,,False,False,False,75.0
2025-11-19,ALEMBICLTD,EQ,100.0,100.0,99.3,99.67,99.96,140292,0.7000000000000028,0.7000000000000028,2.4657142857142875,100.444,100.49350000000001,101.8466,100.49350000000001,102.70675348751612,98.2802465124839,0.04404769437856403,0.5285714285714329,2.298000000000002,286266.9,False,False,True,58.09
2025-11-19,ALICON,EQ,900.0,909.9,881.0,887.6,900.55,10288,28.899999999999977,28.899999999999977,39.03928571428569,899.6450000000001,901.4724999999999,873.7929999999999,901.4724999999999,977.5394407495786,825.4055592504211,0.16876153349010373,0.2283737024221463,38.532499999999985,158251.35,False,False,False,42.74
2025-11-19,ALIVUS,EQ,914.55,928.55,904.15,907.75,923.95,373215,24.399999999999977,24.399999999999977,21.38214285714285,912.4649999999999,914.1899999999999,932.289,914.1899999999999,937.7316354571994,890.6483645428004,0.05150271925354578,0.14754098360655846,19.77249999999999,113278.1,False,False,False,88.97
2025-11-19,ALKALI,EQ,83.79,84.8,83.77,84.3,83.77,5179,1.0300000000000011,1.0300000000000011,2.6799999999999997,86.797,87.905,90.8832,87.905,91.98366890051145,83.82633109948856,0.09279719926082579,0.514563106796117,2.7699999999999987,13635.0,False,False,True,68.08
2025-11-19,ALKEM,EQ,5730.0,5747.5,5659.5,5724.0,5713.0,104658,88.0,88.0,114.42857142857143,5705.9,5614.9,5520.87,5614.9,5811.832628073623,5417.9673719263765,0.07014644181503613,0.7329545454545454,107.75,161121.05,False,True,True,66.78
2025-11-19,ALKYLAMINE,EQ,1755.0,1779.8,1750.0,1771.8,1766.0,25973,29.799999999999955,29.799999999999955,42.30000000000007,1784.56,1838.7149999999997,1920.9460000000001,1838.7149999999997,1953.5873165084015,1723.8426834915979,0.1249484738074164,0.7315436241610734,41.355000000000054,23942.85,False,False,False,64.44
2025-11-19,ALLCARGO,BE,15.11,15.14,15.0,15.14,14.42,1339006,0.14000000000000057,0.7200000000000006,2.7514285714285704,22.057,27.782,30.5044,27.782,46.63128179003114,8.932718209968858,1.3569420336931208,1.0,1.0080000000000002,2942190.7,False,False,False,
2025-11-19,ALLDIGI,EQ,880.2,880.2,865.0,870.0,874.55,5377,15.200000000000045,15.200000000000045,23.607142857142865,883.265,886.39,907.672,886.39,910.6540186284216,862.1259813715784,0.054747952094273585,0.32894736842105166,25.95000000000001,7850.0,False,False,False,82.7
2025-11-19,ALLETEC,SM,222.0,238.75,222.0,230.75,224.05,44800,16.75,16.75,10.064285714285708,242.285,250.175,264.992,250.175,275.70017384857124,224.6498261514288,0.2040585498037071,0.5223880597014925,8.612499999999994,31660.0,False,False,False,62.5
2025-11-19,ALLTIME,EQ,285.55,285.55,279.5,282.85,285.55,74753,6.050000000000011,6.050000000000011,12.59642857142856,289.865,291.45,282.817,291.45,311.3465323611927,271.55346763880726,0.13653479060691526,0.5537190082644655,10.649999999999995,285672.7,False,False,True,56.69
2025-11-19,ALMONDZ,EQ,17.59,17.65,17.09,17.35,17.41,93390,0.5599999999999987,0.5599999999999987,0.9892857142857137,17.818,17.579,18.500799999999998,17.579,18.724371555435038,16.433628444564963,0.13031134369816683,0.46428571428571813,0.8415000000000001,149340.45,False,False,False,72.97
2025-11-19,ALOKINDS,EQ,17.1,17.42,17.01,17.26,17.06,3815186,0.41000000000000014,0.41000000000000014,0.29357142857142904,17.243000000000002,17.338,17.7312,17.338,17.684963975075238,16.991036024924764,0.04002352925080599,0.6097560975609754,0.33600000000000013,3704780.4,False,False,False,47.45
2025-11-19,ALPA,EQ,81.18,81.91,78.15,78.49,81.09,23429,3.759999999999991,3.759999999999991,3.1278571428571422,83.983,86.764,89.9982,86.764,94.21725807952453,79.31074192047546,0.17180531279158479,0.09042553191489096,2.8105,15007.25,False,False,False,68.12
2025-11-19,ALPEXSOLAR,SM,1227.45,1240.0,1202.0,1223.35,1227.45,53000,38.0,38.0,43.80000000000002,1253.0300000000002,1211.9199999999998,1224.089,1211.9199999999998,1308.424613361226,1115.4153866387737,0.15925904904816512,0.5618421052631555,46.82750000000001,57835.0,False,False,False,67.55
2025-11-19,ALPHA,EQ,49.65,50.0,49.48,49.86,49.66,602108,0.5200000000000031,0.5200000000000031,0.5949999999999989,49.472,49.278000000000006,48.9042,49.278000000000006,50.06455196903956,48.49144803096045,0.03192304756847101,0.7307692307692313,0.6279999999999994,1223788.9,False,False,False,63.1
2025-11-19,ALPHAETF,EQ,25.64,25.8,25.56,25.77,25.69,241438,0.240000000000002,0.240000000000002,0.34285714285714314,25.516,25.4895,25.2154,25.4895,25.88570575462759,25.09329424537241,0.031087761990434556,0.8749999999999963,0.3600000000000003,545659.5,False,False,False,71.43
2025-11-19,ALPHAGEO,EQ,241.2,243.55,239.5,241.4,241.2,2383,4.050000000000011,4.050000000000011,9.43785714285714,247.81,251.77400000000003,254.5112,251.77400000000003,266.55522105916884,236.9927789408312,0.11741658041869953,0.4691358024691359,10.462499999999995,19218.05,False,False,False,61.14
2025-11-19,ALPL30IETF,EQ,27.76,27.86,27.66,27.81,27.76,533178,0.1999999999999993,0.1999999999999993,0.3714285714285709,27.707,27.817,27.553800000000003,27.817,28.133550154004006,27.500449845995995,0.022759474709997875,0.7499999999999956,0.3374999999999998,2139168.25,False,False,False,55.64
2025-11-19,ALPSINDUS,EQ,1.81,1.9,1.72,1.78,1.81,30405,0.17999999999999994,0.17999999999999994,0.14642857142857135,1.924,1.918,1.8362,1.918,2.092424768883322,1.7435752311166774,0.1818819279283862,0.33333333333333376,0.13949999999999996,49842.8,False,False,False,59.47
2025-11-19,ALUWIND,SM,83.45,85.0,83.45,85.0,83.0,16500,1.5499999999999972,2.0,2.7357142857142867,84.25999999999999,86.96000000000001,85.20100000000001,86.96000000000001,93.95889991355787,79.96110008644214,0.16096825928145958,1.0,2.2275000000000005,15600.0,False,False,False,90.91
2025-11-19,AMANTA,EQ,120.01,120.2,116.0,117.06,119.65,125887,4.200000000000003,4.200000000000003,3.9285714285714306,120.62,122.338,,122.338,127.3025044062831,117.37349559371688,0.08116046373625713,0.25238095238095276,4.145000000000001,92523.9,False,False,False,88.53
2025-11-19,AMBANIORGO,SM,119.9,119.9,119.9,119.9,126.2,1000,0.0,6.299999999999997,5.725000000000002,135.43,131.905,,131.905,145.88051072412026,117.92948927587976,0.21190266819484097,0.5,2.7125000000000012,3000.0,False,False,True,100.0
2025-11-19,AMBER,EQ,7341.0,7434.5,7320.0,7411.0,7356.0,142274,114.5,114.5,226.5,7370.4,7825.125,8017.58,7825.125,8825.825148645943,6824.424851354057,0.2557659203261144,0.7947598253275109,222.75,266330.15,False,False,True,45.21
2025-11-19,AMBEY,SM,42.8,42.8,42.0,42.0,42.85,18000,0.7999999999999972,0.8500000000000014,2.3321428571428564,40.339999999999996,40.332499999999996,41.361000000000004,40.332499999999996,43.51295201190021,37.15204798809978,0.15771162273105882,0.0,1.7724999999999995,22400.0,False,True,True,88.89
2025-11-19,AMBICAAGAR,EQ,26.89,26.89,25.17,25.46,26.89,16326,1.7199999999999989,1.7199999999999989,1.2471428571428562,25.921,25.6455,25.8812,25.6455,26.83934211686469,24.451657883135308,0.0931034385654162,0.1686046511627903,1.1314999999999993,14495.25,False,True,False,81.69
2025-11-19,AMBIKCO,EQ,1312.1,1315.0,1300.0,1304.4,1315.3,6551,15.0,15.299999999999955,28.29285714285715,1313.5300000000002,1341.1,1409.774,1341.1,1401.2454237660606,1280.9545762339392,0.08969565843868575,0.2933333333333394,33.870000000000026,7113.1,False,False,False,76.08
2025-11-19,AMBUJACEM,EQ,557.4,561.0,554.5,555.3,557.8,847533,6.5,6.5,10.728571428571431,559.795,561.705,567.6569999999999,561.705,571.3347923134469,552.0752076865532,0.034287721538696796,0.12307692307691608,10.265000000000004,1487517.7,False,False,False,63.26
2025-11-19,AMCL,ST,297.5,297.5,297.5,297.5,313.15,5600,0.0,15.649999999999977,13.732142857142852,323.945,312.60249999999996,268.934,312.60249999999996,354.6095050705833,270.59549492941665,0.2687566802606078,0.5,7.909999999999997,14760.0,False,True,True,100.0
2025-11-19,AMDIND,EQ,55.0,56.76,54.5,56.01,55.36,46113,2.259999999999998,2.259999999999998,2.6671428571428573,56.963,57.1785,56.619800000000005,57.1785,60.34788022332456,54.00911977667544,0.11085915941567405,0.6681415929203537,2.7300000000000004,31404.9,False,False,False,45.24
2025-11-19,AMEYA,SM,112.4,112.4,112.4,112.4,112.4,1000,0.0,0.0,2.7821428571428592,103.35,101.465,101.845,101.465,110.06529650651638,92.86470349348363,0.169522426580917,0.5,1.5600000000000023,5200.0,False,False,True,100.0
2025-11-19,AMIABLE,SM,74.0,74.0,60.15,60.15,66.6,3200,13.850000000000001,13.850000000000001,5.710714285714286,66.29499999999999,65.19000000000001,,65.19000000000001,70.47815657861976,59.90184342138026,0.1622382751532366,0.0,3.7599999999999993,3120.0,False,False,False,100.0
2025-11-19,AMJLAND,EQ,56.24,56.24,53.61,54.03,55.03,25673,2.6300000000000026,2.6300000000000026,2.2514285714285727,53.842,54.2365,54.897200000000005,54.2365,56.40869957646652,52.06430042353348,0.0801010233501984,0.1596958174904948,1.963000000000001,35238.75,False,False,False,69.42
2025-11-19,AMNPLST,EQ,197.1,199.95,195.3,196.69,198.2,5734,4.649999999999977,4.649999999999977,8.075714285714284,202.535,210.53249999999997,215.966,210.53249999999997,230.62748432445284,190.4375156755471,0.19089674349046223,0.2989247311827942,11.0435,15546.75,False,False,True,39.62
2025-11-19,AMRUTANJAN,EQ,707.65,715.1,701.05,703.0,705.2,10110,14.050000000000068,14.050000000000068,21.075000000000006,711.6099999999999,717.9325000000001,728.165,717.9325000000001,738.4437962779051,697.4212037220951,0.05713990180944584,0.13879003558719116,18.81250000000001,19081.45,False,False,False,58.42
2025-11-19,ANANDRATHI,EQ,2953.0,2965.5,2916.0,2941.5,2945.6,55567,49.5,49.5,80.52142857142859,3054.6,3100.54,3020.1820000000002,3100.54,3245.81369204367,2955.26630795633,0.09370863916844811,0.5151515151515151,85.54500000000003,189730.5,False,False,False,46.73
2025-11-19,ANANTAM,IV,103.5,104.8,101.5,104.07,102.31,535660,3.299999999999997,3.299999999999997,2.2264285714285728,104.80699999999999,105.23800000000001,,105.23800000000001,107.62801757315717,102.84798242684286,0.045421189554289365,0.7787878787878774,2.0165000000000006,102292.1,False,False,False,97.68
2025-11-19,ANANTRAJ,EQ,621.0,621.0,613.4,617.55,621.25,999938,7.600000000000023,7.850000000000023,16.54285714285715,623.495,627.9825,632.693,627.9825,648.5118759038047,607.4531240961952,0.06538199998823135,0.5460526315789428,16.187500000000007,2563824.55,False,False,True,38.7
2025-11-19,ANDHRAPAP,EQ,69.75,70.99,69.31,70.3,69.7,48940,1.6799999999999926,1.6799999999999926,1.827142857142856,72.36500000000001,75.16499999999999,77.61280000000001,75.16499999999999,81.85143253162714,68.47856746837284,0.1779134579026714,0.5892857142857139,1.6329999999999991,73161.75,False,False,False,66.95
2025-11-19,ANDHRSUGAR,EQ,78.97,80.5,78.28,79.73,78.97,151796,2.219999999999999,2.219999999999999,3.015714285714288,80.588,80.656,78.4762,80.656,83.71955610361525,77.59244389638476,0.07596598154173877,0.6531531531531548,2.656,433011.45,False,False,False,59.55
2025-11-19,ANGELONE,EQ,2794.0,2850.0,2779.0,2813.9,2793.4,714090,71.0,71.0,78.75000000000003,2684.57,2599.86,2397.642,2599.86,2838.0841079320107,2361.6358920679895,0.18325918159594023,0.4915492957746492,69.88000000000007,815405.7,False,True,False,27.23
2025-11-19,ANIKINDS,EQ,74.4,74.4,69.62,70.22,73.55,28940,4.780000000000001,4.780000000000001,4.088571428571428,73.65599999999999,75.40599999999999,72.247,75.40599999999999,80.58732183906758,70.2246781609324,0.13742465689912192,0.12552301255230003,4.596499999999999,29958.3,False,False,False,54.17
2025-11-19,ANKITMETAL,BZ,1.79,1.8,1.72,1.78,1.78,2816,0.08000000000000007,0.08000000000000007,0.1121428571428572,1.7,1.763,1.872,1.763,1.9299850292690945,1.5960149707309053,0.18943281822926222,0.75,0.11200000000000002,37205.1,False,False,False,
2025-11-19,ANLON,SM,400.0,419.25,396.45,399.5,395.0,46800,22.80000000000001,24.25,18.442857142857132,400.34000000000003,396.7125,428.49699999999996,396.7125,418.1860389491344,375.23896105086556,0.10825743554404978,0.13377192982456185,17.047499999999992,12960.0,False,False,False,74.36
2025-11-19,ANMOL,EQ,15.01,15.25,14.91,14.94,15.01,32043,0.33999999999999986,0.33999999999999986,0.6464285714285712,15.557999999999998,15.301499999999999,15.59,15.301499999999999,16.04188571028888,14.561114289711115,0.0967729582444705,0.08823529411764522,0.5204999999999999,40930.3,False,False,True,84.1
2025-11-19,ANNAPURNA,SM,241.95,244.0,238.0,239.45,240.2,26000,6.0,6.0,10.978571428571428,245.73500000000004,250.64500000000004,253.243,250.64500000000004,273.40267782529594,227.88732217470414,0.1815929128871184,0.24166666666666478,14.102499999999997,168687.5,False,False,False,78.85
2025-11-19,ANONDITA,ST,647.4,647.4,647.4,647.4,660.6,4000,0.0,13.200000000000045,28.14642857142857,629.86,564.65,456.797,564.65,717.1723819640912,412.12761803590877,0.5402368970657618,0.5,16.679999999999996,41700.0,False,False,True,100.0
2025-11-19,ANSALAPI,BZ,3.7,3.72,3.57,3.6,3.65,30413,0.15000000000000036,0.15000000000000036,0.13428571428571454,3.8870000000000005,4.104,4.5026,4.104,4.627847305996697,3.5801526940033024,0.25528621149936526,0.20000000000000118,0.1320000000000002,79216.25,False,False,False,
2025-11-19,ANTELOPUS,EQ,515.45,516.75,476.8,508.25,514.95,225628,39.94999999999999,39.94999999999999,25.50714285714286,538.415,538.2700000000001,,538.2700000000001,581.8431270394954,494.6968729605049,0.16190063365781196,0.7872340425531914,23.205000000000005,40004.25,False,False,False,38.32
2025-11-19,ANTGRAPHIC,EQ,1.01,1.04,1.01,1.01,1.01,170649,0.030000000000000027,0.030000000000000027,0.04571428571428575,1.028,1.0430000000000001,1.0662,1.0430000000000001,1.087317039612323,0.9986829603876772,0.08497994173024527,0.0,0.04150000000000003,181074.85,False,False,False,59.3
2025-11-19,ANTHEM,EQ,659.0,659.2,640.05,642.85,659.55,504703,19.15000000000009,19.5,21.04285714285715,681.595,703.9925000000001,764.0559999999999,703.9925000000001,759.9494144521054,648.0355855478947,0.15897020054078803,0.14621409921671305,22.00000000000002,526695.7,False,False,False,51.59
2025-11-19,ANUHPHR,EQ,81.0,81.4,79.15,80.24,80.88,31918,2.25,2.25,2.743571428571426,82.40299999999999,84.213,84.2492,84.213,92.02414357824546,76.40185642175453,0.18550921065026693,0.4844444444444396,2.9284999999999988,83641.05,False,False,False,70.39
2025-11-19,ANUP,EQ,2411.6,2426.4,2382.5,2397.1,2435.2,13399,43.90000000000009,52.69999999999982,61.62142857142862,2401.6600000000003,2363.3100000000004,2355.808,2363.3100000000004,2473.5841111957025,2253.0358888042983,0.09332174889938437,0.3325740318906578,59.01000000000008,19378.7,False,False,True,50.6
2025-11-19,ANURAS,EQ,1108.0,1125.2,1097.5,1117.9,1106.8,676524,27.700000000000045,27.700000000000045,22.71428571428573,1082.99,1085.475,1091.646,1085.475,1112.2572982583579,1058.692701741642,0.0493466883315746,0.7364620938628179,28.86500000000002,288625.05,False,False,False,71.15
2025-11-19,ANYA,SM,22.25,23.1,21.85,22.05,22.95,50000,1.25,1.25,0.585714285714286,22.77,23.1425,23.628,23.1425,24.302790911797565,21.98220908820243,0.1002736015380851,0.15999999999999942,0.4325000000000001,37250.0,False,False,False,60.0
2025-11-19,AONEGOLD,EQ,11.42,11.6,11.42,11.52,11.37,258124,0.17999999999999972,0.23000000000000043,0.43071428571428594,11.523,11.51,,11.51,12.099134959071364,10.920865040928636,0.10236923702369491,0.5555555555555545,0.45450000000000024,721596.85,False,False,True,69.42
2025-11-19,AONELIQUID,EQ,1034.9,1034.9,1034.88,1034.88,1034.75,9847,0.01999999999998181,0.15000000000009095,0.9357142857142792,1033.993,1032.718,1029.3228,1032.718,1035.5623811277683,1029.8736188722319,0.0055085340388532035,0.0,3.6505000000000054,29731.5,False,False,True,84.05
2025-11-19,AONENIFTY,EQ,10.67,10.71,10.59,10.66,10.62,137016,0.120000000000001,0.120000000000001,0.24428571428571466,10.561,10.571499999999999,10.375399999999999,10.571499999999999,10.691212154771318,10.45178784522868,0.022648092469624775,0.5833333333333308,0.2620000000000003,270358.95,False,False,False,74.53
2025-11-19,AONETOTAL,EQ,12.1,12.11,11.9,12.08,12.06,339480,0.20999999999999908,0.20999999999999908,0.3814285714285714,12.024,12.0245,11.841399999999998,12.0245,12.13842541419721,11.91057458580279,0.01894888173266413,0.8571428571428595,0.3585000000000001,423027.85,False,False,False,37.65
2025-11-19,APARINDS,EQ,9240.0,9433.0,9240.0,9335.0,9317.0,41507,193.0,193.0,345.64285714285717,8836.15,8853.025,8620.35,8853.025,9551.46279071582,8154.58720928418,0.15778511654848362,0.49222797927461137,306.9,130964.75,False,False,True,42.47
2025-11-19,APCL,EQ,128.0,128.0,123.11,125.63,125.62,2835,4.890000000000001,4.890000000000001,4.971428571428573,124.309,124.897,130.9472,124.897,128.6041557830779,121.1898442169221,0.05936340797741993,0.5153374233128826,5.290000000000003,5571.9,False,False,False,52.2
2025-11-19,APCOTEXIND,EQ,396.0,400.8,393.45,395.75,398.95,12314,7.350000000000023,7.350000000000023,12.435714285714287,395.27,375.4875,384.96899999999994,375.4875,420.0000810866996,330.9749189133004,0.2370922125860359,0.3129251700680278,11.082499999999996,34846.6,False,False,False,64.3
2025-11-19,APEX,EQ,293.0,305.99,284.31,288.19,292.13,1656956,21.680000000000007,21.680000000000007,15.857857142857137,270.307,254.33050000000003,240.5018,254.33050000000003,299.6534727511335,209.00752724886655,0.3564100471719552,0.17896678966789642,13.085999999999995,503931.05,True,True,False,24.92
2025-11-19,APEXECO,SM,143.0,146.0,140.05,143.7,140.45,24000,5.949999999999989,5.949999999999989,7.917857142857142,130.64000000000001,129.9675,134.53599999999997,129.9675,140.3188900032795,119.6161099967205,0.15929197689083047,0.6134453781512579,6.894999999999999,20080.0,False,False,False,86.67
2025-11-19,APLAPOLLO,EQ,1754.0,1770.6,1717.0,1720.9,1763.8,541702,53.59999999999991,53.59999999999991,38.12857142857141,1774.25,1771.5350000000003,1731.1,1771.5350000000003,1812.3030401785559,1730.7669598214447,0.04602566720787967,0.07276119402985257,35.18499999999999,556710.1,False,False,False,63.03
2025-11-19,APLLTD,EQ,911.1,918.95,901.4,906.25,913.55,63911,17.550000000000068,17.550000000000068,27.767857142857135,922.4949999999999,919.6575,929.209,919.6575,952.1119030140734,887.2030969859267,0.07057932548600618,0.27635327635327656,24.607499999999998,167574.75,False,False,False,53.22
2025-11-19,APOLLO,EQ,274.7,283.0,270.5,279.4,274.0,3051016,12.5,12.5,11.31071428571428,276.085,281.37,305.133,281.37,298.068664617268,264.671335382732,0.11869541612302648,0.7119999999999982,11.697499999999996,3602788.95,False,False,False,31.26
2025-11-19,APOLLOHOSP,EQ,7419.0,7482.0,7332.0,7459.0,7385.5,454714,150.0,150.0,109.39285714285714,7531.4,7704.95,7714.92,7704.95,8126.35383244579,7283.546167554209,0.10938522182383809,0.8466666666666667,114.875,341335.15,False,False,False,61.41
2025-11-19,APOLLOPIPE,EQ,301.4,302.2,297.2,300.05,301.6,100961,5.0,5.0,8.97499999999999,299.45,308.825,344.445,308.825,333.55183764657414,284.09816235342583,0.1601349479256806,0.5700000000000045,9.939999999999992,163293.1,False,False,True,67.42
2025-11-19,APOLLOTYRE,EQ,524.05,528.25,515.55,522.65,522.8,912099,12.700000000000045,12.700000000000045,15.821428571428587,521.795,513.1200000000001,494.352,513.1200000000001,536.2586775767353,489.98132242326494,0.0901881726564358,0.559055118110236,15.90000000000001,1304464.1,False,True,False,49.91
2025-11-19,APOLSINHOT,EQ,1323.8,1325.1,1285.8,1290.0,1300.9,662,39.299999999999955,39.299999999999955,39.878571428571455,1303.9,1317.44,1347.83,1317.44,1360.4184783350977,1274.4615216649024,0.06524544318541661,0.10687022900763486,37.960000000000036,981.45,False,False,False,61.63
2025-11-19,APRAMEYA,SM,331.6,347.95,331.6,345.0,331.6,25500,16.349999999999966,16.349999999999966,16.01071428571428,301.46999999999997,285.475,273.811,285.475,334.8419373163867,236.10806268361333,0.3458582174718394,0.8195718654434254,12.904999999999996,22200.0,False,True,False,68.63
2025-11-19,APS,SM,452.0,457.85,450.1,454.25,455.4,23250,7.75,7.75,16.542857142857134,464.70500000000004,485.15,479.944,485.15,536.4852218267342,433.81477817326567,0.21162618500148114,0.535483870967739,17.20499999999999,45300.0,False,False,False,74.19
2025-11-19,APTECHT,EQ,103.5,105.5,103.5,104.84,103.73,101280,2.0,2.0,3.823571428571429,105.348,108.343,118.0072,108.343,116.04959483818925,100.63640516181076,0.1422629027844761,0.6700000000000017,3.690500000000001,190687.4,False,False,False,47.49
2025-11-19,APTUS,EQ,289.8,289.8,286.35,288.25,288.6,916893,3.4499999999999886,3.4499999999999886,7.3785714285714255,289.61,301.915,315.341,301.915,327.3788194307125,276.45118056928754,0.16868204250012403,0.5507246376811546,8.157500000000004,1267417.3,False,False,True,68.95
2025-11-19,ARABIAN,SM,75.05,75.9,74.95,75.0,77.0,42000,0.9500000000000028,2.049999999999997,2.6214285714285728,73.375,73.07000000000001,74.786,73.07000000000001,78.54205628626018,67.59794371373984,0.1497757297457279,0.052631578947365275,1.682500000000001,12800.0,False,False,False,100.0
2025-11-19,ARCHIDPLY,EQ,92.4,96.73,92.4,92.88,94.04,57021,4.329999999999998,4.329999999999998,3.5457142857142876,95.995,98.55449999999999,101.4602,98.55449999999999,104.3588138268013,92.75018617319868,0.1177889153067857,0.11085450346420092,3.4710000000000014,17926.5,False,False,False,42.72
2025-11-19,ARCHIES,EQ,19.43,19.58,19.0,19.05,19.42,19456,0.5799999999999983,0.5799999999999983,0.6707142857142853,19.698,19.8765,19.849800000000002,19.8765,20.519999028748373,19.233000971251627,0.06474973247285717,0.08620689655172561,0.7804999999999996,22086.8,False,False,False,78.89
2025-11-19,ARCIIL,SM,92.0,92.0,87.7,87.85,91.85,20000,4.299999999999997,4.299999999999997,4.635714285714286,99.07,102.7625,105.13600000000001,102.7625,115.18618202265343,90.33881797734658,0.24179407902013716,0.0348837209302306,2.8449999999999998,13700.0,False,False,False,95.0
2025-11-19,ARE&M,EQ,956.1,962.4,950.0,960.1,956.1,178153,12.399999999999977,12.399999999999977,16.29642857142857,968.2,984.78,999.9959999999999,984.78,1023.3267171105402,946.2332828894597,0.07828493086890528,0.8145161290322613,14.539999999999997,333745.4,False,False,False,66.06
2025-11-19,ARENTERP,EQ,46.11,50.68,46.11,49.37,47.98,6423,4.57,4.57,2.8957142857142855,46.221999999999994,46.1665,46.096599999999995,46.1665,48.264167990888886,44.06883200911111,0.09087403164151005,0.7133479212253825,2.9010000000000002,2866.6,False,False,False,63.12
2025-11-19,ARFIN,BE,56.17,58.05,55.75,57.15,57.32,292917,2.299999999999997,2.299999999999997,1.4221428571428574,56.91799999999999,54.9895,49.5602,54.9895,59.783377240814936,50.19562275918506,0.1743560949204825,0.6086956521739132,1.3800000000000003,195643.55,False,False,False,
2025-11-19,ARHAM,ST,142.5,144.0,137.5,144.0,137.2,19000,6.5,6.800000000000011,7.946428571428574,128.265,118.67249999999999,108.264,118.67249999999999,146.88394227082338,90.46105772917659,0.47545037427918685,1.0,7.025,48750.0,False,True,False,94.74
2025-11-19,ARIES,EQ,355.9,359.45,351.4,355.15,355.7,32166,8.050000000000011,8.050000000000011,14.678571428571413,367.25,376.6725,390.358,376.6725,406.8280048871675,346.51699511283255,0.16011524540372588,0.4658385093167695,14.924999999999988,63903.7,False,False,True,56.41
2025-11-19,ARIHANTACA,ST,496.1,496.1,496.0,496.0,494.65,800,0.10000000000002274,1.4500000000000455,19.039285714285718,508.975,501.4200000000001,442.574,501.4200000000001,538.2257658526515,464.61423414734867,0.1468061339900739,0.0,14.505,3240.0,False,True,False,100.0
2025-11-19,ARIHANTCAP,EQ,100.35,100.35,97.01,97.84,99.95,911459,3.339999999999989,3.339999999999989,3.5521428571428566,99.756,101.987,106.88199999999999,101.987,109.69747884375516,94.27652115624483,0.15120513092365045,0.24850299401197634,5.522,8865934.6,False,False,False,50.18
2025-11-19,ARIHANTSUP,EQ,376.0,380.0,372.8,377.5,376.85,157935,7.199999999999989,7.199999999999989,11.571428571428571,392.53000000000003,406.06,406.14,406.06,442.209392802646,369.910607197354,0.17804951387797857,0.6527777777777772,10.76,36226.35,False,False,False,68.64
2025-11-19,ARISINFRA,EQ,156.0,156.56,151.32,152.7,157.49,504908,5.240000000000009,6.170000000000016,5.9164285714285745,157.86200000000002,162.95250000000001,160.8994,162.95250000000001,177.37429999167932,148.5307000083207,0.17700618268120227,0.26335877862595286,5.834000000000003,722177.9,False,False,False,41.18
2025-11-19,ARISTO,SM,130.0,130.0,127.0,127.0,127.0,1600,3.0,3.0,4.100000000000003,129.715,130.17249999999999,127.028,130.17249999999999,136.05845574227334,124.28654425772663,0.09043316740898967,0.0,1.4950000000000003,3920.0,False,False,False,100.0
2025-11-19,ARKADE,EQ,167.5,170.03,165.77,167.12,167.08,393640,4.259999999999991,4.259999999999991,3.808571428571424,167.123,167.7605,171.87600000000003,167.7605,172.33944955202844,163.18155044797157,0.05458912618916173,0.3169014084507036,3.667999999999998,387558.35,False,False,False,28.34
2025-11-19,ARMANFIN,EQ,1739.8,1739.8,1692.0,1719.4,1723.9,21831,47.799999999999955,47.799999999999955,55.907142857142844,1668.9599999999998,1664.45,1565.5720000000001,1664.45,1742.3131491785393,1586.5868508214608,0.09356021409899881,0.5732217573221782,56.9,32631.95,False,True,False,59.69
2025-11-19,AROGRANITE,EQ,34.0,34.79,33.3,33.49,33.85,2324,1.490000000000002,1.490000000000002,1.7585714285714293,34.090999999999994,35.062,36.532599999999995,35.062,37.84325583145449,32.2807441685455,0.1586478712825563,0.127516778523493,1.843000000000001,52609.3,False,False,False,83.18
2025-11-19,ARROWGREEN,EQ,573.45,576.35,560.85,565.3,572.9,15390,15.5,15.5,24.000000000000025,573.2149999999999,586.33,569.8340000000001,586.33,646.0040429332518,526.6559570667483,0.20355104781693487,0.287096774193544,27.575000000000024,148813.15,False,False,False,50.34
2025-11-19,ARSHIYA,BZ,1.47,1.5,1.45,1.48,1.53,1458879,0.050000000000000044,0.08000000000000007,0.09500000000000007,1.6830000000000003,1.7080000000000002,1.8279999999999998,1.7080000000000002,1.8897250670656154,1.526274932934385,0.21279281857800372,0.6,0.08800000000000005,229440.95,False,False,True,
2025-11-19,ARSSBL,EQ,774.7,774.7,690.9,700.5,773.95,3100269,83.80000000000007,83.80000000000007,36.425000000000004,659.15,585.8199999999999,,585.8199999999999,772.8514743565908,398.7885256434091,0.6385288121149528,0.11455847255369946,32.36000000000001,1818514.4,False,False,False,30.93
2025-11-19,ARTEMISMED,EQ,284.59,288.3,282.21,287.52,282.5,334807,6.090000000000032,6.090000000000032,9.634999999999996,263.731,254.6485,244.35280000000003,254.6485,283.2962386716646,226.00076132833544,0.2249982911477159,0.8719211822660057,8.178,389845.05,False,True,False,48.99
2025-11-19,ARTNIRMAN,EQ,50.1,51.98,50.04,50.89,50.04,1224,1.9399999999999977,1.9399999999999977,3.2964285714285713,52.622,54.57099999999999,51.425200000000004,54.57099999999999,62.105438001602955,47.036561998397026,0.27613340424778604,0.43814432989690844,3.6814999999999998,11553.95,False,False,False,60.87
2025-11-19,ARUNAYA,SM,20.05,20.05,20.05,20.05,20.05,8000,0.0,0.0,0.6571428571428571,20.735000000000003,21.195,22.311,21.195,22.54514814002018,19.84485185997982,0.12740251380232895,0.5,0.4574999999999999,11800.0,False,False,True,100.0
2025-11-19,ARVEE,EQ,165.2,165.8,165.2,165.75,166.03,20,0.6000000000000227,0.8300000000000125,7.779999999999999,163.55599999999998,162.88150000000002,163.3338,162.88150000000002,167.96701777108348,157.79598222891656,0.06244438774303354,0.9166666666666509,7.785499999999999,457.5,False,False,True,50.0
2025-11-19,ARVIND,EQ,352.5,358.0,345.2,356.95,346.35,1257929,12.800000000000011,12.800000000000011,11.228571428571412,333.435,325.9175,313.985,325.9175,352.26392812602853,299.5710718739715,0.16167544317827987,0.9179687499999992,10.792499999999986,477884.05,True,True,False,37.61
2025-11-19,ARVINDFASN,EQ,497.0,511.45,497.0,503.95,501.6,129552,14.449999999999989,14.449999999999989,16.399999999999995,509.25999999999993,510.0224999999999,526.262,510.0224999999999,532.6536394984875,487.3913605015124,0.08874565141140844,0.4809688581314875,14.952499999999986,178136.5,False,False,False,53.26
2025-11-19,ARVINDPORT,SM,46.2,46.2,46.2,46.2,48.6,21000,0.0,2.3999999999999986,3.7321428571428554,55.1,56.02,51.772,56.02,69.49784849299027,42.54215150700974,0.48117988193467565,0.5,2.152499999999999,53100.0,False,False,True,100.0
2025-11-19,ARVSMART,EQ,580.0,597.2,578.0,591.0,582.35,37283,19.200000000000045,19.200000000000045,15.875,605.515,617.1175,625.175,617.1175,646.2086889581709,588.026311041829,0.0942808750624345,0.6770833333333317,14.162500000000012,43330.7,False,False,False,65.33
2025-11-19,ASAHIINDIA,EQ,997.0,998.9,983.65,987.4,1001.5,54856,15.25,17.850000000000023,29.80714285714287,968.9150000000002,953.475,909.5139999999999,953.475,999.8382127877289,907.1117872122711,0.09725102973382398,0.2459016393442623,26.202500000000004,183980.05,False,True,False,46.01
2025-11-19,ASAHISONG,EQ,260.7,260.7,257.0,257.1,258.65,4528,3.6999999999999886,3.6999999999999886,10.457142857142856,263.63,271.4725,278.596,271.4725,291.435602839989,251.5093971600111,0.14707274467939796,0.027027027027033256,10.849999999999994,12472.25,False,False,True,86.17
2025-11-19,ASAL,EQ,516.55,529.8,513.0,514.7,515.55,50038,16.799999999999955,16.799999999999955,21.2892857142857,523.55,530.2925,533.889,530.2925,553.7733704055025,506.81162959449756,0.08855818404183535,0.10119047619047918,18.91999999999999,48851.55,False,False,False,14.13
2025-11-19,ASALCBR,EQ,968.0,974.0,951.1,961.1,958.2,48619,22.899999999999977,22.899999999999977,62.325000000000024,1027.28,1054.3625,1020.659,1054.3625,1215.8372902150682,892.8877097849318,0.3062984319246335,0.436681222707424,47.45250000000002,286104.05,False,False,False,42.21
2025-11-19,ASHALOG,SM,70.5,72.95,70.0,70.25,70.5,8000,2.950000000000003,2.950000000000003,2.625000000000002,69.65,69.87750000000001,72.948,69.87750000000001,73.62722999027974,66.12777000972028,0.10732295775549301,0.08474576271186432,1.6950000000000016,5450.0,False,False,False,62.5
2025-11-19,ASHAPURMIN,EQ,717.75,717.75,691.1,694.25,710.55,350385,26.649999999999977,26.649999999999977,28.853571428571424,667.955,659.0799999999999,646.1220000000001,659.0799999999999,713.1689766958089,604.991023304191,0.1641347839285335,0.11819887429643453,28.224999999999994,754766.9,False,True,False,46.69
2025-11-19,ASHIANA,EQ,288.0,299.75,288.0,295.85,291.85,66811,11.75,11.75,9.967857142857136,287.115,286.55499999999995,296.85,286.55499999999995,300.2427280802912,272.8672719197087,0.09553299073679584,0.6680851063829807,10.117499999999987,50194.45,False,False,False,70.0
2025-11-19,ASHIMASYN,EQ,19.75,19.84,19.05,19.14,19.29,49125,0.7899999999999991,0.7899999999999991,0.8785714285714287,19.994,21.0245,22.29,21.0245,23.24988513520698,18.79911486479302,0.2116944645729488,0.11392405063291133,0.9784999999999998,79915.05,False,False,False,68.03
2025-11-19,ASHOKA,EQ,185.75,185.89,180.2,181.41,185.96,823026,5.689999999999998,5.760000000000019,6.635714285714291,196.06300000000002,194.76,191.5512,194.76,207.42614542787157,182.0938545721284,0.13006926912991973,0.2126537785588767,5.450500000000003,888301.1,False,False,False,53.65
2025-11-19,ASHOKAMET,EQ,16.1,16.85,16.01,16.14,16.53,33224,0.8399999999999999,0.8399999999999999,0.422857142857143,16.634999999999998,16.752000000000002,16.905600000000003,16.752000000000002,17.164969732547053,16.33903026745295,0.04930393177495832,0.1547619047619036,0.46550000000000014,21143.3,False,False,False,77.42
2025-11-19,ASHOKLEY,EQ,147.15,147.65,144.9,145.46,147.23,5986604,2.75,2.75,3.6014285714285683,145.233,141.7905,139.3328,141.7905,150.72527358414976,132.85572641585026,0.12602781687277712,0.20363636363636448,2.9059999999999975,13142370.45,False,True,False,46.67
2025-11-19,ASIANENE,EQ,327.0,327.0,312.5,314.75,324.05,87598,14.5,14.5,12.003571428571414,328.15999999999997,334.88,342.035,334.88,354.1423311154192,315.6176688845808,0.11504020016375546,0.15517241379310345,11.647499999999985,124486.7,False,False,False,62.44
2025-11-19,ASIANHOTNR,EQ,326.6,335.0,322.0,329.95,330.65,9580,13.0,13.0,14.75357142857143,325.53000000000003,329.305,329.952,329.305,343.09078615821363,315.5192138417864,0.08372655233424105,0.6115384615384607,14.270000000000001,8851.7,False,False,False,17.0
2025-11-19,ASIANPAINT,EQ,2914.0,2916.0,2887.2,2893.7,2906.0,1387906,28.800000000000182,28.800000000000182,64.45714285714287,2764.04,2638.695,2515.028,2638.695,2963.81760133679,2313.57239866321,0.24642681426749966,0.22569444444444303,52.50999999999999,1624036.2,False,True,True,68.52
2025-11-19,ASIANTILES,EQ,69.14,69.27,66.5,67.18,68.96,644836,2.769999999999996,2.769999999999996,2.324285714285712,67.825,65.5375,61.7448,65.5375,70.45683684555136,60.618163154448624,0.1501228104688574,0.24548736462094145,2.216999999999999,1352268.55,False,True,False,58.98
2025-11-19,ASKAUTOLTD,EQ,484.0,484.0,471.55,474.35,479.6,135506,12.449999999999989,12.449999999999989,15.93571428571428,468.07000000000005,481.29749999999996,504.59,481.29749999999996,512.2133773933382,450.38162260666167,0.12846888834177725,0.22489959839357543,15.209999999999997,240825.2,False,False,False,41.96
2025-11-19,ASLIND,ST,81.7,85.0,81.7,85.0,83.35,48000,3.299999999999997,3.299999999999997,1.789285714285715,82.84,76.2675,61.446,76.2675,91.17529242543989,61.359707574560105,0.39093434098246027,1.0,0.3574999999999996,8900.0,False,True,False,100.0
2025-11-19,ASMS,BE,12.47,12.7,12.36,12.43,12.47,112797,0.33999999999999986,0.33999999999999986,0.4621428571428572,12.829999999999998,13.2745,14.0396,13.2745,14.303780816881389,12.24521918311861,0.15507639713456464,0.2058823529411774,0.48850000000000005,112067.85,False,False,False,
2025-11-19,ASPINWALL,EQ,263.0,263.05,247.45,252.35,264.55,4757,15.600000000000023,17.100000000000023,9.471428571428572,256.98,259.485,264.50499999999994,259.485,269.2080705026753,249.76192949732473,0.07494129142474736,0.314102564102564,8.424999999999999,2366.3,False,True,False,58.12
2025-11-19,ASPIRE,SM,16.85,18.45,16.85,18.45,17.6,32000,1.5999999999999979,1.5999999999999979,0.7857142857142855,17.97,18.979999999999997,21.441000000000003,18.979999999999997,21.451720048872758,16.508279951127236,0.26045522116678205,1.0,0.45249999999999985,12600.0,False,False,False,87.5
2025-11-19,ASTEC,EQ,658.0,658.0,615.1,625.35,649.35,44507,42.89999999999998,42.89999999999998,24.09642857142857,632.835,657.8125,750.487,657.8125,720.4570757827443,595.1679242172557,0.19046331829432933,0.23892773892773905,30.1675,229300.75,False,False,False,45.03
2025-11-19,ASTERDM,EQ,680.6,686.2,656.75,662.6,681.05,1130966,29.450000000000045,29.450000000000045,17.26428571428571,679.0550000000001,691.7025,666.6460000000001,691.7025,724.271787296466,659.133212703534,0.09417137366560327,0.1986417657045845,16.767500000000002,692464.85,False,False,False,59.75
2025-11-19,ASTRAL,EQ,1451.0,1457.5,1436.4,1448.2,1449.8,931531,21.09999999999991,21.09999999999991,36.92857142857141,1517.1,1483.005,1449.1979999999999,1483.005,1584.0793582715196,1381.9306417284806,0.13631020565880692,0.5592417061611377,31.939999999999976,883551.8,False,True,True,59.27
2025-11-19,ASTRAMICRO,EQ,996.0,1004.8,966.7,971.4,996.8,559651,38.09999999999991,38.09999999999991,26.76428571428576,1023.1200000000001,1047.0125,1063.088,1047.0125,1116.0667893309324,977.9582106690677,0.13190728731687978,0.12335958005249194,30.875000000000018,292280.2,False,False,False,69.08
2025-11-19,ASTRAZEN,EQ,9035.0,9189.5,8919.5,9118.5,9037.5,10032,270.0,270.0,271.82142857142856,9193.45,9268.225,9158.83,9268.225,9562.220318840324,8974.229681159677,0.06344155840850288,0.737037037037037,237.7,11664.75,False,False,False,37.36
2025-11-19,ASTRON,EQ,7.43,7.8,7.4,7.79,7.43,177237,0.39999999999999947,0.39999999999999947,0.6071428571428569,8.48,9.461500000000001,12.267199999999997,9.461500000000001,11.769367197219056,7.153632802780946,0.48784382967162815,0.9750000000000005,0.5999999999999999,129685.0,False,False,True,85.23
2025-11-19,ATALREAL,EQ,22.42,23.65,22.3,23.14,22.53,6351859,1.3499999999999979,1.3499999999999979,1.2814285714285707,24.345,24.3705,22.406599999999997,24.3705,25.671476171957007,23.069523828042993,0.10676647356082208,0.6222222222222231,1.1069999999999995,4225873.45,False,False,False,36.81
2025-11-19,ATAM,EQ,88.05,89.45,87.04,88.11,88.64,21486,2.4099999999999966,2.4099999999999966,5.477857142857142,92.85499999999999,92.56500000000001,91.0474,92.56500000000001,101.42244997163414,83.70755002836589,0.19137795001640195,0.44398340248962437,4.4795,45714.7,False,False,False,47.29
2025-11-19,ATCENERGY,SM,39.7,42.8,39.7,42.0,39.7,78000,3.0999999999999943,3.0999999999999943,2.8071428571428574,46.265,50.695,53.922000000000004,50.695,61.55441526970916,39.83558473029084,0.42842155122632053,0.7419354838709682,2.8350000000000004,69480.0,False,False,False,40.0
2025-11-19,ATGL,EQ,614.75,616.95,608.6,610.5,612.8,379035,8.350000000000023,8.350000000000023,14.978571428571431,617.975,621.7025,627.124,621.7025,636.2664443489728,607.1385556510272,0.04685181207723234,0.22754491017963738,13.112500000000006,1017452.75,False,False,False,42.86
2025-11-19,ATHERENERG,EQ,676.4,688.0,665.35,685.0,668.45,5093797,22.649999999999977,22.649999999999977,40.04642857142856,650.57,685.145,621.1569999999999,685.145,765.2584501815993,605.0315498184007,0.2338583808729519,0.8675496688741721,42.894999999999996,5789948.7,False,False,False,36.18
2025-11-19,ATL,EQ,30.68,31.0,30.0,30.56,30.53,258910,1.0,1.0,1.8300000000000007,32.537,33.4245,33.3038,33.4245,36.672880981350495,30.176119018649512,0.1943712535026996,0.5599999999999987,1.6095,496870.25,False,False,True,41.91
2025-11-19,ATLANTAA,BE,41.2,45.53,41.2,45.53,43.37,317103,4.329999999999998,4.329999999999998,2.475714285714285,45.925,46.5865,46.1584,46.5865,51.48068951410724,41.69231048589276,0.21011192144107152,1.0,2.1579999999999986,123837.35,False,False,False,
2025-11-19,ATLANTAELE,EQ,958.75,969.65,910.0,923.3,955.4,208058,59.64999999999998,59.64999999999998,54.9107142857143,976.325,990.1425000000002,,990.1425000000002,1050.113078411418,930.1719215885823,0.12113524752531643,0.22296730930427425,53.17750000000002,311156.9,False,False,False,34.21
2025-11-19,ATLASCYCLE,EQ,104.0,104.0,98.11,100.25,100.19,5633,5.890000000000001,5.890000000000001,5.076428571428572,105.761,110.15599999999999,116.56060000000001,110.15599999999999,121.0922944364165,99.21970556358349,0.19856012266996811,0.36332767402376914,4.87,5047.45,False,False,False,59.01
2025-11-19,ATMASTCO,SM,194.5,194.5,187.15,187.6,190.55,20400,7.349999999999994,7.349999999999994,7.446428571428568,198.035,198.1625,205.74099999999999,198.1625,208.74904216446527,187.57595783553472,0.1068470791846618,0.06122448979591687,6.4649999999999945,24260.0,False,False,False,49.02
2025-11-19,ATUL,EQ,6146.0,6175.0,6053.5,6139.5,6146.0,26340,121.5,121.5,109.67857142857143,5909.45,5903.125,6081.07,5903.125,6125.871464618364,5680.378535381636,0.07546730405280741,0.7078189300411523,126.45,59664.75,False,False,False,42.07
2025-11-19,ATULAUTO,EQ,459.5,465.75,459.5,461.55,462.7,63992,6.25,6.25,16.75714285714286,467.84000000000003,478.8125,494.12299999999993,478.8125,507.20492636690255,450.42007363309745,0.11859517605284972,0.32800000000000185,15.084999999999997,300315.7,False,False,True,41.26
2025-11-19,AUBANK,EQ,924.75,928.0,910.8,925.65,920.15,3061415,17.200000000000045,17.200000000000045,17.207142857142856,898.3149999999999,880.7950000000001,793.1979999999999,880.7950000000001,935.8736701001407,825.7163298998595,0.12506581009233836,0.8633720930232549,18.887500000000006,3257625.1,False,True,False,74.49
2025-11-19,AURIGROW,EQ,0.52,0.53,0.5,0.52,0.51,6003469,0.030000000000000027,0.030000000000000027,0.02285714285714283,0.533,0.55,,0.55,0.5951663591625448,0.5048336408374553,0.16424130604561724,0.6666666666666666,0.022999999999999975,5044087.5,False,False,False,35.24
2025-11-19,AURIONPRO,EQ,1093.1,1174.2,1082.2,1134.5,1086.5,872286,92.0,92.0,42.55714285714282,1123.3200000000002,1150.3349999999998,1176.402,1150.3349999999998,1224.629529408276,1076.0404705917235,0.12917024937653168,0.5684782608695648,41.23499999999998,206801.4,False,False,False,26.93
2025-11-19,AUROIMPEX,SM,40.0,40.0,40.0,40.0,40.05,4800,0.0,0.04999999999999716,2.575,45.755,46.1875,47.09400000000001,46.1875,51.52237347553809,40.85262652446191,0.23100940624792807,0.5,1.6250000000000004,12320.0,False,False,True,100.0
2025-11-19,AUROPHARMA,EQ,1233.9,1244.3,1228.7,1235.8,1239.3,744634,15.599999999999909,15.599999999999909,28.592857142857138,1194.1,1148.66,1115.384,1148.66,1255.4277366998106,1041.8922633001896,0.18589963383387684,0.45512820512820196,25.67500000000001,1398677.8,False,True,True,59.41
2025-11-19,AURUM,EQ,164.79,168.3,158.81,166.32,161.78,63047,9.490000000000009,9.490000000000009,4.6671428571428555,167.499,171.445,170.4582,171.445,181.80487162082582,161.08512837917417,0.12085358710753687,0.7913593256058993,5.492999999999998,71664.05,False,False,False,61.67
2025-11-19,AUSOMENT,EQ,106.8,106.8,101.11,103.19,103.28,3503,5.689999999999998,5.689999999999998,5.312857142857143,101.882,102.50249999999998,102.7106,102.50249999999998,105.34872469246581,99.65627530753416,0.05553473705452696,0.36555360281195065,4.9670000000000005,9846.1,False,False,False,77.88
2025-11-19,AUTOAXLES,EQ,1638.0,1657.1,1634.7,1645.9,1652.4,3927,22.399999999999864,22.399999999999864,35.13571428571431,1660.8100000000002,1692.545,1721.85,1692.545,1766.8209846787656,1618.2690153212345,0.08776840164221991,0.5000000000000051,31.29000000000002,4277.7,False,False,False,78.13
2025-11-19,AUTOBEES,EQ,284.24,284.24,280.14,282.1,281.24,117938,4.100000000000023,4.100000000000023,3.5978571428571433,278.875,278.50000000000006,276.8812,278.50000000000006,284.0228289852192,272.97717101478094,0.039661249445020606,0.4780487804878111,3.409000000000006,254382.7,False,False,False,49.66
2025-11-19,AUTOIETF,EQ,28.09,28.26,28.01,28.18,28.08,278753,0.25,0.25,0.3857142857142856,27.885,27.8565,27.696399999999997,27.8565,28.372223763268664,27.340776236731337,0.03702717593873342,0.6799999999999926,0.4465,542141.55,False,False,True,58.45
2025-11-19,AUTOIND,EQ,68.3,68.3,66.5,66.79,67.01,17316,1.7999999999999972,1.7999999999999972,2.4099999999999975,67.805,69.957,72.5904,69.957,75.21102360101258,64.7029763989874,0.15020723018461601,0.16111111111111484,2.5504999999999987,66650.55,False,False,False,63.18
2025-11-19,AVADHSUGAR,EQ,380.0,387.8,377.25,384.3,378.1,28714,10.550000000000011,10.550000000000011,13.889285714285709,391.09499999999997,407.96999999999997,425.21299999999997,407.96999999999997,450.9585031142046,364.98149688579537,0.21074345228425917,0.6682464454976307,13.374999999999995,32028.8,False,False,False,47.03
2025-11-19,AVALON,EQ,980.0,999.0,970.1,980.0,987.8,139674,28.899999999999977,28.899999999999977,50.07857142857147,1041.8600000000001,1108.435,1067.2910000000002,1108.435,1263.3520135911501,953.5179864088498,0.27952385767528126,0.34256055363321747,51.59500000000004,197360.7,False,False,False,53.4
2025-11-19,AVANTEL,EQ,160.51,160.51,156.98,157.68,160.7,813479,3.530000000000001,3.719999999999999,5.107142857142857,162.62900000000002,170.2475,179.01,170.2475,187.64554687314046,152.84945312685954,0.20438534337526787,0.19830028328612376,6.478999999999997,2844305.8,False,False,False,50.66
2025-11-19,AVANTIFEED,EQ,768.9,857.0,765.55,841.65,766.9,13209628,91.45000000000005,91.45000000000005,26.671428571428585,743.3100000000001,726.4725000000001,697.2610000000001,726.4725000000001,796.9519897470186,655.9930102529815,0.19403209274134542,0.8321487151448878,25.13500000000001,1140030.9,True,True,False,12.24
2025-11-19,AVG,EQ,205.0,214.45,198.0,205.16,200.33,40161,16.44999999999999,16.44999999999999,10.254285714285713,207.023,215.6235,223.593,215.6235,235.84007268183706,195.40692731816296,0.18751734093767192,0.4352583586626141,9.582999999999998,17490.75,False,False,False,68.21
2025-11-19,AVIANSH,SM,116.0,117.0,116.0,117.0,114.5,4000,1.0,2.5,2.414285714285715,115.93499999999999,117.1075,108.10799999999999,117.1075,120.65986189034814,113.55513810965186,0.06066839255125654,1.0,2.4275000000000007,9100.0,False,False,True,100.0
2025-11-19,AVL,EQ,522.0,538.0,519.1,537.15,524.4,126548,18.899999999999977,18.899999999999977,23.778571428571457,538.69,550.1675,544.232,550.1675,583.7289551978887,516.6060448021113,0.1220044993493388,0.9550264550264538,22.007500000000014,244567.4,False,False,False,63.37
2025-11-19,AVONMORE,EQ,18.37,18.93,18.3,18.53,18.37,194230,0.629999999999999,0.629999999999999,0.8949999999999994,17.704,17.726,18.793999999999997,17.726,18.779041309731028,16.67295869026897,0.1188131907628375,0.36507936507936634,0.8314999999999998,258415.35,False,False,False,74.57
2025-11-19,AVPINFRA,SM,155.05,155.25,149.85,151.3,154.65,123200,5.400000000000006,5.400000000000006,6.789285714285713,158.655,163.05249999999998,168.923,163.05249999999998,176.51554107547793,149.58945892452203,0.16513749958421917,0.2685185185185214,7.5625,112320.0,False,False,False,66.88
2025-11-19,AVROIND,EQ,126.5,131.64,124.01,129.46,127.19,21230,7.629999999999981,7.629999999999981,8.115,122.575,129.1025,137.6138,129.1025,145.94065770801456,112.26434229198543,0.2608494445578446,0.7142857142857164,7.512500000000001,28470.15,False,False,False,56.16
2025-11-19,AVTNPL,EQ,70.98,70.98,70.0,70.1,70.98,30335,0.980000000000004,0.980000000000004,2.6685714285714304,70.88,70.1985,71.8042,70.1985,73.39989516461179,66.9971048353882,0.09120978837473155,0.1020408163265244,2.211500000000001,752246.45,False,False,True,63.83
2025-11-19,AWFIS,EQ,550.1,558.0,538.0,547.0,559.55,260528,20.0,21.549999999999955,21.56785714285714,581.305,594.17,586.8530000000001,594.17,638.5697117107758,549.7702882892241,0.14945120659331781,0.45,19.9625,291914.5,False,False,False,44.93
2025-11-19,AWHCL,EQ,480.65,480.7,465.15,469.15,480.65,113436,15.550000000000011,15.550000000000011,15.317857142857141,494.68,512.2225000000001,542.7189999999999,512.2225000000001,553.2732548651657,471.1717451348345,0.16028485615202598,0.2572347266881027,14.320000000000011,66332.8,False,False,False,70.15
2025-11-19,AWL,EQ,269.75,277.0,267.3,275.8,269.15,2814297,9.699999999999989,9.699999999999989,6.1285714285714255,273.31,269.8925,265.57,269.8925,281.6310380265188,258.15396197348116,0.08698676715002325,0.8762886597938154,5.642499999999993,2034506.15,False,False,False,61.74
2025-11-19,AXISBANK,EQ,1268.0,1273.0,1257.8,1270.4,1265.4,4101288,15.200000000000045,15.200000000000045,17.600000000000005,1236.8400000000001,1237.6599999999999,1178.196,1237.6599999999999,1271.64031194677,1203.6796880532297,0.054910576324305786,0.8289473684210591,18.75000000000002,5638560.6,False,False,True,70.01
2025-11-19,AXISBNKETF,EQ,605.0,608.49,603.75,608.1,605.12,878,4.740000000000009,4.740000000000009,3.8671428571428805,600.019,598.168,581.1056,598.168,606.4068824484862,589.9291175515139,0.027547051826530847,0.9177215189873448,7.918500000000018,5177.55,True,True,False,63.33
2025-11-19,AXISBPSETF,EQ,13.12,13.12,12.96,13.01,13.06,294191,0.15999999999999837,0.15999999999999837,0.2978571428571427,13.032,13.022,12.976400000000002,13.022,13.098576758876307,12.945423241123693,0.01176113636558238,0.3124999999999965,0.359,166666.9,False,False,False,86.12
2025-11-19,AXISCADES,BE,1523.9,1575.6,1490.0,1525.4,1500.6,86778,85.59999999999991,85.59999999999991,68.39285714285715,1489.67,1497.21,1569.066,1497.21,1607.094337373448,1387.325662626552,0.146785470806965,0.4135514018691604,62.035000000000004,63118.65,False,False,False,
2025-11-19,AXISCETF,EQ,127.98,130.48,127.6,127.93,127.98,4285,2.8799999999999955,2.8799999999999955,1.4357142857142844,127.23599999999999,128.1415,127.1284,128.1415,130.31070515396746,125.97229484603255,0.03385640333486737,0.11458333333333785,1.650499999999998,3852.9,False,False,False,72.09
2025-11-19,AXISGOLD,EQ,101.91,103.4,101.91,103.16,101.16,1450629,1.490000000000009,2.240000000000009,2.4271428571428575,102.951,102.696,98.92200000000001,102.696,108.38786577494591,97.00413422505409,0.11084883101476027,0.8389261744966392,2.528000000000001,1824847.45,False,False,False,80.21
2025-11-19,AXISHCETF,EQ,150.59,151.84,150.43,151.22,150.93,4257,1.4099999999999966,1.4099999999999966,2.442142857142861,150.403,150.8275,149.1528,150.8275,152.88353380322408,148.7714661967759,0.02726338105748748,0.5602836879432581,2.956000000000003,3540.25,False,False,False,73.83
2025-11-19,AXISILVER,EQ,153.12,157.0,153.12,156.09,152.31,809752,3.8799999999999955,4.689999999999998,5.377857142857138,153.895,151.034,145.4016,151.034,165.151215589485,136.916784410515,0.18694089528827945,0.7654639175257738,6.062499999999998,1214386.4,False,False,False,63.42
2025-11-19,AXISNIFTY,EQ,293.13,293.13,283.63,285.83,284.59,9560,9.5,9.5,5.603571428571428,283.53,283.709,278.3622,283.709,286.9470975896374,280.4709024103626,0.022826893680760154,0.23157894736841986,5.854999999999995,12589.2,False,True,False,77.38
2025-11-19,AXISTECETF,EQ,394.13,403.6,394.13,403.17,391.97,7725,9.470000000000027,11.629999999999995,5.535714285714278,393.103,391.0025,384.95959999999997,391.0025,402.86677726412347,379.1382227358765,0.06068645220490136,0.9545934530095032,5.6999999999999975,8497.3,False,False,False,83.42
2025-11-19,AXISVALUE,EQ,31.27,31.27,30.72,30.81,30.93,10470,0.5500000000000007,0.5500000000000007,0.8492857142857149,30.881999999999998,30.583499999999997,29.796799999999998,30.583499999999997,31.494395713020868,29.672604286979126,0.05956778740306838,0.16363636363636316,0.788,36622.5,False,True,False,95.59
2025-11-19,AXITA,EQ,8.06,8.18,7.99,8.0,8.04,2124162,0.1899999999999995,0.1899999999999995,0.12071428571428568,8.199,8.299,8.5182,8.299,8.581552649961012,8.016447350038987,0.0680931798917971,0.05263157894736744,0.1624999999999998,1455433.05,False,False,False,38.83
2025-11-19,AXSENSEX,EQ,87.38,87.65,87.01,87.33,87.12,203,0.6400000000000006,0.6400000000000006,0.8521428571428556,86.697,86.8905,85.1838,86.8905,88.00343261251535,85.77756738748465,0.0256168997189647,0.4999999999999889,1.0814999999999997,2442.05,False,False,False,93.6
2025-11-19,AYMSYNTEX,EQ,173.37,174.84,170.0,170.55,176.06,4280,4.840000000000003,6.060000000000002,9.99428571428572,175.015,175.4365,184.30280000000002,175.4365,183.22721569241236,167.64578430758763,0.08881522023538276,0.11363636363636591,9.684000000000003,20730.6,False,False,False,70.19
2025-11-19,AZAD,EQ,1700.1,1724.0,1665.5,1672.0,1640.6,565801,58.5,83.40000000000009,38.378571428571476,1636.7199999999998,1655.52,1638.614,1655.52,1714.6885254168149,1596.351474583185,0.07148029068427428,0.1111111111111111,35.04000000000002,143842.55,False,False,False,27.77
2025-11-19,BABAFP,SM,31.4,31.4,31.4,31.4,32.95,1600,0.0,1.5500000000000043,1.3821428571428578,33.910000000000004,33.730000000000004,35.878,33.730000000000004,35.855888049733544,31.604111950266464,0.12605324931713843,0.5,0.8800000000000001,7840.0,False,False,True,100.0
2025-11-19,BAFNAPH,BE,170.5,170.5,170.5,170.5,173.98,849,0.0,3.4799999999999898,5.832142857142857,177.702,158.353,149.3588,158.353,199.86260038352555,116.84339961647447,0.5242666748786008,0.5,1.4275000000000007,4049.9,False,False,True,
2025-11-19,BAGDIGITAL,SM,125.2,127.0,125.2,126.65,125.7,19200,1.7999999999999972,1.7999999999999972,5.8999999999999995,123.095,120.81999999999998,,120.81999999999998,133.78701199197405,107.8529880080259,0.21465009091167153,0.8055555555555584,6.15,118720.0,False,False,False,50.0
2025-11-19,BAGFILMS,EQ,6.7,6.7,6.52,6.55,6.59,117278,0.1800000000000006,0.1800000000000006,0.31357142857142867,6.692,6.9015,6.8372,6.9015,7.515772740726796,6.287227259273205,0.17801137165161054,0.1666666666666675,0.3825000000000001,189473.3,False,False,True,80.44
2025-11-19,BAHETI,SM,555.0,555.0,550.0,551.9,555.95,12375,5.0,5.9500000000000455,16.707142857142856,560.11,568.7875,563.993,568.7875,593.4204631794476,544.1545368205525,0.08661569805752597,0.37999999999999545,16.577500000000004,28143.75,False,False,True,66.67
2025-11-19,BAIDFIN,EQ,10.4,10.7,10.27,10.4,10.37,109534,0.4299999999999997,0.4299999999999997,0.5078571428571429,10.516,10.5405,10.7926,10.5405,10.916131468330304,10.164868531669695,0.07127393735217581,0.3023255813953509,0.5125000000000002,96141.15,False,False,False,81.38
2025-11-19,BAJAJ-AUTO,EQ,8950.0,8975.0,8863.5,8884.5,8921.0,326292,111.5,111.5,144.03571428571428,8846.8,8949.35,8964.62,8949.35,9204.381782333056,8694.318217666945,0.056994481684827424,0.18834080717488788,130.9,371579.95,False,False,False,69.81
2025-11-19,BAJAJCON,EQ,278.0,282.35,274.0,276.1,280.65,554171,8.350000000000023,8.350000000000023,11.52571428571427,282.26,276.44500000000005,255.9284,276.44500000000005,294.72927466431264,258.16072533568746,0.13228146404755078,0.251497005988026,10.300999999999991,1058958.9,False,False,False,50.81
2025-11-19,BAJAJELEC,EQ,498.1,500.05,492.0,493.55,497.9,135327,8.050000000000011,8.050000000000011,11.757142857142851,502.64000000000004,516.79,545.4590000000001,516.79,547.6672505252678,485.9127494747321,0.11949631581597117,0.19254658385093282,11.054999999999996,126035.2,False,False,True,79.44
2025-11-19,BAJAJFINSV,EQ,2059.4,2059.4,2035.0,2050.2,2050.2,704802,24.40000000000009,24.40000000000009,45.50714285714288,2058.1600000000003,2098.0299999999997,2062.71,2098.0299999999997,2199.501337825019,1996.5586621749803,0.09673011141405931,0.6229508196721214,42.52500000000002,1166200.6,False,False,True,61.11
2025-11-19,BAJAJHCARE,EQ,437.9,442.4,434.0,435.65,436.0,63227,8.399999999999977,8.399999999999977,14.589285714285719,443.695,452.56000000000006,454.487,452.56000000000006,478.6584980410751,426.461501958925,0.11533718420132162,0.19642857142856926,14.335000000000003,119705.95,False,False,True,36.07
2025-11-19,BAJAJHFL,EQ,106.5,106.73,106.0,106.06,106.58,3287975,0.730000000000004,0.730000000000004,1.15357142857143,107.81000000000002,108.90500000000002,110.6026,108.90500000000002,111.6747906058045,106.13520939419553,0.05086617888626762,0.08219178082192047,1.1455000000000013,3208312.1,False,False,False,60.07
2025-11-19,BAJAJHIND,EQ,20.92,21.18,20.73,20.98,20.88,3880242,0.4499999999999993,0.4499999999999993,0.5764285714285717,21.188,21.6235,21.313000000000002,21.6235,22.808392822157344,20.438607177842655,0.10959306515201929,0.5555555555555565,0.5905000000000002,4936674.35,False,False,False,39.01
2025-11-19,BAJAJHLDNG,EQ,11949.0,11959.0,11679.0,11733.0,11872.0,61239,280.0,280.0,500.85714285714283,12227.8,12483.3,12618.98,12483.3,13333.415309825676,11633.184690174323,0.13620041332430952,0.19285714285714287,432.25,95476.8,False,False,False,47.09
2025-11-19,BAJAJINDEF,EQ,357.95,357.95,344.5,347.25,354.15,15222,13.449999999999989,13.449999999999989,15.196428571428559,364.28999999999996,379.70500000000004,380.406,379.70500000000004,415.21854530316466,344.1914546968354,0.18705861288718673,0.20446096654275112,16.83499999999999,21853.4,False,False,False,69.22
2025-11-19,BAJEL,EQ,180.01,184.02,178.5,182.99,181.37,121938,5.52000000000001,5.52000000000001,6.430714285714286,186.31900000000002,188.92350000000002,198.5914,188.92350000000002,196.19851278349196,181.64848721650807,0.07701543517341088,0.8134057971014494,6.224000000000001,124319.4,False,False,False,51.21
2025-11-19,BAJFINANCE,EQ,1009.0,1016.1,1004.6,1005.6,1013.6,5158832,11.5,11.5,24.75714285714285,1027.2199999999998,1050.445,1020.5989999999999,1050.445,1113.1589529929336,987.7310470070664,0.11940454377513068,0.08695652173913043,19.274999999999988,7290283.55,False,False,False,70.33
2025-11-19,BALAJEE,EQ,41.98,41.98,40.52,41.11,41.98,37668,1.4599999999999937,1.4599999999999937,1.4221428571428585,42.1,43.596,47.90820000000001,43.596,46.815580096844634,40.37641990315536,0.14770071092965584,0.40410958904109506,1.370000000000001,96588.95,False,False,False,66.99
2025-11-19,BALAJITELE,EQ,121.75,130.0,121.0,121.66,123.42,658070,9.0,9.0,6.589285714285716,121.06899999999999,117.95,120.15719999999999,117.95,126.3700285035147,109.5299714964853,0.1427728444852005,0.07333333333333296,6.6775,322796.25,False,False,False,50.36
2025-11-19,BALAMINES,EQ,1192.0,1198.1,1172.2,1189.8,1194.7,80534,25.899999999999864,25.899999999999864,40.14285714285716,1284.9699999999998,1342.3400000000001,1402.1559999999997,1342.3400000000001,1507.6604572943202,1177.0195427056801,0.2463168158504105,0.6795366795366796,37.295000000000016,45092.1,False,False,False,49.01
2025-11-19,BALAXI,EQ,36.7,36.7,35.71,35.98,35.98,63427,0.990000000000002,0.990000000000002,1.6835714285714285,38.892999999999994,40.525,42.9908,40.525,45.47403020803054,35.575969791969456,0.2442457844802242,0.27272727272726816,1.636,57018.85,False,False,False,77.81
2025-11-19,BALCO,SM,27.95,27.95,27.95,27.95,27.95,2400,0.0,0.0,0.9392857142857142,26.845,27.727500000000003,29.04,27.727500000000003,30.087897212335267,25.367102787664738,0.17025676403103523,0.5,0.38499999999999995,2880.0,False,False,True,100.0
2025-11-19,BALKRISHNA,EQ,22.0,22.5,21.66,21.98,21.82,5298,0.8399999999999999,0.8399999999999999,0.9028571428571429,22.401,22.7255,22.8326,22.7255,23.61657743771233,21.83442256228767,0.07842093135133041,0.3809523809523814,0.9229999999999998,21935.65,False,False,False,97.68
2025-11-19,BALKRISIND,EQ,2290.9,2333.8,2290.9,2317.6,2308.6,89635,42.90000000000009,42.90000000000009,55.00714285714292,2338.9900000000002,2326.375,2342.542,2326.375,2378.8220351878913,2273.9279648121087,0.04508906361862665,0.6223776223776168,52.33500000000006,124158.75,False,False,False,42.75
2025-11-19,BALMLAWRIE,EQ,195.0,195.01,192.05,193.2,195.25,88111,2.9599999999999795,3.1999999999999886,3.4699999999999966,194.93,197.8085,208.076,197.8085,205.25031772149853,190.3666822785015,0.07524264853632198,0.3885135135135085,3.2884999999999964,113071.85,False,False,False,57.06
2025-11-19,BALPHARMA,EQ,79.07,80.0,77.0,77.97,79.06,12015,3.0,3.0,2.5028571428571422,80.18700000000001,81.16499999999999,83.5992,81.16499999999999,83.95571675381144,78.37428324618854,0.06876650659302538,0.323333333333333,2.4279999999999986,10752.65,False,False,False,83.82
2025-11-19,BALRAMCHIN,EQ,463.8,465.3,457.9,462.7,461.9,233743,7.400000000000034,7.400000000000034,14.357142857142858,457.9999999999999,461.995,480.5439999999999,461.995,476.97027629126046,447.01972370873955,0.06482873750261564,0.6486486486486472,12.095000000000002,432664.6,False,False,True,42.4
2025-11-19,BALUFORGE,EQ,605.0,633.8,602.5,629.35,598.2,986110,31.299999999999955,35.59999999999991,22.56785714285714,612.31,619.1225000000001,639.528,619.1225000000001,647.6586608314784,590.5863391685217,0.0921825998295276,0.8578274760383406,20.11749999999999,513184.65,False,False,False,38.38
2025-11-19,BANARBEADS,EQ,134.0,137.0,133.82,135.0,135.23,6771,3.180000000000007,3.180000000000007,7.229999999999998,135.666,140.192,130.7392,140.192,150.2179954119284,130.16600458807162,0.1430323472370519,0.37106918238993847,7.0665,31628.45,False,False,True,47.54
2025-11-19,BANARISUG,EQ,3651.0,3701.0,3564.0,3672.3,3603.5,1066,137.0,137.0,51.17142857142861,3613.5099999999998,3566.9549999999995,3573.1020000000003,3566.9549999999995,3729.7761224012406,3404.1338775987583,0.09129418363912142,0.7905109489051109,59.22500000000002,658.45,False,False,False,78.99
2025-11-19,BANCOINDIA,EQ,776.5,817.0,769.0,787.45,777.85,1837300,48.0,48.0,44.94642857142857,798.9599999999999,760.5825000000001,758.946,760.5825000000001,840.3615779277384,680.8034220722618,0.20978415340278872,0.38437500000000097,36.942499999999995,1740739.8,False,False,False,12.81
2025-11-19,BANDHANBNK,EQ,153.9,153.9,152.1,152.88,153.16,3087236,1.8000000000000114,1.8000000000000114,4.33357142857143,153.792,161.01100000000002,162.47519999999997,161.01100000000002,177.52888836383158,144.49311163616846,0.20517714148513527,0.43333333333333124,4.096499999999999,10221527.8,False,False,True,45.41
2025-11-19,BANG,EQ,59.12,61.0,57.02,57.59,58.83,102050,3.979999999999997,3.979999999999997,3.2507142857142854,53.602999999999994,53.9975,53.32240000000001,53.9975,57.892532092294005,50.102467907706,0.14426712689639343,0.14321608040201023,3.0815,65905.45,False,True,False,43.91
2025-11-19,BANKA,EQ,78.35,78.63,75.3,76.0,78.35,11268,3.3299999999999983,3.3299999999999983,3.5428571428571436,84.19500000000001,86.367,86.99599999999998,86.367,93.59764616752892,79.13635383247109,0.16744002147878048,0.21021021021021116,4.0280000000000005,11495.3,False,False,False,63.84
2025-11-19,BANKBARODA,EQ,287.85,293.8,287.0,293.3,288.45,11205111,6.800000000000011,6.800000000000011,5.899999999999993,287.27,279.415,263.0016,279.415,296.6809810031155,262.14901899688454,0.12358664354537505,0.9264705882352943,6.079999999999993,9527380.35,True,True,False,53.44
2025-11-19,BANKBEES,EQ,609.99,610.79,605.5,610.4,607.85,477613,5.289999999999964,5.289999999999964,4.785714285714294,602.231,600.3345,583.2456,600.3345,608.8242737896919,591.8447262103082,0.028283477926695423,0.9262759924385654,5.511500000000007,659636.85,True,True,False,60.06
2025-11-19,BANKBETF,EQ,59.56,59.96,59.44,59.92,59.56,11104,0.5200000000000031,0.5200000000000031,0.5778571428571436,59.09100000000001,58.911500000000004,57.2312,58.911500000000004,59.716516148906514,58.10648385109349,0.027329677530075126,0.9230769230769251,0.5870000000000009,21369.6,True,True,False,86.36
2025-11-19,BANKETF,EQ,596.89,600.66,595.86,600.04,597.32,13910,4.7999999999999545,4.7999999999999545,4.155714285714282,592.365,590.479,573.4596,590.479,598.8363270846588,582.1216729153413,0.028306940923076947,0.8708333333333311,4.121500000000009,40529.2,True,True,False,67.69
2025-11-19,BANKETFADD,EQ,60.01,60.38,59.86,60.31,60.02,1509,0.5200000000000031,0.5200000000000031,0.4300000000000007,59.55499999999999,59.370000000000005,57.666599999999995,59.370000000000005,60.17605210749683,58.56394789250318,0.027153515495934814,0.8653846153846156,0.4585000000000008,22476.8,True,True,False,87.14
2025-11-19,BANKIETF,EQ,60.49,60.9,60.02,60.49,60.21,446806,0.8799999999999955,0.8799999999999955,0.9214285714285708,59.688,59.5135,57.8262,59.5135,60.346261070175245,58.680738929824756,0.02798561906711065,0.5340909090909105,0.8454999999999991,563281.25,False,True,False,73.98
2025-11-19,BANKINDIA,EQ,146.5,148.77,145.32,148.59,146.49,6008229,3.450000000000017,3.450000000000017,2.886428571428575,145.401,140.3435,128.58180000000002,140.3435,153.6951145465632,126.99188545343684,0.1902705083821221,0.94782608695652,3.266500000000003,12770361.3,False,True,False,48.5
2025-11-19,BANKNIFTY1,EQ,610.21,613.56,607.06,613.43,611.01,19673,6.5,6.5,7.032857142857138,603.99,602.144,584.3876,602.144,611.5053041826493,592.7826958173507,0.03109324076184199,0.9800000000000006,6.799499999999995,66540.8,False,True,False,83.56
2025-11-19,BANKPSU,EQ,85.25,86.24,84.75,86.16,85.23,197323,1.4899999999999949,1.4899999999999949,1.2292857142857148,84.226,82.05350000000001,77.0816,82.05350000000001,87.1366497125307,76.97035028746933,0.12389842511363154,0.9463087248322157,1.2554999999999985,45055.8,True,True,False,98.16
2025-11-19,BANSALWIRE,EQ,330.0,330.3,317.75,322.6,323.85,85570,12.550000000000011,12.550000000000011,11.396428571428569,315.025,314.695,333.691,314.695,323.2828344185327,306.1071655814673,0.05457877893536713,0.38645418326693376,9.937499999999996,117816.7,False,False,False,36.06
2025-11-19,BANSWRAS,EQ,120.79,124.7,119.44,123.81,120.26,19094,5.260000000000005,5.260000000000005,4.405000000000001,119.86000000000001,119.852,124.01279999999998,119.852,126.19964082159564,113.50435917840437,0.10592465409998385,0.8307984790874525,4.3255,22195.4,False,False,False,64.28
2025-11-19,BARFLEX,SM,75.7,76.85,74.15,75.7,75.4,56000,2.6999999999999886,2.6999999999999886,2.289285714285716,75.98499999999999,77.31,78.293,77.31,81.23321296898332,73.38678703101668,0.10149302726641628,0.5740740740740754,1.9375000000000022,30800.0,False,False,False,42.86
2025-11-19,BASF,EQ,4325.1,4434.3,4309.3,4410.3,4319.0,13101,125.0,125.0,81.97142857142853,4438.7,4449.865,4539.702,4449.865,4557.318139088634,4342.411860911366,0.04829501078735381,0.808,81.215,12307.3,False,False,False,57.51
2025-11-19,BASILIC,SM,357.95,360.0,349.0,355.05,352.15,12000,11.0,11.0,13.746428571428563,367.08,373.48249999999996,392.24300000000005,373.48249999999996,397.64102385805046,349.32397614194946,0.12936897368980074,0.550000000000001,12.429999999999989,29235.0,False,False,False,67.5
2025-11-19,BASML,EQ,29.41,30.98,28.91,29.49,29.09,418538,2.0700000000000003,2.0700000000000003,1.6014285714285716,27.040999999999997,27.072000000000003,27.031999999999996,27.072000000000003,29.698934334923514,24.44506566507649,0.19407020795829721,0.280193236714975,1.3735,167747.3,True,True,False,62.49
2025-11-19,BATAINDIA,EQ,1017.8,1017.8,1007.6,1011.9,1014.8,100677,10.199999999999932,10.199999999999932,21.442857142857147,1038.55,1084.28,1158.5059999999999,1084.28,1196.264438204605,972.2955617953949,0.20655999963958593,0.42156862745097873,19.880000000000006,256171.7,False,False,False,55.53
2025-11-19,BAWEJA,SM,47.65,47.65,42.2,42.6,46.7,17600,5.449999999999996,5.449999999999996,2.1285714285714286,42.084999999999994,43.1225,46.674,43.1225,46.943295074326535,39.30170492567347,0.17720656614651437,0.07339449541284383,1.5424999999999998,10480.0,False,False,False,95.45
2025-11-19,BAYERCROP,EQ,4553.5,4573.1,4516.7,4557.9,4553.5,20576,56.400000000000546,56.400000000000546,125.96428571428578,4589.67,4779.685,4952.712,4779.685,5199.421432895698,4359.948567104303,0.17563351262507773,0.730496453900699,111.09500000000003,34091.5,False,False,True,42.21
2025-11-19,BBETF0432,EQ,1308.0,1310.0,1307.07,1307.81,1307.97,16693,2.9300000000000637,2.9300000000000637,4.5,1308.3600000000001,1308.2255,1297.9068,1308.2255,1310.9970805959276,1305.4539194040724,0.004237160330428686,0.25255972696245493,4.8345000000000145,10627.0,False,False,False,99.92
2025-11-19,BBL,EQ,2920.0,2963.5,2920.0,2937.9,2932.4,9564,43.5,43.5,60.03571428571432,2949.14,3001.225,3092.116,3001.225,3122.623712925644,2879.8262870743556,0.08089944134521358,0.41149425287356534,65.39500000000002,22470.4,False,False,False,40.19
2025-11-19,BBNPNBETF,EQ,58.11,59.53,58.11,59.33,59.12,2058,1.4200000000000017,1.4200000000000017,1.327142857142858,58.601,58.4755,56.8088,58.4755,59.365948763265386,57.58505123673461,0.030455447606788817,0.859154929577463,1.3359999999999999,2178.95,False,False,False,61.27
2025-11-19,BBNPPGOLD,EQ,118.0,120.35,118.0,119.7,118.0,10035,2.3499999999999943,2.3499999999999943,3.1107142857142853,119.58500000000001,119.32749999999999,115.029,119.32749999999999,125.94614600956997,112.70885399043,0.11093245076901781,0.7234042553191519,3.6100000000000003,83900.5,False,False,False,86.83
2025-11-19,BBOX,EQ,528.5,541.5,525.0,530.8,528.8,233025,16.5,16.5,18.796428571428585,546.26,546.62,523.724,546.62,569.9379630328183,523.3020369671817,0.08531690400211585,0.3515151515151488,20.010000000000012,399341.85,False,False,False,44.79
2025-11-19,BBTC,EQ,1990.0,2018.1,1961.1,1974.1,2022.7,673896,57.0,61.600000000000136,66.22857142857148,1913.11,1972.4299999999998,1915.194,1972.4299999999998,2125.0426220205904,1819.8173779794092,0.15474579277397993,0.22807017543859648,70.77500000000003,566541.4,False,False,False,9.38
2025-11-19,BBTCL,EQ,221.04,223.39,214.0,215.1,221.05,6499,9.389999999999986,9.389999999999986,11.405714285714286,200.96300000000002,199.54850000000002,199.3662,199.54850000000002,216.4588651941645,182.63813480583553,0.16948626718982585,0.1171458998935033,10.903000000000002,12180.2,False,True,False,59.26
2025-11-19,BCG,EQ,13.32,13.41,12.92,13.0,13.32,9848306,0.4900000000000002,0.4900000000000002,0.6364285714285713,13.402000000000001,13.482,14.168,13.482,14.219796719970988,12.74420328002901,0.10944914997344445,0.16326530612244905,0.5349999999999999,7106118.2,False,False,False,51.23
2025-11-19,BCLIND,EQ,36.75,36.75,35.6,35.75,36.65,622396,1.1499999999999986,1.1499999999999986,1.0457142857142858,37.975,38.795,40.0362,38.795,41.29957581238827,36.290424187611734,0.12911848497941836,0.13043478260869457,1.0439999999999998,513882.0,False,False,False,69.18
2025-11-19,BCONCEPTS,BE,334.2,334.25,323.45,326.95,334.25,4283,10.800000000000011,10.800000000000011,16.86071428571429,349.38,344.8975,332.352,344.8975,368.6355596300526,321.15944036994733,0.137652836741656,0.32407407407407374,17.055000000000007,5598.15,False,False,True,
2025-11-19,BDL,EQ,1556.5,1559.5,1533.9,1536.8,1558.2,864822,25.59999999999991,25.59999999999991,46.44285714285718,1531.56,1530.845,1531.234,1530.845,1599.798824404449,1461.891175595551,0.09008596481609706,0.11328124999999507,40.26000000000003,1573227.15,False,False,True,40.07
2025-11-19,BEACON,SM,83.0,83.0,80.0,82.55,82.6,55000,3.0,3.0,5.600000000000001,75.825,76.8725,65.626,76.8725,85.55993201412238,68.18506798587762,0.2260218417281181,0.8499999999999991,4.9175,36650.0,False,True,False,60.0
2025-11-19,BEARDSELL,EQ,32.56,32.95,32.01,32.05,32.56,39318,0.9400000000000048,0.9400000000000048,1.572142857142858,33.897999999999996,34.0455,32.9524,34.0455,37.07155667494847,31.019443325051526,0.17776544183216408,0.04255319148936058,1.7159999999999993,68949.65,False,False,False,59.62
2025-11-19,BECTORFOOD,EQ,1342.6,1350.0,1305.0,1316.9,1353.7,80769,45.0,48.700000000000045,37.69285714285713,1297.77,1325.82,1326.432,1325.82,1408.536349049027,1243.103650950973,0.12477764560653337,0.2644444444444465,40.25499999999998,154114.35,False,False,False,47.28
2025-11-19,BEDMUTHA,EQ,112.28,113.01,104.5,106.65,114.06,68678,8.510000000000005,9.560000000000002,6.594285714285711,117.97200000000001,124.87550000000002,132.6976,124.87550000000002,141.11982513218032,108.6311748678197,0.26016832977133725,0.25264394829612274,6.110999999999995,15397.65,False,False,False,51.25
2025-11-19,BEL,EQ,420.0,424.25,415.05,423.2,420.9,9661756,9.199999999999989,9.199999999999989,8.696428571428555,420.81499999999994,418.3875,407.39799999999997,418.3875,430.26217367972475,406.5128263202752,0.056763998349495456,0.8858695652173899,7.897499999999991,15500591.5,False,True,False,53.96
2025-11-19,BELLACASA,EQ,431.0,435.85,420.0,425.2,429.9,6755,15.850000000000023,15.850000000000023,27.582142857142856,422.21000000000004,435.58500000000004,420.284,435.58500000000004,480.86921468900647,390.3007853109936,0.2079236644466932,0.3280757097791786,25.3175,18931.2,False,False,False,79.66
2025-11-19,BELRISE,EQ,160.5,168.4,158.51,164.76,160.9,13260149,9.890000000000015,9.890000000000015,5.238571428571428,156.611,153.774,152.9598,153.774,165.22026821282742,142.32773178717258,0.1488713074099317,0.6319514661274005,4.6175000000000015,6039019.5,False,True,False,28.38
2025-11-19,BEML,EQ,1972.2,1980.0,1929.9,1939.1,1977.8,239319,50.09999999999991,50.09999999999991,83.26428571428576,2009.27,3198.8849999999998,3846.572,3198.8849999999998,5580.040754901387,817.729245098612,1.4887410800334417,0.18363273453093482,85.75499999999995,316376.9,False,False,False,42.21
2025-11-19,BEPL,EQ,94.5,94.73,93.03,93.22,94.9,345715,1.7000000000000028,1.8700000000000045,1.6485714285714284,95.686,97.42349999999999,100.80239999999999,97.42349999999999,101.75010270882278,93.0968972911772,0.08882051473869837,0.11176470588235142,1.7655000000000007,296767.05,False,False,False,66.86
2025-11-19,BERGEPAINT,EQ,586.1,592.0,581.3,588.95,586.6,372375,10.700000000000045,10.700000000000045,13.596428571428573,563.49,553.3475000000001,541.419,553.3475000000001,588.2367171737906,518.4582828262096,0.12610237571793667,0.7149532710280428,12.497499999999997,460373.75,True,True,False,56.72
2025-11-19,BESTAGRO,EQ,301.15,303.0,297.6,300.2,300.7,22964,5.399999999999977,5.399999999999977,11.49642857142857,307.095,319.855,347.68199999999996,319.855,347.3135305506302,292.3964694493698,0.17169361461055915,0.4814814814814772,11.129999999999995,33844.05,False,False,True,58.82
2025-11-19,BETA,SM,1635.05,1659.0,1635.05,1657.0,1653.0,1260,23.950000000000045,23.950000000000045,55.65714285714288,1682.95,1759.1399999999999,1789.2030000000002,1759.1399999999999,1924.289476535653,1593.9905234643468,0.18776160684840673,0.9164926931106473,50.21750000000003,12710.25,False,False,False,75.0
2025-11-19,BEWLTD,SM,129.5,130.0,126.0,128.0,130.9,14000,4.0,4.900000000000006,7.296428571428569,132.625,132.625,140.819,132.625,143.12235681016787,122.12764318983213,0.15830132795729118,0.5,7.0875,13825.0,False,False,False,82.14
2025-11-19,BFINVEST,EQ,453.05,453.05,445.1,448.1,452.5,19598,7.949999999999989,7.949999999999989,9.725000000000003,461.36,472.90749999999997,470.894,472.90749999999997,498.5579049675632,447.2570950324367,0.10847958625127853,0.37735849056603826,10.149999999999997,30209.85,False,False,False,67.13
2025-11-19,BFSI,EQ,28.69,28.99,28.34,28.6,28.49,174273,0.6499999999999986,0.6499999999999986,0.45285714285714185,28.321000000000005,28.351999999999997,27.7392,28.351999999999997,28.684481578437108,28.019518421562886,0.02345383595069915,0.4000000000000033,0.4479999999999995,282449.2,False,True,False,56.58
2025-11-19,BFUTILITIE,BZ,685.0,698.0,678.0,684.9,684.55,5988,20.0,20.0,22.032142857142862,682.63,716.8675,768.9780000000001,716.8675,793.7594844652214,639.9755155347785,0.21452216613313177,0.34499999999999886,23.817499999999995,40373.35,False,False,False,
2025-11-19,BGRENERGY,BE,417.6,425.0,411.5,414.15,413.95,77421,13.5,13.5,27.01857142857143,407.375,417.814,327.079,417.814,454.3040942174667,381.32390578253336,0.17467147686514412,0.1962962962962946,22.329,300322.3,False,False,True,
2025-11-19,BHADORA,SM,79.5,80.0,76.45,79.85,78.05,50400,3.549999999999997,3.549999999999997,4.121428571428574,83.4,86.98499999999999,95.68800000000002,86.98499999999999,95.8331127931325,78.13688720686747,0.20343996765264163,0.9577464788732378,3.007500000000001,33120.0,False,False,False,76.19
2025-11-19,BHAGCHEM,EQ,253.03,263.7,252.26,257.18,253.07,181059,11.439999999999998,11.439999999999998,7.790714285714283,250.099,249.9595,254.1308,249.9595,257.6421049618559,242.27689503814406,0.06147079796411763,0.43006993006993155,8.104,48978.9,False,False,False,28.35
2025-11-19,BHAGERIA,EQ,195.9,199.0,193.0,194.5,195.56,91716,6.0,6.0,9.120000000000001,201.358,207.58800000000002,193.66080000000002,207.58800000000002,239.42448762033877,175.75151237966128,0.30672762992406827,0.25,11.694999999999999,1339753.65,False,False,False,47.18
2025-11-19,BHAGYANGR,BE,157.99,161.0,151.24,151.24,159.21,77159,9.759999999999991,9.759999999999991,11.763571428571433,144.60399999999998,130.502,108.9418,130.502,170.95462295574907,90.04937704425093,0.6199540689912656,0.0,9.111,832529.45,False,True,False,
2025-11-19,BHANDARI,EQ,4.48,4.57,4.38,4.44,4.52,382726,0.1900000000000004,0.1900000000000004,0.12357142857142829,4.496,4.593500000000001,4.7232,4.593500000000001,4.842600381372613,4.3443996186273885,0.1084577691836778,0.3157894736842125,0.1594999999999999,369779.9,False,False,False,55.98
2025-11-19,BHARATFORG,EQ,1398.9,1453.5,1396.7,1446.2,1396.6,2476584,56.799999999999955,56.90000000000009,36.40714285714288,1377.63,1333.3300000000002,1265.07,1333.3300000000002,1446.4678999274797,1220.1921000725206,0.16970727415940473,0.8714788732394373,34.21,1299648.3,True,True,False,33.55
2025-11-19,BHARATGEAR,BE,116.0,117.9,112.0,115.44,116.96,30627,5.900000000000006,5.900000000000006,4.8249999999999975,111.345,110.90799999999999,111.2772,110.90799999999999,117.60290433090739,104.21309566909258,0.1207289705144337,0.5830508474576261,4.375999999999997,30865.6,False,False,False,
2025-11-19,BHARATRAS,EQ,10235.0,10549.0,10150.0,10462.0,10166.0,6697,399.0,399.0,325.42857142857144,10442.6,10651.95,10217.82,10651.95,11671.183236310502,9632.7167636895,0.19137026296790755,0.7819548872180451,402.975,20690.7,False,False,False,44.3
2025-11-19,BHARATSE,EQ,183.9,189.0,179.61,186.7,179.55,147110,9.389999999999986,9.449999999999989,10.212142857142853,189.71699999999998,204.20800000000003,190.2586,204.20800000000003,237.12628586059716,171.2897141394029,0.3223995716191054,0.7550585729499452,12.624499999999994,232548.95,False,False,False,53.89
2025-11-19,BHARATWIRE,EQ,187.5,192.46,187.5,189.2,189.81,106960,4.960000000000008,4.960000000000008,9.127142857142859,194.793,193.511,178.0634,193.511,219.50715579273196,167.51484420726803,0.26867884298806755,0.3427419354838681,8.643500000000003,1259972.25,False,False,False,37.74
2025-11-19,BHARTIARTL,EQ,2155.0,2166.2,2146.7,2159.8,2149.2,7419461,19.5,19.5,35.035714285714334,2095.78,2074.6850000000004,1983.292,2074.6850000000004,2157.768916012672,1991.601083987329,0.08009304160648142,0.6717948717948905,35.260000000000026,7133821.5,True,True,True,76.16
2025-11-19,BHARTIHEXA,EQ,1828.0,1851.9,1812.7,1828.1,1829.3,96249,39.200000000000045,39.200000000000045,54.40714285714286,1808.0700000000002,1822.025,1760.5120000000002,1822.025,1897.2758837157457,1746.7741162842544,0.08260137343422363,0.3928571428571389,52.910000000000025,210496.35,False,False,False,37.99
2025-11-19,BHEL,EQ,290.4,292.4,286.75,289.2,289.1,14533784,5.649999999999977,5.649999999999977,8.086428571428568,280.04,260.556,243.9236,260.556,304.9925590026953,216.11944099730468,0.34109027619932236,0.4336283185840705,7.029499999999997,14255246.05,True,True,False,44.68
2025-11-19,BIGBLOC,EQ,51.1,54.2,50.81,52.5,52.38,123332,3.3900000000000006,3.3900000000000006,2.2214285714285706,50.723,51.05200000000001,54.0978,51.05200000000001,53.124656266725985,48.97934373327403,0.08119784794820882,0.49852507374631194,1.9774999999999991,79851.0,False,False,False,43.43
2025-11-19,BIKAJI,EQ,719.0,722.35,711.0,719.85,721.6,183801,11.350000000000023,11.350000000000023,14.532142857142876,717.845,725.045,744.6389999999999,725.045,743.1180987935138,706.9719012064861,0.04985372988852789,0.7797356828193837,13.120000000000015,168662.5,False,False,False,65.3
2025-11-19,BIKEWO,SM,17.2,18.45,17.2,18.45,16.8,108000,1.25,1.6499999999999986,0.8499999999999999,15.9,15.525,15.839,15.525,17.25892618066626,13.79107381933374,0.22337213277504167,1.0,0.6124999999999999,27400.0,True,True,False,90.74
2025-11-19,BIL,EQ,832.35,840.95,827.4,834.8,824.75,1744,13.550000000000068,16.200000000000045,40.65357142857142,847.9449999999999,821.6600000000001,833.7660000000001,821.6600000000001,899.0284535195062,744.2915464804939,0.18832230732786345,0.5461254612546081,40.897499999999994,6822.4,False,False,True,81.82
2025-11-19,BILVYAPAR,EQ,11.39,11.39,10.83,11.06,10.99,4137,0.5600000000000005,0.5600000000000005,0.6135714285714288,11.157,11.3875,12.1994,11.3875,11.990554723885042,10.784445276114957,0.10591520946389336,0.4107142857142861,0.7000000000000003,6779.8,False,False,False,70.34
2025-11-19,BIOCON,EQ,424.0,424.45,408.45,410.1,421.6,3249725,16.0,16.0,11.46428571428571,401.96500000000003,383.83000000000004,367.026,383.83000000000004,427.48578312205575,340.17421687794433,0.22747457531748796,0.10312500000000213,10.1125,4020307.9,False,True,False,41.58
2025-11-19,BIOFILCHEM,EQ,38.78,39.89,38.78,39.16,38.77,5572,1.1099999999999994,1.1199999999999974,1.7099999999999997,39.169,39.1645,40.9902,39.1645,40.07840316773692,38.25059683226307,0.046669977542770934,0.3423423423423384,1.5925,11208.55,False,False,False,58.02
2025-11-19,BIRDYS,ST,129.4,129.4,129.4,129.4,132.0,1200,0.0,2.5999999999999943,4.096428571428573,139.76,132.77749999999997,127.355,132.77749999999997,151.37498571716068,114.18001428283927,0.2801300780201572,0.5,1.8074999999999997,22740.0,False,False,True,100.0
2025-11-19,BIRET,RR,330.8,332.8,327.0,328.04,329.99,170522,5.800000000000011,5.800000000000011,4.310000000000007,337.473,340.956,336.8482,340.956,351.83955713909575,330.0724428609043,0.06384141730367394,0.1793103448275894,5.077000000000001,179509.95,False,False,False,86.39
2025-11-19,BIRLACABLE,EQ,151.01,151.01,147.6,147.83,147.6,12780,3.4099999999999966,3.4099999999999966,6.517857142857143,152.549,155.50650000000002,159.577,155.50650000000002,165.48921761595932,145.52378238404071,0.12838971510463293,0.06744868035191157,5.7189999999999985,43243.4,False,False,True,55.98
2025-11-19,BIRLACORPN,EQ,1173.4,1179.9,1167.0,1169.4,1178.4,31295,12.900000000000091,12.900000000000091,24.878571428571426,1181.8400000000001,1180.81,1219.626,1180.81,1197.4222725718057,1164.1977274281942,0.02813707975339938,0.18604651162791272,22.725,58464.25,False,False,True,62.05
2025-11-19,BIRLAMONEY,EQ,158.91,161.3,156.4,157.76,158.52,42306,4.900000000000006,4.900000000000006,3.930714285714288,157.449,160.191,169.8068,160.191,166.39963882022556,153.98236117977444,0.07751545118296982,0.27755102040815993,3.9015000000000044,54636.45,False,False,False,71.34
2025-11-19,BIRLANU,EQ,1755.7,1761.2,1735.0,1746.2,1756.3,5076,26.200000000000045,26.200000000000045,42.56428571428574,1793.45,1848.35,1911.254,1848.35,1978.5116149254613,1718.1883850745385,0.14084087421263444,0.42748091603053534,42.48000000000002,7861.4,False,False,True,65.52
2025-11-19,BLACKBUCK,EQ,690.05,693.9,647.05,653.1,689.45,1100887,46.85000000000002,46.85000000000002,32.75000000000001,674.6600000000001,678.635,648.197,678.635,720.3401207886958,636.9298792113042,0.12290884139101522,0.12913553895411026,33.68750000000001,1373402.55,False,False,False,54.14
2025-11-19,BLAL,EQ,204.41,204.42,202.41,202.77,204.41,20048,2.009999999999991,2.009999999999991,3.757857142857144,205.36599999999999,207.455,213.7906,207.455,212.38439955775448,202.52560044224555,0.04752259099809081,0.1791044776119479,3.931500000000004,21505.7,False,False,False,71.47
2025-11-19,BLBLIMITED,EQ,16.6,16.9,16.12,16.19,16.12,30701,0.7799999999999976,0.7799999999999976,0.8749999999999998,16.857,16.438,16.085,16.438,17.701924048350982,15.174075951649016,0.15378075779912193,0.08974358974359038,0.7879999999999996,72701.65,False,False,False,58.84
2025-11-19,BLISSGVS,EQ,167.01,167.88,160.1,160.73,165.91,389736,7.780000000000001,7.780000000000001,8.707142857142857,158.932,156.45749999999998,154.1016,156.45749999999998,166.6890275008183,146.22597249918167,0.13078986307231444,0.08097686375321277,7.272000000000001,2102228.95,False,True,False,35.96
2025-11-19,BLKASHYAP,EQ,50.7,52.14,50.56,51.03,50.69,436906,1.5799999999999983,1.5799999999999983,1.932857142857143,54.745000000000005,57.79,61.546200000000006,57.79,65.31170459403971,50.26829540596029,0.2603116315639284,0.29746835443037933,1.925,356713.1,False,False,False,50.02
2025-11-19,BLS,EQ,325.5,326.95,320.8,322.8,323.9,939057,6.149999999999977,6.149999999999977,12.099999999999994,322.445,320.315,335.55800000000005,320.315,334.6449720865063,305.9850279134937,0.08947424932648364,0.32520325203252154,12.217499999999996,5549471.6,False,False,True,31.9
2025-11-19,BLSE,EQ,219.9,220.5,213.11,217.68,218.85,574418,7.389999999999986,7.389999999999986,9.367142857142863,207.878,190.932,187.09400000000002,190.932,227.0900743956313,154.77392560436869,0.3787534242099942,0.6184032476319352,8.306500000000003,734240.55,False,True,False,36.72
2025-11-19,BLUECOAST,BE,47.67,48.0,45.27,45.42,47.66,12981,2.729999999999997,2.729999999999997,3.0,48.563,49.2855,54.8176,49.2855,52.80501971155108,45.765980288448915,0.14282171070806154,0.054945054945054486,3.2735000000000007,9127.25,False,False,False,
2025-11-19,BLUEDART,EQ,6054.5,6054.5,5925.0,5937.0,5984.5,23542,129.5,129.5,272.25,6110.45,5993.75,5802.37,5993.75,6741.553015506105,5245.946984493895,0.2495275964149673,0.09266409266409266,202.6,412747.85,False,False,False,36.64
2025-11-19,BLUEJET,EQ,571.0,574.9,565.0,567.85,571.3,203444,9.899999999999977,9.899999999999977,22.810714285714305,579.6200000000001,614.9325,654.568,614.9325,688.4797247946857,541.3852752053143,0.23920422093379579,0.28787878787879084,20.962500000000006,497576.15,False,False,False,61.19
2025-11-19,BLUEPEBBLE,SM,108.3,117.9,108.3,114.8,110.5,43200,9.600000000000009,9.600000000000009,8.832142857142856,149.185,154.9975,167.31799999999998,154.9975,186.9752184145462,123.01978158545383,0.41262237667763907,0.6770833333333327,5.299999999999996,16840.0,False,False,False,56.48
2025-11-19,BLUESTARCO,EQ,1775.0,1798.0,1760.5,1795.0,1777.5,186454,37.5,37.5,57.442857142857164,1797.03,1882.485,1902.52,1882.485,2064.644054400268,1700.325945599732,0.19353041793190173,0.92,53.09500000000003,384479.0,False,False,False,42.17
2025-11-19,BLUESTONE,EQ,569.0,575.5,564.15,570.45,567.4,229356,11.350000000000023,11.350000000000023,28.149999999999995,600.9599999999999,657.22,643.8660000000001,657.22,787.8781088183966,526.5618911816034,0.397608438021961,0.555066079295159,30.022499999999997,635096.5,False,False,False,53.88
2025-11-19,BLUEWATER,SM,162.0,169.8,162.0,168.25,162.0,37000,7.800000000000011,7.800000000000011,7.153571428571427,158.47,155.67249999999999,153.522,155.67249999999999,166.13383237212184,145.21116762787813,0.13440180342863203,0.8012820512820501,6.159999999999999,28500.0,False,False,False,100.0
2025-11-19,BLUSPRING,EQ,75.35,75.96,73.75,74.42,75.35,117619,2.2099999999999937,2.2099999999999937,3.0592857142857133,76.361,78.23649999999999,79.616,78.23649999999999,82.63457810298999,73.83842189701,0.11243033885692737,0.3031674208144813,2.9214999999999995,179839.45,False,False,False,64.4
2025-11-19,BMETRICS,SM,46.25,46.25,45.5,46.0,46.25,13600,0.75,0.75,3.175,49.87,50.052499999999995,49.599,50.052499999999995,55.469461786832156,44.635538213167834,0.216451197715685,0.6666666666666666,2.4074999999999998,22960.0,False,False,False,88.24
2025-11-19,BMWVENTLTD,EQ,72.0,73.0,67.64,71.45,72.16,1132159,5.359999999999999,5.359999999999999,3.7764285714285717,68.878,65.76599999999999,,65.76599999999999,73.81845403588244,57.713545964117536,0.24488197658007033,0.7108208955223886,3.1495000000000006,677840.1,False,False,False,28.31
2025-11-19,BODALCHEM,EQ,55.55,56.38,55.35,55.6,56.1,143409,1.0300000000000011,1.0300000000000011,2.07142857142857,58.32899999999999,59.52850000000001,61.992,59.52850000000001,63.05138674243099,56.005613257569024,0.1183596678038581,0.24271844660194147,1.8034999999999985,198576.7,False,False,False,54.9
2025-11-19,BOHRAIND,EQ,20.54,20.54,19.65,20.25,19.64,4671,0.8900000000000006,0.8999999999999986,1.1307142857142851,20.041,20.689500000000002,22.4492,20.689500000000002,22.294834544573884,19.08416545542612,0.15518350318508248,0.6741573033707877,1.2229999999999996,17229.55,False,False,True,70.31
2025-11-19,BOMDYEING,EQ,151.5,152.73,150.0,152.19,151.1,397163,2.7299999999999898,2.7299999999999898,3.844999999999999,155.419,162.9495,171.31599999999997,162.9495,179.46726918957287,146.43173081042713,0.20273482507860258,0.8021978021978043,3.9150000000000005,602178.95,False,False,False,47.38
2025-11-19,BORANA,EQ,280.0,320.0,275.77,308.95,282.6,4214720,44.23000000000002,44.23000000000002,14.440714285714288,264.418,245.72150000000002,230.7928,245.72150000000002,296.4753113938257,194.9676886061744,0.41310028950519706,0.7501695681664028,12.344499999999998,418013.9,True,True,False,17.43
2025-11-19,BOROLTD,EQ,334.1,335.1,327.1,328.95,335.15,53151,8.0,8.049999999999955,9.689285714285708,338.25000000000006,341.03499999999997,345.26800000000003,341.03499999999997,352.1117368841197,329.95826311588024,0.0649595313332633,0.23124999999999574,8.684999999999997,74122.25,False,False,False,69.96
2025-11-19,BORORENEW,EQ,630.1,638.95,612.15,616.35,632.55,548743,26.800000000000068,26.800000000000068,28.385714285714283,658.635,658.8225,619.446,658.8225,695.0796851499825,622.5653148500174,0.11006662689869441,0.15671641791044905,26.964999999999993,911099.7,False,False,False,46.23
2025-11-19,BOROSCI,EQ,134.83,136.5,129.5,130.7,134.83,54891,7.0,7.0,5.257857142857143,130.029,133.2815,136.7908,133.2815,141.55525676461323,125.00774323538676,0.12415461657639267,0.1714285714285698,4.6214999999999975,64112.85,False,False,False,55.06
2025-11-19,BOSCHLTD,EQ,37065.0,37185.0,36600.0,36870.0,37045.0,18670,585.0,585.0,907.8571428571429,37179.0,37792.25,38699.7,37792.25,39492.38080379128,36092.11919620872,0.08997245751662218,0.46153846153846156,811.5,22894.5,False,False,True,45.14
2025-11-19,BOSS,SM,47.0,47.4,47.0,47.2,46.4,6000,0.3999999999999986,1.0,1.5107142857142857,44.3,43.46,45.159,43.46,46.71708458594499,40.20291541405501,0.149888844268062,0.5000000000000089,0.4599999999999998,5200.0,False,False,False,33.33
2025-11-19,BPCL,EQ,371.85,372.9,364.85,365.65,371.85,7056032,8.049999999999955,8.049999999999955,8.692857142857141,371.34999999999997,356.7,340.344,356.7,389.0701251156057,324.32987488439426,0.18149775786714736,0.09937888198757255,8.102499999999997,8645679.9,False,True,False,68.0
2025-11-19,BPL,EQ,67.0,68.5,66.28,66.96,66.8,33580,2.219999999999999,2.219999999999999,2.6614285714285706,69.63900000000001,72.625,77.6926,72.625,79.49969417501615,65.75030582498385,0.18932032151507458,0.3063063063063031,2.4939999999999984,62896.25,False,False,False,64.04
2025-11-19,BRACEPORT,SM,82.95,87.5,82.95,85.4,88.9,25600,4.549999999999997,5.950000000000003,4.225000000000002,85.925,80.02250000000001,78.38,80.02250000000001,92.8494043420461,67.19559565795392,0.32058244473856956,0.5384615384615394,3.0400000000000014,9600.0,False,False,False,93.75
2025-11-19,BRIGADE,EQ,925.3,930.6,919.1,925.2,926.0,82411,11.5,11.5,25.674999999999972,960.8199999999999,985.26,949.114,985.26,1056.6541706303842,913.8658293696158,0.14492452881550905,0.5304347826086976,25.20749999999997,330227.15,False,False,True,44.26
2025-11-19,BRIGHOTEL,EQ,78.61,78.96,78.03,78.12,78.91,111173,0.9299999999999926,0.9299999999999926,1.1135714285714269,79.98400000000001,81.18699999999998,82.1604,81.18699999999998,84.5110764130808,77.86292358691917,0.08188691325164911,0.09677419354839153,1.461500000000001,214665.6,False,False,False,71.65
2025-11-19,BRITANNIA,EQ,5850.0,5882.5,5804.5,5874.5,5840.0,280409,78.0,78.0,131.14285714285714,5907.0,5937.025,5986.54,5937.025,6145.821425975166,5728.2285740248335,0.07033705466127096,0.8974358974358975,114.225,430223.85,False,False,False,70.64
2025-11-19,BRNL,EQ,24.26,25.6,24.26,25.06,24.98,129565,1.3399999999999999,1.3399999999999999,1.5,24.832,24.112000000000002,22.8932,24.112000000000002,25.889094257488892,22.33490574251111,0.14740330602927093,0.5970149253731323,1.3210000000000002,142487.4,False,False,False,76.96
2025-11-19,BROOKS,EQ,104.93,104.93,102.94,103.39,104.56,11731,1.990000000000009,1.990000000000009,5.785714285714287,105.245,109.92850000000001,128.296,109.92850000000001,123.00877411792419,96.84822588207584,0.23797785138383903,0.22613065326633205,5.770000000000001,51268.3,False,False,True,42.94
2025-11-19,BSE,EQ,2832.0,2914.6,2825.0,2898.3,2834.1,6111316,89.59999999999991,89.59999999999991,86.02142857142856,2712.9100000000003,2592.9049999999997,2375.93,2592.9049999999997,2908.6553917653896,2277.15460823461,0.24354952592971196,0.81808035714286,70.83499999999997,4602699.7,True,True,False,35.98
2025-11-19,BSE500IETF,EQ,40.36,40.47,40.09,40.28,40.24,81392,0.37999999999999545,0.37999999999999545,0.6549999999999991,40.124,40.1385,39.5162,40.1385,40.490254175525955,39.786745824474046,0.017527021464476964,0.5,0.6594999999999995,158714.7,False,False,True,52.82
2025-11-19,BSHSL,EQ,113.74,115.88,113.5,114.11,113.74,6307,2.3799999999999955,2.3799999999999955,3.7207142857142848,118.071,120.8015,126.4268,120.8015,127.94320924919096,113.65979075080905,0.11823875116105267,0.2563025210084036,3.5680000000000005,9488.35,False,False,False,49.44
2025-11-19,BSL,EQ,194.99,195.99,188.34,189.03,192.19,7902,7.650000000000006,7.650000000000006,10.272857142857145,197.50799999999998,192.85049999999998,176.0634,192.85049999999998,206.9289537148077,178.77204628519226,0.14600380828473583,0.09019607843137219,10.1635,16350.5,False,False,False,39.24
2025-11-19,BSLGOLDETF,EQ,108.66,108.9,107.55,108.62,106.9,301908,1.3500000000000085,2.0,2.762857142857141,108.607,108.20449999999998,104.29199999999999,108.20449999999998,114.23162692748463,102.17737307251534,0.11140251888756282,0.7925925925925931,3.1420000000000003,744287.5,False,False,True,81.66
2025-11-19,BSLNIFTY,EQ,30.23,30.27,30.02,30.25,30.12,222295,0.25,0.25,0.48571428571428626,29.978,30.008,29.4492,30.008,30.32778742939664,29.68821257060336,0.021313478365545237,0.9200000000000017,0.5250000000000004,310978.3,False,False,False,88.69
2025-11-19,BSLSENETFG,EQ,85.89,85.9,84.32,85.17,84.53,1986,1.5800000000000125,1.5800000000000125,1.8407142857142875,84.209,84.2855,82.6656,84.2855,85.3206903206651,83.2503096793349,0.024563900568071485,0.5379746835443049,1.9930000000000014,2934.0,False,False,False,94.31
2025-11-19,BSOFT,EQ,378.4,398.75,377.95,391.3,379.85,3087869,20.80000000000001,20.80000000000001,12.146428571428569,384.41499999999996,376.09250000000003,369.296,376.09250000000003,407.5542271458524,344.63077285414766,0.16730845281866755,0.6418269230769238,13.154999999999996,3293807.75,False,True,False,22.94
2025-11-19,BTML,EQ,8.82,8.94,8.55,8.61,8.82,70462,0.3899999999999988,0.3899999999999988,0.6085714285714284,8.381,8.3775,8.7548,8.3775,9.171423799869975,7.583576200130024,0.18953716499432421,0.15384615384615105,0.5720000000000001,320905.55,False,False,False,91.93
2025-11-19,BUTTERFLY,EQ,718.6,730.8,713.05,724.1,716.1,12521,17.75,17.75,32.571428571428555,729.09,726.6049999999999,711.344,726.6049999999999,773.9083814858941,679.3016185141057,0.13020384248909433,0.6225352112676095,25.557499999999997,27293.75,False,False,False,70.62
2025-11-19,BVCL,BE,42.84,43.8,42.11,42.44,43.05,8661,1.6899999999999977,1.6899999999999977,1.524285714285714,45.215999999999994,45.979,50.006800000000005,45.979,48.49677600274526,43.46122399725474,0.10951851944345278,0.19526627218934836,1.576,12452.4,False,False,False,
2025-11-19,BYKE,EQ,61.92,63.09,61.01,61.33,61.87,22078,2.0800000000000054,2.0800000000000054,2.6028571428571445,61.846000000000004,61.618500000000004,65.4412,61.618500000000004,63.80205925039871,59.434940749601296,0.07087349579748642,0.15384615384615358,2.6010000000000018,56523.75,False,False,False,55.06
2025-11-19,C2C,ST,670.0,678.0,655.95,657.0,679.95,52050,22.049999999999955,24.0,29.2714285714286,675.7149999999999,668.03,694.666,668.03,705.2990676030429,630.7609323969571,0.11157902370565069,0.04761904761904565,27.21750000000002,30322.5,False,False,False,96.83
2025-11-19,CADSYS,SM,45.25,47.5,45.25,45.25,47.6,17500,2.25,2.3500000000000014,3.253571428571429,57.19500000000001,63.267500000000005,64.785,63.267500000000005,79.9671489484061,46.567851051593905,0.527906079690397,0.0,2.595,4600.0,False,False,False,97.14
2025-11-19,CALSOFT,EQ,17.5,17.5,16.01,16.42,16.35,11326,1.4899999999999984,1.4899999999999984,1.081428571428571,16.976,17.6095,16.473,17.6095,19.279715255588382,15.93928474441162,0.18969479605762585,0.2751677852348997,1.2219999999999995,59340.15,False,False,False,55.47
2025-11-19,CALSOFTPP,E1,4.5,4.9,4.5,4.74,5.01,1706,0.40000000000000036,0.5099999999999998,0.6557142857142859,5.095000000000001,5.164,4.8518,5.164,5.6225804182474475,4.705419581752552,0.17760666856988683,0.6,0.5820000000000001,9598.35,False,False,True,98.42
2025-11-19,CAMLINFINE,EQ,161.0,164.0,155.21,157.01,161.43,596775,8.789999999999992,8.789999999999992,8.618571428571425,173.791,183.76500000000001,199.21579999999997,183.76500000000001,211.609354903642,155.92064509635804,0.30304307026519706,0.20477815699658528,8.627499999999994,678709.6,False,False,False,49.26
2025-11-19,CAMPUS,EQ,271.3,271.3,260.15,263.25,271.3,438119,11.150000000000034,11.150000000000034,7.607142857142853,273.065,277.1725,276.075,277.1725,287.642336436163,266.702663563837,0.07554744021259689,0.2780269058295976,6.825,311963.2,False,False,False,48.35
2025-11-19,CAMS,EQ,3959.0,3968.7,3915.6,3929.0,3945.8,159483,53.09999999999991,53.09999999999991,94.8785714285714,3888.1800000000003,3890.0850000000005,3875.612,3890.0850000000005,4030.1705492190295,3749.9994507809715,0.07202184487949695,0.2523540489642206,78.69500000000002,358654.95,False,False,False,39.59
2025-11-19,CANARYS,SM,34.5,34.5,33.05,33.35,33.4,72000,1.4500000000000028,1.4500000000000028,1.3535714285714282,30.045000000000005,29.482499999999998,29.726,29.482499999999998,32.89926381975694,26.06573618024306,0.23178250282417973,0.20689655172414045,0.8574999999999997,102600.0,False,True,False,55.56
2025-11-19,CANBK,EQ,149.2,150.88,147.71,150.38,149.0,26500324,3.1699999999999875,3.1699999999999875,3.4678571428571385,144.23399999999998,136.612,126.211,136.612,153.55289088566516,119.67110911433483,0.24801468224848724,0.8422712933753937,3.2499999999999956,34814871.7,True,True,False,47.18
2025-11-19,CANFINHOME,EQ,903.8,909.3,881.0,890.3,906.8,359195,28.299999999999955,28.299999999999955,24.04642857142857,884.0450000000001,867.5975000000001,810.7640000000001,867.5975000000001,914.505414843871,820.6895851561292,0.10813289536650557,0.32862190812720743,23.317500000000013,394488.75,False,True,False,61.26
2025-11-19,CANHLIFE,EQ,120.45,124.66,118.07,121.63,119.37,1418404,6.590000000000003,6.590000000000003,4.580000000000001,120.61800000000001,118.2615,,118.2615,126.33222803407475,110.19077196592525,0.13648952590783556,0.5402124430955995,5.259,6082005.4,False,False,False,45.73
2025-11-19,CANTABIL,EQ,256.2,257.25,253.0,254.6,256.5,77953,4.25,4.25,6.8964285714285705,252.42,252.52000000000004,254.11,252.52000000000004,264.0298392690783,241.01016073092177,0.0911598231354211,0.3764705882352928,7.135,192033.3,False,False,False,45.06
2025-11-19,CAPACITE,EQ,296.35,300.0,294.6,296.05,298.1,193901,5.399999999999977,5.399999999999977,11.010714285714275,289.235,282.83250000000004,289.743,282.83250000000004,302.8390058168602,262.82599418313987,0.1414724673922563,0.26851851851851755,9.954999999999988,367407.2,False,False,True,47.94
2025-11-19,CAPINVIT,IV,76.55,76.98,75.57,76.76,79.09,218412,1.4100000000000108,3.5200000000000102,1.510000000000002,78.245,77.0985,77.0986,77.0985,79.70644382608214,74.49055617391787,0.06765225850262027,0.8439716312056758,1.3235000000000015,160432.8,False,True,False,85.28
2025-11-19,CAPITALSFB,EQ,278.45,285.0,273.1,278.3,276.25,50651,11.899999999999977,11.899999999999977,7.721428571428569,271.55,276.7725,281.805,276.7725,289.3486073071117,264.19639269288825,0.09087685595289798,0.4369747899159663,7.297499999999994,47759.05,False,False,False,56.75
2025-11-19,CAPLIPOINT,EQ,1900.0,1935.9,1900.0,1931.3,1914.9,40145,35.90000000000009,35.90000000000009,39.08571428571434,1948.81,1982.235,2074.542,1982.235,2062.1681539475294,1902.3018460524704,0.08064952333858447,0.8718662952646205,42.01500000000006,51195.7,False,False,False,32.16
2025-11-19,CAPTRUST,EQ,17.73,17.73,17.73,17.73,18.67,13847,0.0,0.9400000000000013,1.3121428571428577,22.326,24.46,33.9788,24.46,30.9139600246657,18.006039975334303,0.527715455818945,0.5,1.0665,47668.0,False,False,True,100.0
2025-11-19,CARBORUNIV,EQ,860.15,873.35,833.0,839.55,857.65,504040,40.35000000000002,40.35000000000002,24.064285714285713,882.53,895.525,926.8329999999999,895.525,936.893097611567,854.156902388433,0.09238848186609422,0.16232961586121317,22.160000000000004,112196.15,False,False,False,79.9
2025-11-19,CARERATING,EQ,1537.1,1539.0,1505.0,1530.6,1537.1,37990,34.0,34.0,50.47142857142863,1573.4099999999999,1576.065,1566.954,1576.065,1634.092554661561,1518.037445338439,0.07363599174090027,0.7529411764705856,45.49000000000003,66377.2,False,False,False,56.48
2025-11-19,CARRARO,EQ,556.5,556.55,542.5,547.1,556.4,87439,14.049999999999955,14.049999999999955,18.96428571428571,530.425,516.5725,484.194,516.5725,557.2933727190382,475.8516272809618,0.15765791914605673,0.3274021352313194,17.67,193801.15,False,True,False,52.8
2025-11-19,CARTRADE,EQ,3171.1,3190.9,3076.8,3101.3,3181.4,263029,114.09999999999991,114.09999999999991,181.43571428571428,3076.2200000000003,2902.355,2643.75,2902.355,3435.169476060849,2369.540523939151,0.36716010002969923,0.21472392638036827,151.645,701833.9,False,True,False,53.29
2025-11-19,CARYSIL,EQ,1044.2,1052.95,1010.1,1022.2,1037.95,143611,42.85000000000002,42.85000000000002,45.232142857142875,1007.6199999999999,962.6449999999999,925.1010000000001,962.6449999999999,1065.3602320739258,859.9297679260739,0.21340209957757217,0.2823803967327892,38.58750000000001,186141.05,False,False,False,50.87
2025-11-19,CASHIETF,EQ,1037.43,1037.45,1037.43,1037.45,1037.29,100075,0.01999999999998181,0.16000000000008185,1.2457142857142571,1036.544,1035.2694999999999,1031.8626000000002,1035.2694999999999,1038.112515828303,1032.4264841716968,0.005492320266951018,1.0,2.311499999999967,343334.0,False,False,True,90.94
2025-11-19,CASTROLIND,EQ,191.18,191.66,190.38,190.87,191.23,681592,1.2800000000000011,1.2800000000000011,2.593571428571429,191.729,195.073,198.2988,195.073,202.36963785588924,187.77636214411078,0.07480930580745905,0.3828125000000068,2.5035,1090627.0,False,False,True,55.9
2025-11-19,CBAZAAR,SM,3.65,3.65,3.6,3.65,3.5,72000,0.04999999999999982,0.1499999999999999,0.16428571428571428,3.37,3.5050000000000003,3.7679999999999993,3.5050000000000003,3.8612302626111887,3.148769737388812,0.2032697646854142,1.0,0.11249999999999993,61200.0,False,False,False,88.89
2025-11-19,CCCL,BE,20.8,20.98,20.0,20.65,20.71,244536,0.9800000000000004,0.9800000000000004,1.167142857142857,21.022,22.333499999999997,23.065,22.333499999999997,25.434901457405893,19.232098542594102,0.27773537129477205,0.6632653061224473,1.2454999999999998,477001.4,False,False,False,
2025-11-19,CCHHL,EQ,16.24,16.7,16.0,16.51,16.15,41461,0.6999999999999993,0.6999999999999993,0.7228571428571424,16.485,16.716,17.0244,16.716,17.29106173581621,16.14093826418379,0.06880374920031222,0.7285714285714315,0.7209999999999998,32373.85,False,False,False,73.41
2025-11-19,CCL,EQ,1018.45,1039.3,1016.8,1032.7,1018.35,297566,22.5,22.5,36.10357142857146,1022.665,935.8125,900.205,935.8125,1124.5739999807965,747.0510000192036,0.4034173511911766,0.7066666666666707,28.98750000000003,838455.35,False,False,False,42.59
2025-11-19,CDSL,EQ,1605.0,1631.9,1589.1,1622.8,1605.7,1551858,42.80000000000018,42.80000000000018,36.41428571428575,1603.01,1606.165,1569.366,1606.165,1664.1525253826176,1548.1774746173824,0.07220618726297436,0.7873831775700911,34.88000000000003,1796920.4,False,True,False,25.01
2025-11-19,CEATLTD,EQ,3895.8,3938.0,3876.5,3894.6,3885.6,93284,61.5,61.5,134.99285714285716,4003.87,4049.585,3685.13,4049.585,4307.306945320887,3791.863054679113,0.1272831390480196,0.2943089430894294,166.93000000000004,549980.4,False,False,True,35.14
2025-11-19,CEDAAR,SM,79.9,81.9,78.9,81.25,78.55,12000,3.0,3.3500000000000085,4.3035714285714315,82.51,89.5725,97.36200000000001,89.5725,105.05796011586337,74.08703988413664,0.34576371354742497,0.7833333333333314,4.397500000000003,24050.0,False,False,False,91.67
2025-11-19,CEIGALL,EQ,248.8,248.85,244.8,247.7,247.0,78876,4.049999999999983,4.049999999999983,5.253571428571429,247.715,251.28250000000003,260.7718,251.28250000000003,260.6795354367754,241.88546456322467,0.0747925974691859,0.7160493827160468,6.009999999999998,175775.45,False,False,False,44.23
2025-11-19,CELEBRITY,EQ,10.15,10.23,10.04,10.13,10.2,15645,0.19000000000000128,0.19000000000000128,0.47000000000000025,10.233,10.481,11.246799999999999,10.481,11.048129614814812,9.913870385185188,0.10822051613678312,0.4736842105263212,0.4980000000000002,32780.9,False,False,True,90.3
2025-11-19,CELLECOR,SM,28.05,29.0,27.65,28.25,28.0,309000,1.3500000000000014,1.3500000000000014,1.8035714285714284,29.6,30.165,31.491999999999997,30.165,33.48811600760496,26.841883992395044,0.22032925626421065,0.44444444444444503,2.0799999999999996,982800.0,False,False,False,62.14
2025-11-19,CELLO,EQ,609.15,612.65,598.65,602.45,611.65,124545,14.0,14.0,23.600000000000023,621.9999999999999,627.5975,612.566,627.5975,662.5571978676852,592.6378021323147,0.11140802143949025,0.2714285714285763,22.180000000000017,427949.95,False,False,False,55.27
2025-11-19,CELLPOINT,SM,17.5,17.5,17.2,17.25,17.75,8400,0.3000000000000007,0.5500000000000007,0.7178571428571429,18.029999999999998,17.875,18.3,17.875,18.747639673634012,17.002360326365988,0.09763800544156778,0.16666666666666863,0.43000000000000005,5640.0,False,False,False,100.0
2025-11-19,CEMPRO,EQ,802.0,823.0,800.15,816.1,801.65,322582,22.850000000000023,22.850000000000023,28.653571428571443,827.9649999999999,820.9950000000001,,820.9950000000001,864.6139740823874,777.3760259176129,0.1062588056745467,0.6980306345733055,27.522500000000008,358567.3,False,False,False,42.37
2025-11-19,CENTENKA,EQ,461.5,461.5,449.1,449.5,458.65,12352,12.399999999999977,12.399999999999977,10.621428571428567,455.52,459.9125,478.82300000000004,459.9125,472.0102632230143,447.81473677698574,0.05260897767733768,0.032258064516127255,10.409999999999997,10762.55,False,False,False,72.57
2025-11-19,CENTEXT,BE,26.3,26.7,25.21,25.33,26.22,133054,1.4899999999999984,1.4899999999999984,1.3199999999999998,26.824,27.849,27.29,27.849,30.591027716854764,25.106972283145236,0.1969210899389396,0.08053691275167622,1.4439999999999995,130043.35,False,False,False,
2025-11-19,CENTRALBK,EQ,38.9,39.6,38.51,39.43,38.92,9788546,1.0900000000000034,1.0900000000000034,1.0314285714285707,38.425,38.84,37.8016,38.84,40.6544861531575,37.02551384684251,0.0934338904818484,0.8440366972477054,1.0955000000000001,11768322.95,False,False,False,36.44
2025-11-19,CENTRUM,EQ,32.93,33.36,32.5,32.81,32.93,140881,0.8599999999999994,0.8599999999999994,1.4785714285714278,33.400000000000006,33.4705,34.497,33.4705,34.63654416725931,32.30445583274069,0.06967593356892236,0.36046511627907263,1.3469999999999995,275776.7,False,False,False,66.33
2025-11-19,CENTUM,EQ,2513.8,2552.0,2480.1,2547.8,2513.2,18288,71.90000000000009,71.90000000000009,102.58571428571437,2450.01,2488.525,2608.342,2488.525,2612.27577979553,2364.77422020447,0.09945713207263739,0.9415855354659275,91.83500000000006,23332.8,False,False,False,49.68
2025-11-19,CENTURYPLY,EQ,773.8,783.05,771.0,778.0,780.85,26525,12.049999999999955,12.049999999999955,20.414285714285718,770.925,760.1075000000001,781.5420000000001,760.1075000000001,794.5101637776781,725.704836222322,0.09052052184112923,0.5809128630705416,18.105000000000008,104327.65,False,False,False,61.2
2025-11-19,CERA,EQ,5699.5,5699.5,5616.0,5651.0,5680.0,7669,83.5,83.5,136.89285714285714,5824.75,5947.775,6102.67,5947.775,6368.457121678596,5527.092878321403,0.14145865359015652,0.41916167664670656,132.8,18994.0,False,False,False,48.57
2025-11-19,CEREBRAINT,BZ,8.44,8.44,7.93,8.02,8.28,59682,0.5099999999999998,0.5099999999999998,0.5407142857142855,8.375,8.669,8.1338,8.669,9.719559850746283,7.618440149253718,0.24237163473209875,0.1764705882352939,0.3949999999999999,171484.15,False,False,False,
2025-11-19,CESC,EQ,174.0,174.51,170.91,171.38,174.89,1281846,3.5999999999999943,3.9799999999999898,4.034999999999997,174.173,176.904,169.7594,176.904,185.4383128604474,168.36968713955258,0.09648524465752516,0.13055555555555545,4.343499999999999,2778221.6,False,False,False,54.3
2025-11-19,CEWATER,EQ,421.05,427.2,419.0,422.8,423.95,16378,8.199999999999989,8.199999999999989,11.121428571428567,435.425,461.7925,491.12800000000004,461.7925,522.1386289147854,401.44637108521465,0.2613560372452362,0.4634146341463435,10.829999999999998,20886.15,False,False,False,65.98
2025-11-19,CGCL,EQ,195.0,196.35,191.49,195.02,195.64,2634808,4.859999999999985,4.859999999999985,7.117857142857141,197.377,199.315,192.8076,199.315,208.78529777778826,189.84470222221174,0.09502845021988572,0.7263374485596732,6.457499999999996,3118611.85,False,False,False,35.77
2025-11-19,CGPOWER,EQ,730.0,734.0,718.4,724.1,733.75,2048601,15.600000000000023,15.600000000000023,17.11785714285715,738.755,737.595,750.8889999999999,737.595,755.7952445038471,719.3947554961529,0.049350238284823246,0.36538461538461775,17.147499999999997,2401398.8,False,False,False,64.62
2025-11-19,CGRAPHICS,SM,211.45,212.0,204.95,206.4,211.45,49600,7.050000000000011,7.050000000000011,7.93214285714286,206.54500000000002,209.8475,220.49,209.8475,218.9175316978491,200.77746830215088,0.08644402909588265,0.20567375886525033,7.175000000000002,29880.0,False,False,False,83.87
2025-11-19,CHALET,EQ,875.2,890.5,875.0,885.95,875.35,76250,15.5,15.5,23.642857142857128,899.96,925.47,966.138,925.47,990.7067948323619,860.2332051676382,0.14098089583100878,0.7064516129032288,23.712499999999995,168898.55,False,False,False,58.71
2025-11-19,CHAMBLFERT,EQ,466.35,466.95,456.05,457.25,464.0,1094938,10.899999999999977,10.899999999999977,9.96071428571428,468.58500000000004,477.9725,506.45099999999996,477.9725,500.75217240765267,455.1928275923474,0.09531792062368709,0.11009174311926524,9.389999999999992,987729.9,False,False,False,56.03
2025-11-19,CHAMUNDA,SM,55.0,55.0,53.5,55.0,55.5,24000,1.5,2.0,2.8035714285714284,51.404999999999994,51.0075,50.145,51.0075,55.479219467945256,46.535780532054744,0.1753357630915162,1.0,2.1375,48750.0,False,True,True,62.5
2025-11-19,CHANDAN,SM,340.0,352.0,340.0,347.2,338.55,64000,12.0,13.449999999999989,19.528571428571432,326.525,325.6625,277.7,325.6625,352.8642255886464,298.46077441135367,0.16705469981128532,0.5999999999999991,16.4875,67280.0,False,True,False,70.0
2025-11-19,CHAVDA,SM,86.25,88.8,86.25,86.9,85.75,23000,2.549999999999997,3.049999999999997,2.9928571428571424,93.85,97.1625,103.78300000000002,97.1625,106.56621602080794,87.75878397919205,0.19356677773437178,0.25490196078431626,2.6100000000000003,22450.0,False,False,False,78.26
2025-11-19,CHEMBOND,EQ,165.57,168.6,165.56,167.72,166.4,1369,3.039999999999992,3.039999999999992,9.17642857142857,168.963,168.7135,173.1066,168.7135,177.9351143380653,159.49188566193473,0.10931685179982964,0.7105263157894744,8.149999999999997,12263.7,False,False,True,68.52
2025-11-19,CHEMBONDCH,EQ,145.35,159.59,145.35,157.45,151.04,11261,14.240000000000009,14.240000000000009,6.484285714285712,150.148,153.74349999999998,166.2694,153.74349999999998,163.26193952546964,144.22506047453032,0.12382233428365635,0.8497191011235946,6.933000000000002,15948.6,False,False,False,77.7
2025-11-19,CHEMCON,EQ,234.41,236.56,228.25,229.99,236.55,39584,8.310000000000002,8.310000000000002,8.316428571428574,235.625,244.04000000000002,248.7354,244.04000000000002,264.2403504920085,223.8396495079916,0.16554950411414882,0.20938628158844869,8.385500000000002,88045.2,False,False,False,45.82
2025-11-19,CHEMFAB,EQ,503.5,522.4,503.5,514.7,512.2,4740,18.899999999999977,18.899999999999977,28.246428571428577,535.755,564.3,602.955,564.3,632.7680874568586,495.8319125431414,0.24266555894686717,0.5925925925925957,28.070000000000004,18634.2,False,False,False,46.73
2025-11-19,CHEMICAL,EQ,29.46,29.5,29.02,29.18,29.46,472861,0.4800000000000004,0.4800000000000004,,,,,,,,,0.3333333333333333,,,False,False,False,90.1
2025-11-19,CHEMPLASTS,EQ,330.0,331.0,319.15,325.1,327.0,91945,11.850000000000023,11.850000000000023,14.814285714285704,353.95500000000004,375.1375,393.37199999999996,375.1375,426.2762414295669,323.9987585704331,0.2726399862960482,0.5021097046413531,13.097499999999991,88458.25,False,False,False,50.98
2025-11-19,CHENNPETRO,EQ,1090.0,1090.0,1054.0,1060.4,1096.55,1289853,36.0,42.549999999999955,52.38928571428573,1032.2400000000002,920.3699999999999,821.275,920.3699999999999,1171.67471822073,669.0652817792699,0.5460949796728057,0.1777777777777803,48.80500000000002,7112730.2,False,True,False,36.74
2025-11-19,CHETANA,SM,66.2,66.2,64.0,64.0,69.95,27200,2.200000000000003,5.950000000000003,3.082142857142856,67.86,70.2775,73.416,70.2775,77.5182509969613,63.03674900303871,0.20606171241041005,0.0,2.1399999999999992,14880.0,False,False,False,82.35
2025-11-19,CHEVIOT,EQ,1123.4,1127.4,1110.0,1112.7,1125.3,1505,17.40000000000009,17.40000000000009,27.392857142857142,1130.9299999999998,1137.44,1157.128,1137.44,1168.8265831208098,1106.0534168791903,0.05518811211283187,0.15517241379310526,27.86500000000003,2036.95,False,False,False,81.99
2025-11-19,CHOICEGOLD,EQ,120.98,123.37,120.98,122.78,120.96,124935,2.3900000000000006,2.410000000000011,,,,,,,,,0.7531380753138062,,,False,False,False,44.72
2025-11-19,CHOICEIN,EQ,800.0,806.0,790.1,799.75,783.9,630931,15.899999999999977,22.100000000000023,16.79642857142856,792.66,805.175,804.297,805.175,834.7313106628693,775.6186893371306,0.07341586776258416,0.6069182389937101,15.544999999999993,381553.35,False,False,False,21.48
2025-11-19,CHOLAFIN,EQ,1699.6,1699.6,1670.0,1678.1,1695.3,1108061,29.59999999999991,29.59999999999991,40.785714285714285,1714.2599999999998,1706.67,1633.2419999999997,1706.67,1760.0967760584401,1653.24322394156,0.06260938090953735,0.2736486486486464,39.58,1369225.35,False,False,False,57.72
2025-11-19,CHOLAHLDNG,EQ,1935.2,1935.2,1871.0,1889.9,1923.6,260620,64.20000000000005,64.20000000000005,53.77857142857142,1951.8200000000002,1932.33,1897.17,1932.33,2023.7404611081245,1840.9195388918754,0.09461164615580625,0.2943925233644872,56.58999999999999,178283.25,False,False,False,65.34
2025-11-19,CIEINDIA,EQ,425.0,431.0,422.0,424.1,424.85,64835,9.0,9.0,8.074999999999998,430.98,432.55,421.93699999999995,432.55,441.4055067613308,423.6944932386692,0.040945586689773605,0.23333333333333586,9.817499999999995,297110.45,False,False,False,62.46
2025-11-19,CIFL,EQ,33.7,33.7,31.82,32.63,33.02,263955,1.8800000000000026,1.8800000000000026,1.313571428571429,33.992000000000004,34.492000000000004,34.9494,34.492000000000004,35.956863133538434,33.027136866461575,0.08493929801336132,0.4308510638297879,1.3795000000000008,208507.45,False,False,False,50.82
2025-11-19,CIGNITITEC,EQ,1730.0,1800.0,1719.3,1793.9,1727.5,112645,80.70000000000005,80.70000000000005,43.20714285714286,1738.7,1718.705,1653.226,1718.705,1797.5716336291812,1639.8383663708187,0.09177448559139731,0.9244114002478326,43.73,79697.65,False,False,False,62.96
2025-11-19,CINELINE,EQ,87.0,88.46,86.48,87.75,87.2,22370,1.9799999999999898,1.9799999999999898,3.502142857142858,86.56899999999999,86.24600000000001,86.65879999999999,86.24600000000001,89.49018495157121,83.00181504842881,0.07523096611022421,0.6414141414141428,4.323500000000001,29007.8,False,False,False,86.79
2025-11-19,CINEVISTA,EQ,16.61,17.0,16.22,16.51,16.92,57104,0.7800000000000011,0.7800000000000011,0.8621428571428572,17.438,18.127999999999997,18.2024,18.127999999999997,19.7066019130864,16.549398086913595,0.17416172915781136,0.3717948717948747,0.9754999999999996,52531.85,False,False,False,79.49
2025-11-19,CIPLA,EQ,1511.4,1529.6,1505.4,1526.8,1514.5,1171078,24.199999999999818,24.199999999999818,24.828571428571454,1518.53,1553.485,1545.8419999999999,1553.485,1651.0680984341038,1455.901901565896,0.12563120781224657,0.8842975206611581,27.495000000000015,1631910.1,False,False,False,67.67
2025-11-19,CLASSICEIL,SM,82.1,88.0,82.0,88.0,82.8,27200,6.0,6.0,3.442857142857142,86.05999999999999,88.445,91.488,88.445,94.46130285141952,82.42869714858047,0.13604619484243372,1.0,3.0725000000000002,17120.0,False,False,False,88.24
2025-11-19,CLEAN,EQ,933.0,934.7,918.0,919.9,932.0,274215,16.700000000000045,16.700000000000045,24.114285714285725,942.39,992.7400000000001,1068.812,992.7400000000001,1100.6620904171082,884.8179095828921,0.2174226694141629,0.11377245508981869,22.569999999999993,296910.35,False,False,False,74.64
2025-11-19,CLEDUCATE,BE,83.73,83.73,81.55,83.28,83.74,21003,2.180000000000007,2.1899999999999977,3.830714285714284,88.0,87.6515,93.4148,87.6515,91.6115872465135,83.6914127534865,0.09035982833182536,0.7935779816513755,4.004,33120.1,False,False,True,
2025-11-19,CLSEL,EQ,269.0,269.2,265.55,266.75,268.45,15849,3.6499999999999773,3.6499999999999773,9.339285714285703,271.225,274.1475,272.383,274.1475,290.66874314330084,257.6262568566991,0.12052813279932055,0.32876712328767016,10.379999999999988,93996.65,False,False,True,56.1
2025-11-19,CMNL,SM,145.4,150.0,145.4,149.45,143.95,20250,4.599999999999994,6.050000000000011,8.110714285714286,156.135,155.58,154.64600000000002,155.58,168.44562862824802,142.714371371752,0.16538923548332693,0.880434782608693,6.38,27412.5,False,False,True,81.48
2025-11-19,CMRSL,SM,75.6,75.6,75.6,75.6,72.0,1600,0.0,3.5999999999999943,2.6642857142857133,78.785,80.7775,83.16,80.7775,88.36976415504624,73.18523584495377,0.18797967639618055,0.5,1.427499999999999,3480.0,False,False,True,100.0
2025-11-19,CMSINFO,EQ,354.0,358.55,352.0,357.1,354.0,392892,6.550000000000011,6.550000000000011,10.157142857142857,357.115,367.8875,382.384,367.8875,391.56288542453075,344.21211457546923,0.12870992042149168,0.7786259541984754,10.01,673222.7,False,False,False,77.49
2025-11-19,COALINDIA,EQ,383.1,383.85,378.45,379.05,383.95,5332643,5.400000000000034,5.5,7.060714285714283,382.235,386.3,388.138,386.3,397.83347302420196,374.76652697579806,0.059712518893098386,0.11111111111111462,5.429999999999993,6018962.9,False,False,False,66.11
2025-11-19,COASTCORP,EQ,42.19,46.0,41.35,44.16,42.04,402093,4.649999999999999,4.649999999999999,2.393571428571429,41.187,40.8605,37.699,40.8605,44.88258142632641,36.83841857367359,0.19686892849213342,0.6043010752688164,2.4754999999999994,456824.7,False,False,False,60.64
2025-11-19,COCHINSHIP,EQ,1705.1,1714.0,1694.4,1699.3,1710.0,332103,19.59999999999991,19.59999999999991,47.22142857142857,1733.6599999999999,1767.935,1786.174,1767.935,1850.8096107079848,1685.060389292015,0.09375300642612411,0.2499999999999942,42.125000000000014,970574.95,False,False,True,44.38
2025-11-19,COFFEEDAY,BE,36.96,36.98,36.0,36.47,36.96,250068,0.9799999999999969,0.9799999999999969,1.5421428571428584,38.951,40.694,42.38,40.694,44.91279793306104,36.47520206693896,0.20734250420509362,0.47959183673469424,1.5935000000000012,418704.05,False,False,True,
2025-11-19,COFORGE,EQ,1783.4,1865.7,1775.8,1858.2,1784.3,2324817,89.90000000000009,89.90000000000009,40.36428571428572,1796.67,1786.4399999999998,1732.6219999999998,1786.4399999999998,1850.7587499878464,1722.1212500121533,0.0720077360424605,0.9165739710789768,38.06,1611096.95,False,False,False,45.71
2025-11-19,COHANCE,EQ,597.6,597.85,573.8,582.25,596.45,1693413,24.050000000000068,24.050000000000068,28.767857142857142,658.725,752.2950000000001,850.2640000000001,752.2950000000001,966.9513204287284,537.6386795712717,0.5706706024331634,0.35135135135135226,25.297499999999996,1269518.45,False,False,False,53.69
2025-11-19,COLPAL,EQ,2186.8,2188.4,2167.7,2183.4,2180.7,260816,20.700000000000273,20.700000000000273,27.250000000000096,2179.25,2216.705,2266.712,2216.705,2298.8681906634597,2134.54180933654,0.07413092013908912,0.7584541062801964,33.030000000000065,462684.45,False,False,False,61.27
2025-11-19,COMMITTED,ST,205.0,211.0,200.0,207.0,201.0,31200,11.0,11.0,10.65357142857143,205.51,217.95,231.144,217.95,249.31655862538943,186.58344137461054,0.287832609547047,0.6363636363636364,5.690000000000002,3880.0,False,False,False,100.0
2025-11-19,COMMOIETF,EQ,94.4,94.41,93.62,93.9,94.25,61035,0.789999999999992,0.789999999999992,1.2542857142857113,94.629,94.541,92.571,94.541,96.28790469116034,92.79409530883966,0.03695549425456339,0.35443037974684044,1.2124999999999986,167640.2,False,False,True,71.26
2025-11-19,COMPINFO,BZ,2.23,2.23,2.11,2.12,2.23,10717,0.1200000000000001,0.1200000000000001,0.1557142857142857,2.114,1.989,1.8932,1.989,2.3103035947511343,1.6676964052488659,0.3230805377085311,0.08333333333333519,0.144,29944.9,False,False,False,
2025-11-19,COMPUSOFT,EQ,18.2,18.2,17.6,17.72,17.92,28915,0.5999999999999979,0.5999999999999979,0.7192857142857145,17.948,18.308,18.927599999999998,18.308,19.184826094502274,17.431173905497726,0.09578611475882388,0.19999999999999646,0.6569999999999998,24444.3,False,False,True,83.39
2025-11-19,COMSYN,BE,138.88,142.25,138.01,139.83,138.88,26117,4.240000000000009,4.240000000000009,5.813571428571428,144.707,149.2855,152.7908,149.2855,163.07205500841337,135.49894499158665,0.18470052360628939,0.4292452830188721,5.363000000000001,123007.1,False,False,False,
2025-11-19,CONCOR,EQ,525.4,528.4,516.0,517.55,522.6,1589480,12.399999999999977,12.399999999999977,11.349999999999998,523.76,531.865,536.681,531.865,553.6157724000792,510.11422759992087,0.0817905761803434,0.12499999999999656,9.79249999999999,1670722.25,False,False,False,51.72
2025-11-19,CONCORDBIO,EQ,1500.0,1500.0,1444.0,1448.7,1501.3,346596,56.0,57.299999999999955,42.84999999999997,1463.25,1470.48,1556.306,1470.48,1534.0809622568854,1406.8790377431146,0.08650367533986915,0.08392857142857224,40.31500000000001,103202.65,False,False,False,86.65
2025-11-19,CONFIPET,EQ,40.6,40.89,40.15,40.54,40.84,291814,0.740000000000002,0.740000000000002,1.2071428571428575,40.715,41.1505,44.1464,41.1505,42.494099270615244,39.80690072938476,0.06530172273071984,0.5270270270270264,1.1855000000000004,430021.0,False,False,True,52.53
2025-11-19,CONNPLEX,SM,221.0,239.0,221.0,232.4,220.05,146400,18.0,18.94999999999999,15.567857142857141,222.365,218.90749999999997,208.90599999999998,218.90749999999997,243.5357820147893,194.27921798521064,0.22501085631866735,0.6333333333333336,13.242500000000001,93600.0,False,False,False,63.39
2025-11-19,CONS,EQ,127.63,128.0,127.46,127.48,127.0,1440,0.5400000000000063,1.0,1.509999999999997,126.68699999999998,127.66749999999999,126.7374,127.66749999999999,129.94559459856214,125.38940540143784,0.03568793308496131,0.037037037037055555,1.462499999999998,32104.9,False,False,True,85.21
2025-11-19,CONSOFINVT,EQ,175.01,177.8,170.37,172.34,174.34,2767,7.430000000000007,7.430000000000007,6.878571428571429,176.42800000000003,179.4865,185.1394,179.4865,187.60438463825466,171.36861536174536,0.09045677126975735,0.2651413189771194,6.912499999999999,4740.9,False,False,False,86.3
2025-11-19,CONSUMBEES,EQ,138.9,138.9,137.77,138.36,138.04,67587,1.1299999999999955,1.1299999999999955,2.5049999999999955,137.54399999999998,138.57750000000001,137.546,138.57750000000001,141.12207756808345,136.03292243191657,0.03672425275507842,0.5221238938053149,2.5629999999999966,136943.05,False,False,False,76.16
2025-11-19,CONSUMER,EQ,12.24,12.24,12.14,12.19,12.17,263902,0.09999999999999964,0.09999999999999964,0.1285714285714285,12.145,12.244499999999999,12.2182,12.244499999999999,12.474410852288406,12.014589147711591,0.03755332635687979,0.4999999999999911,0.1334999999999999,302861.7,False,False,True,65.7
2025-11-19,CONSUMIETF,EQ,128.57,128.95,128.06,128.79,128.07,21248,0.8899999999999864,0.8899999999999864,1.2521428571428572,127.703,128.5795,127.7792,128.5795,130.81301270423975,126.34598729576024,0.034741349970092546,0.8202247191011247,1.5374999999999985,56785.25,False,False,False,56.19
2025-11-19,CONTI,SM,19.3,19.3,19.3,19.3,20.3,19998,0.0,1.0,1.0464285714285715,21.839999999999996,23.384999999999998,23.729,23.384999999999998,27.505691689510364,19.264308310489632,0.35242178229723037,0.5,0.5225000000000002,11998.8,False,False,True,100.0
2025-11-19,CONTROLPR,EQ,779.0,784.3,751.0,769.25,773.8,34819,33.299999999999955,33.299999999999955,34.325,719.97,732.975,763.4989999999999,732.975,789.9491564220144,676.0008435779856,0.15546002639111675,0.5480480480480487,26.827499999999997,39341.8,False,False,False,48.78
2025-11-19,COOLCAPS,SM,81.7,82.0,79.5,80.45,81.75,61250,2.5,2.5,3.0857142857142867,80.84,81.47749999999999,86.221,81.47749999999999,85.78429405126084,77.17070594873914,0.10571738335763498,0.3800000000000011,2.865000000000001,119875.0,False,False,False,83.67
2025-11-19,CORALFINAC,EQ,39.8,40.0,39.01,39.12,39.74,5150,0.990000000000002,0.990000000000002,1.6128571428571437,40.831,42.087,43.5446,42.087,45.023522433083095,39.15047756691691,0.13954534336413102,0.11111111111111031,1.5995000000000008,23988.2,False,False,True,75.67
2025-11-19,CORDSCABLE,EQ,186.69,186.69,178.0,179.81,185.77,48680,8.689999999999998,8.689999999999998,10.444285714285712,179.28199999999998,180.66299999999998,178.41120000000004,180.66299999999998,193.86884279779224,167.45715720220772,0.14619310869178812,0.20828538550057568,8.761,38212.95,False,False,False,73.44
2025-11-19,COROMANDEL,EQ,2246.0,2264.5,2222.5,2240.7,2232.6,268695,42.0,42.0,61.949999999999946,2194.63,2190.66,2223.004,2190.66,2263.0021149815384,2118.3178850184613,0.06604595417046785,0.433333333333329,59.85,399467.55,False,False,False,66.16
2025-11-19,COSMOFIRST,EQ,765.15,770.95,755.15,765.95,765.15,35409,15.800000000000068,15.800000000000068,28.214285714285722,817.335,839.9325000000001,878.826,839.9325000000001,917.2497184898086,762.6152815101916,0.18410340947590073,0.6835443037974697,26.975000000000005,50488.5,False,False,True,62.06
2025-11-19,COUNCODOS,EQ,6.38,6.39,6.02,6.24,6.33,45804,0.3700000000000001,0.3700000000000001,0.31357142857142867,6.143,6.416499999999999,6.865,6.416499999999999,7.034602742268637,5.798397257731361,0.19266040435397433,0.5945945945945962,0.31500000000000006,70201.4,False,False,False,70.92
2025-11-19,CPCAP,EQ,118.9,119.01,110.0,115.97,118.09,48462,9.010000000000005,9.010000000000005,5.680714285714288,117.26700000000001,118.39200000000001,127.42299999999999,118.39200000000001,126.42176861434811,110.36223138565191,0.13564714869835967,0.6625971143174246,6.417000000000003,26699.25,False,False,False,79.71
2025-11-19,CPEDU,EQ,300.0,300.0,286.1,289.5,297.9,8448,13.899999999999977,13.899999999999977,17.410714285714278,297.275,303.3675,,303.3675,334.28424748417166,272.45075251582836,0.20382372854159822,0.24460431654676135,17.774999999999995,37784.9,False,False,False,70.99
2025-11-19,CPPLUS,EQ,1690.0,1745.1,1671.6,1721.9,1680.7,379244,73.5,73.5,71.45000000000005,1556.42,1471.215,1415.586,1471.215,1721.6431236203302,1220.7868763796696,0.340437153808696,0.6843537414966011,59.75000000000002,285381.4,True,True,False,32.66
2025-11-19,CPS,SM,941.0,949.0,940.5,940.5,990.0,2250,8.5,49.5,42.824999999999996,1033.7350000000001,951.4875,813.641,951.4875,1181.0296265802876,721.9453734197123,0.48249110278440377,0.0,30.347499999999997,4747.5,False,False,True,86.67
2025-11-19,CPSEETF,EQ,93.49,93.78,92.53,93.06,93.09,508819,1.25,1.25,2.027142857142859,92.881,93.617,92.7694,93.617,95.33819841970676,91.89580158029325,0.036771065505340955,0.42400000000000093,2.0755000000000017,938870.7,False,False,False,48.76
2025-11-19,CRAFTSMAN,EQ,6747.5,6805.0,6704.0,6776.5,6707.0,16599,101.0,101.0,224.0,6848.1,6728.025,6722.01,6728.025,7078.268269028836,6377.781730971164,0.104114734718981,0.7178217821782178,198.675,52358.95,False,False,False,53.14
2025-11-19,CRAMC,EQ,293.0,295.65,283.75,284.7,292.9,827601,11.899999999999977,11.899999999999977,13.753571428571433,304.06,313.45750000000004,,313.45750000000004,345.4295076785929,281.48549232140715,0.2039958059934306,0.07983193277310845,13.875000000000004,3585324.25,False,False,False,57.41
2025-11-19,CRAYONS,SM,45.0,46.0,45.0,45.85,46.7,7000,1.0,1.7000000000000028,2.4357142857142855,46.325,47.877500000000005,50.30799999999999,47.877500000000005,51.99593113333229,43.75906886666772,0.1720403585539047,0.8500000000000014,1.5625000000000004,10550.0,False,False,False,100.0
2025-11-19,CREATIVE,EQ,693.05,699.5,677.0,694.05,692.35,26111,22.5,22.5,28.828571428571422,695.115,674.0899999999999,652.763,674.0899999999999,726.4996136219297,621.6803863780701,0.15549737756658547,0.7577777777777758,23.8525,24690.4,False,False,True,78.32
2025-11-19,CREATIVEYE,EQ,7.54,7.54,7.21,7.21,7.36,20323,0.33000000000000007,0.33000000000000007,0.47214285714285725,7.355999999999999,7.540000000000001,7.629,7.540000000000001,7.960475920832573,7.119524079167429,0.1115320744913983,0.0,0.5685,19654.45,False,False,False,93.63
2025-11-19,CREDITACC,EQ,1321.0,1327.2,1308.1,1321.2,1328.5,84063,19.100000000000136,20.40000000000009,55.8357142857143,1358.84,1373.24,1366.86,1373.24,1488.3595448218946,1258.1204551781054,0.16766121700779846,0.685863874345552,57.66000000000001,680939.9,False,False,True,39.9
2025-11-19,CREST,EQ,355.0,355.85,344.15,351.1,358.7,12997,11.700000000000045,14.550000000000011,13.542857142857136,370.02,373.35499999999996,369.83,373.35499999999996,397.66337098614423,349.0466290138557,0.1302158588268231,0.5940170940170956,13.217499999999998,9704.1,False,False,False,63.0
2025-11-19,CRISIL,EQ,4640.0,4697.3,4620.0,4637.2,4645.2,25312,77.30000000000018,77.30000000000018,99.94285714285714,4691.58,4813.515,4807.603999999999,4813.515,5095.352927007736,4531.677072992265,0.11710275215003411,0.22250970245795315,107.35499999999993,38879.4,False,False,False,48.73
2025-11-19,CRIZAC,EQ,282.5,283.05,276.1,277.6,283.25,219219,6.949999999999989,7.149999999999977,10.689285714285713,293.525,303.8025,312.701,303.8025,331.574022734629,276.030977265371,0.1828261632779783,0.21582733812949675,11.044999999999998,771360.65,False,False,False,53.15
2025-11-19,CROMPTON,EQ,273.75,275.25,272.8,274.3,273.1,2675917,2.4499999999999886,2.4499999999999886,5.889285714285718,277.9,283.46,294.967,283.46,296.16883944347455,270.7511605565254,0.08966936741321227,0.6122448979591865,5.500000000000003,2969027.65,False,False,True,62.5
2025-11-19,CROWN,EQ,135.49,136.49,132.45,133.73,132.95,12452,4.0400000000000205,4.0400000000000205,6.2721428571428595,137.301,141.8365,153.39700000000002,141.8365,152.8944876559872,130.7785123440128,0.15592583934300697,0.3168316831683155,6.404999999999999,19718.3,False,False,False,41.47
2025-11-19,CSBBANK,EQ,423.9,424.7,417.65,421.4,422.5,147964,7.050000000000011,7.050000000000011,12.589285714285706,425.925,419.3325,390.08700000000005,419.3325,439.3582153430306,399.30678465696934,0.09551234565902067,0.5319148936170204,14.162499999999994,459365.6,False,False,True,50.16
2025-11-19,CSLFINANCE,EQ,310.0,310.0,291.35,303.45,309.7,41177,18.649999999999977,18.649999999999977,14.84285714285714,282.025,280.03249999999997,285.269,280.03249999999997,310.7460519762864,249.31894802371355,0.21935705302981934,0.6487935656836451,13.492499999999996,21889.7,False,True,False,58.72
2025-11-19,CTE,EQ,47.29,47.29,43.13,43.3,45.4,52633,4.159999999999997,4.159999999999997,2.830714285714286,49.31,51.364999999999995,45.7294,51.364999999999995,59.00394888057271,43.72605111942728,0.2974379005382153,0.04086538461538335,2.6350000000000007,38345.25,False,False,False,51.57
2025-11-19,CUB,EQ,276.86,277.4,266.02,274.35,278.76,3603214,11.379999999999995,12.740000000000009,11.53428571428572,264.162,246.90749999999997,224.37699999999998,246.90749999999997,285.0032955029155,208.81170449708446,0.3085835424433483,0.7319859402460496,10.369500000000002,5454580.2,False,True,False,43.83
2025-11-19,CUBEXTUB,EQ,87.98,88.76,82.65,83.4,86.73,80602,6.109999999999999,6.109999999999999,3.964285714285713,89.684,92.13000000000001,92.815,92.13000000000001,98.35966451745202,85.900335482548,0.13523639460440698,0.12274959083469723,4.049999999999999,32085.2,False,False,False,42.96
2025-11-19,CUDML,SM,158.5,160.0,157.05,157.7,160.0,27000,2.9499999999999886,2.9499999999999886,5.3321428571428555,154.39,146.5525,148.004,146.5525,164.19320505960582,128.9117949403942,0.24074246511804037,0.2203389830508406,5.24,43650.0,False,False,True,88.89
2025-11-19,CUMMINSIND,EQ,4260.0,4266.7,4183.3,4261.3,4252.4,445363,83.39999999999964,83.39999999999964,96.75714285714282,4333.6,4262.93,4096.54,4262.93,4535.504563009821,3990.355436990179,0.1278813224753027,0.9352517985611551,94.60499999999999,519358.9,False,True,False,42.98
2025-11-19,CUPID,EQ,315.5,336.99,315.5,331.17,313.66,10486086,21.49000000000001,23.329999999999984,15.568571428571426,283.466,262.874,234.7558,262.874,323.38551903563445,202.3624809643656,0.46038420715349876,0.7291763610981856,13.596499999999997,3659922.55,True,True,False,16.23
2025-11-19,CURAA,BE,143.43,153.5,139.04,139.04,146.36,2627,14.460000000000008,14.460000000000008,10.549285714285714,166.004,162.692,193.6164,162.692,186.2187112873869,139.16528871261312,0.2892178015807401,0.0,5.1579999999999995,1532.9,False,False,False,
2025-11-19,CURIS,ST,140.6,145.95,136.0,140.7,140.6,60000,9.949999999999989,9.949999999999989,,,,,,,,,0.4723618090452255,,,False,False,False,86.67
2025-11-19,CURRENT,SM,156.0,161.5,152.95,157.95,159.6,108800,8.550000000000011,8.550000000000011,5.4607142857142845,147.92,148.79,144.757,148.79,158.94103935565232,138.63896064434766,0.1364478709006295,0.5847953216374261,4.785000000000001,48320.0,False,False,False,61.76
2025-11-19,CYBERMEDIA,BE,18.7,18.7,17.42,17.94,18.15,4883,1.2799999999999976,1.2799999999999976,0.8521428571428571,17.555,17.561999999999998,17.9072,17.561999999999998,18.137173017447783,16.986826982552213,0.0655019949262937,0.40625000000000044,0.914,4148.8,False,False,False,
2025-11-19,CYBERTECH,BE,150.9,152.88,150.1,150.52,150.9,16298,2.780000000000001,2.780000000000001,6.0007142857142854,158.217,159.4625,169.8572,159.4625,176.60821302104424,142.31678697895578,0.21504382561472735,0.15107913669065315,5.5029999999999974,81175.0,False,False,False,
2025-11-19,CYIENT,EQ,1130.0,1156.4,1122.0,1152.6,1127.9,359019,34.40000000000009,34.40000000000009,26.59999999999999,1146.76,1167.065,1179.436,1167.065,1215.8274558446392,1118.302544155361,0.08356425022537585,0.8895348837209253,29.520000000000003,391741.05,False,False,False,35.47
2025-11-19,CYIENTDLM,EQ,454.0,454.0,441.0,446.2,454.85,145223,13.0,13.850000000000023,13.439285714285708,444.11,449.63250000000005,452.16900000000004,449.63250000000005,467.3234093887229,431.9415906112772,0.0786905278809821,0.39999999999999913,12.939999999999998,187352.6,False,False,False,45.62
2025-11-19,DABUR,EQ,520.85,523.55,516.6,517.55,520.85,2419687,6.949999999999932,6.949999999999932,10.446428571428571,520.83,512.7525,514.099,512.7525,531.7193520055396,493.78564799446053,0.07398053448999087,0.1366906474820059,9.975,2533930.25,False,False,False,66.1
2025-11-19,DALBHARAT,EQ,1991.0,2035.1,1982.0,2021.3,1991.0,208367,53.09999999999991,53.09999999999991,37.84285714285717,2034.2400000000002,2087.445,2226.48,2087.445,2217.2166220904996,1957.6733779095007,0.1243353689227735,0.7401129943502829,45.38000000000003,311019.95,False,False,False,56.0
2025-11-19,DALMIASUG,EQ,315.85,316.15,312.2,313.0,314.85,29974,3.9499999999999886,3.9499999999999886,13.250000000000009,320.29499999999996,338.61,355.88700000000006,338.61,378.1582945270703,299.0617054729297,0.2335920057120009,0.20253164556962372,12.890000000000006,80046.95,False,False,True,68.67
2025-11-19,DAMCAPITAL,EQ,246.0,246.49,239.27,239.9,246.17,610983,7.219999999999999,7.219999999999999,9.905714285714284,245.61600000000004,247.94199999999995,243.1132,247.94199999999995,260.2621470770446,235.62185292295533,0.09937926674016202,0.08725761772853124,9.180499999999999,1054239.5,False,False,False,50.58
2025-11-19,DAMODARIND,EQ,32.6,32.99,31.61,32.5,32.59,6761,1.3800000000000026,1.3800000000000026,1.4028571428571435,33.197,34.0825,34.501799999999996,34.0825,36.31233295338458,31.852667046615423,0.13084914272043308,0.6449275362318833,1.3925000000000007,6501.05,False,False,False,85.93
2025-11-19,DANGEE,EQ,3.93,3.93,3.78,3.89,3.88,103628,0.15000000000000036,0.15000000000000036,0.19785714285714304,4.0,4.159,4.2438,4.159,4.540360721627179,3.77763927837282,0.18339058505755207,0.7333333333333337,0.20150000000000018,113709.35,False,False,True,78.25
2025-11-19,DANISH,SM,731.0,731.0,705.0,707.95,731.75,41850,26.0,26.75,36.06071428571431,762.815,804.5925,839.559,804.5925,913.8643320291194,695.3206679708805,0.27162030973224194,0.11346153846154021,30.81000000000002,41040.0,False,False,False,80.29
2025-11-19,DATAMATICS,EQ,899.9,904.95,885.05,900.05,895.35,58645,19.90000000000009,19.90000000000009,33.982142857142875,891.85,900.1075000000001,895.602,900.1075000000001,966.8713620437728,833.3436379562273,0.14834641871948126,0.7537688442211021,32.41500000000001,253252.85,False,False,True,33.2
2025-11-19,DATAPATTNS,EQ,3108.0,3108.9,3027.1,3055.2,3114.4,405760,81.80000000000018,87.30000000000018,108.1285714285714,2886.7200000000003,2833.895,2757.362,2833.895,3131.0265700157083,2536.7634299842916,0.2096983621592955,0.34352078239608613,95.18499999999999,774185.1,False,True,True,27.44
2025-11-19,DAVANGERE,EQ,3.71,3.72,3.65,3.68,3.71,1812060,0.07000000000000028,0.07000000000000028,0.17285714285714288,3.7270000000000003,3.6815000000000007,3.7648,3.6815000000000007,4.003572973097713,3.3594270269022886,0.1749683406751118,0.4285714285714304,0.1495,5124377.35,False,False,False,64.5
2025-11-19,DBCORP,EQ,264.9,264.9,259.1,261.05,260.5,44757,5.7999999999999545,5.7999999999999545,7.592857142857134,261.235,260.1,265.734,260.1,272.8123955256267,247.38760447437335,0.09775006171185448,0.3362068965517248,8.304999999999989,154239.4,False,False,False,59.09
2025-11-19,DBEIL,EQ,138.9,141.98,135.0,135.31,137.58,57373,6.97999999999999,6.97999999999999,5.219285714285716,140.20600000000002,146.863,155.4376,146.863,161.71337656088167,132.01262343911833,0.20223441657710478,0.044412607449857124,5.824500000000002,72054.85,False,False,False,56.5
2025-11-19,DBL,EQ,450.0,450.0,428.55,431.9,450.0,308586,21.44999999999999,21.44999999999999,16.90357142857143,469.18999999999994,477.8625,501.286,477.8625,511.96210227040854,443.7628977295915,0.1427172137190448,0.15617715617715466,15.520000000000001,313567.0,False,False,False,57.2
2025-11-19,DBOL,EQ,69.2,72.6,69.0,71.03,69.44,91493,3.5999999999999943,3.5999999999999943,3.0128571428571393,73.284,76.19,80.0932,76.19,83.61549122954135,68.76450877045865,0.1949203630277294,0.5638888888888901,2.8389999999999977,61090.05,False,False,False,75.26
2025-11-19,DBREALTY,EQ,142.98,143.13,140.0,140.92,142.98,798026,3.1299999999999955,3.1299999999999955,5.821428571428574,144.445,148.1575,158.8076,148.1575,157.426184642384,138.888815357616,0.1251193445135614,0.29392971246006033,5.279499999999999,1401740.95,False,False,False,48.03
2025-11-19,DBSTOCKBRO,EQ,25.85,25.85,24.8,25.01,25.35,2515,1.0500000000000007,1.0500000000000007,0.7414285714285709,25.055,25.3555,25.7048,25.3555,26.07094321927062,24.640056780729378,0.05643298055811337,0.20000000000000068,0.8954999999999995,5254.25,False,False,False,93.16
2025-11-19,DCAL,EQ,248.6,248.6,241.0,242.35,248.65,185359,7.599999999999994,7.650000000000006,11.00714285714285,255.58,272.075,278.922,272.075,312.4296341824581,231.7203658175419,0.29664345627094063,0.1776315789473678,10.512499999999987,218660.7,False,False,False,53.23
2025-11-19,DCBBANK,EQ,187.0,187.1,182.02,184.82,187.25,2711993,5.079999999999984,5.22999999999999,6.459285714285713,173.68,163.866,142.3134,163.866,190.73367529951156,136.99832470048847,0.3279225135111804,0.5511811023622031,7.061999999999998,8149557.15,False,True,False,40.93
2025-11-19,DCCL,SM,54.0,55.5,54.0,55.5,56.0,6000,1.5,2.0,2.510714285714286,55.735,54.839999999999996,54.89900000000001,54.839999999999996,57.94187040348253,51.73812959651746,0.11312437649462204,1.0,1.7250000000000003,20400.0,False,False,False,100.0
2025-11-19,DCG,SM,72.0,72.9,70.6,71.95,73.0,7200,2.3000000000000114,2.4000000000000057,3.482142857142858,67.5,65.04749999999999,66.788,65.04749999999999,74.22652364088903,55.86847635911094,0.28222525511015933,0.5869565217391313,3.1425000000000014,18720.0,False,True,False,83.33
2025-11-19,DCI,EQ,245.45,248.9,243.1,247.55,242.95,7398,5.800000000000011,5.950000000000017,11.257142857142854,250.73000000000002,252.23500000000004,258.9026,252.23500000000004,263.26405707665003,241.20594292335005,0.08745064782167415,0.7672413793103463,11.134999999999994,18617.9,False,False,True,54.37
2025-11-19,DCM,EQ,94.89,94.89,93.02,93.26,94.5,11129,1.8700000000000045,1.8700000000000045,3.730000000000001,92.96900000000001,94.4145,96.7242,94.4145,99.88349433168446,88.94550566831555,0.11585072910801743,0.12834224598930938,3.5085000000000006,21003.0,False,False,True,78.29
2025-11-19,DCMFINSERV,EQ,5.18,5.39,5.18,5.32,5.26,12634,0.20999999999999996,0.20999999999999996,0.42571428571428566,5.503,5.51,5.6259999999999994,5.51,5.94698970239586,5.07301029760414,0.15861695186782584,0.6666666666666695,0.3925,28627.55,False,True,True,89.77
2025-11-19,DCMNVL,EQ,134.37,138.95,133.0,135.53,133.15,14977,5.949999999999989,5.949999999999989,7.790714285714287,139.434,147.249,155.2326,147.249,166.37805632800567,128.11994367199432,0.2598191679129322,0.42521008403361443,8.274500000000002,27231.8,False,False,False,55.06
2025-11-19,DCMSHRIRAM,EQ,1201.0,1201.0,1166.0,1177.9,1190.6,36669,35.0,35.0,39.485714285714316,1224.7400000000002,1246.9299999999998,1226.61,1246.9299999999998,1323.8084781327063,1170.0515218672933,0.12330841046844092,0.3400000000000026,38.110000000000035,219167.45,False,False,False,49.13
2025-11-19,DCMSRIND,EQ,166.46,167.5,164.01,166.18,166.11,32251,3.490000000000009,3.490000000000009,6.1914285714285695,162.618,168.2255,168.0728,168.2255,181.0221112311033,155.4288887688967,0.15213640299601783,0.6217765042979972,5.260499999999999,109738.2,False,False,False,59.49
2025-11-19,DCW,EQ,68.88,68.99,67.1,67.6,69.01,648732,1.8900000000000006,1.9100000000000108,3.2035714285714305,68.39399999999999,66.1645,69.2076,66.1645,71.45537695944593,60.87362304055407,0.15993098895770172,0.2645502645502645,2.716500000000001,1969966.95,False,False,False,52.17
2025-11-19,DCXINDIA,EQ,207.0,207.16,198.1,199.14,204.64,669953,9.060000000000002,9.060000000000002,7.809285714285717,209.083,218.06099999999998,241.4816,218.06099999999998,238.4984743057948,197.62352569420517,0.18744731341959187,0.11479028697571653,7.094500000000001,607869.3,False,False,False,54.64
2025-11-19,DDEVPLSTIK,EQ,283.95,285.5,277.5,279.15,283.25,81733,8.0,8.0,12.257142857142858,286.39,296.505,319.43800000000005,296.505,319.5973125736661,273.4126874263339,0.15576339403157524,0.20624999999999716,11.220000000000002,104343.7,False,False,False,55.22
2025-11-19,DECCANCE,EQ,838.0,874.0,831.0,861.0,835.7,106003,43.0,43.0,42.57142857142856,963.5,1000.2549999999999,1045.96,1000.2549999999999,1123.6716030159644,876.8383969840354,0.24677027961062828,0.6976744186046512,40.560000000000024,66089.95,False,False,False,48.31
2025-11-19,DECCANTRAN,SM,30.1,30.45,29.55,29.8,30.55,16800,0.8999999999999986,1.0,1.6892857142857143,32.885,32.980000000000004,34.223,32.980000000000004,36.54053366786501,29.419466332134995,0.21592078034354206,0.27777777777777823,1.1999999999999997,18300.0,False,False,False,78.57
2025-11-19,DEEDEV,EQ,240.85,241.95,231.15,232.8,240.85,90464,10.799999999999983,10.799999999999983,10.19642857142857,232.865,246.9725,265.647,246.9725,278.35737653313305,215.58762346686694,0.2541568517396314,0.15277777777777854,9.092499999999996,129766.2,False,False,False,62.61
2025-11-19,DEEM,SM,50.55,52.8,50.55,52.8,50.55,27000,2.25,2.25,1.3321428571428566,50.675,50.8075,54.896,50.8075,53.26723067631402,48.347769323685974,0.09682549530341088,1.0,0.9124999999999993,8050.0,False,False,False,100.0
2025-11-19,DEEPAKFERT,EQ,1430.0,1459.8,1420.5,1449.0,1412.7,718532,39.299999999999955,47.09999999999991,48.50714285714288,1422.0,1443.315,1462.876,1443.315,1523.4508914594505,1363.1791085405496,0.11104421620983704,0.7251908396946574,40.91500000000004,329134.85,False,False,False,26.89
2025-11-19,DEEPAKNTR,EQ,1706.5,1718.0,1696.1,1711.4,1706.5,124688,21.90000000000009,21.90000000000009,28.37857142857146,1726.81,1740.3049999999998,1773.74,1740.3049999999998,1777.3647611972876,1703.245238802712,0.04258996118184778,0.6986301369863068,25.975000000000023,102709.9,False,False,False,51.45
2025-11-19,DEEPINDS,EQ,486.8,488.45,480.05,482.4,489.4,65750,8.399999999999977,9.349999999999966,16.549999999999994,486.1450000000001,481.21750000000003,502.139,481.21750000000003,498.0336313922093,464.40136860779074,0.06988994121040604,0.27976190476190144,15.184999999999999,129118.9,False,False,True,58.76
2025-11-19,DELAPLEX,SM,145.0,149.5,141.0,141.0,144.9,12000,8.5,8.5,6.257142857142857,143.585,151.3475,150.076,151.3475,170.9766231337523,131.7183768662477,0.2593914419960991,0.0,5.5725,9240.0,False,False,False,95.0
2025-11-19,DELHIVERY,EQ,435.5,442.8,433.3,436.0,435.85,1730332,9.5,9.5,14.464285714285714,439.895,456.555,460.63700000000006,456.555,497.2693819798362,415.8406180201638,0.1783547742543011,0.2842105263157883,12.854999999999995,3976204.95,False,False,False,51.56
2025-11-19,DELPHIFX,EQ,204.65,205.91,200.1,203.48,202.7,36098,5.810000000000002,5.810000000000002,9.48214285714286,200.56699999999998,212.4105,224.757,212.4105,246.97877937575146,177.84222062424857,0.3254855986474439,0.5817555938037856,11.206500000000002,79516.9,False,False,False,40.15
2025-11-19,DELTACORP,EQ,71.57,71.84,70.37,70.55,71.57,883957,1.4699999999999989,1.4699999999999989,1.4692857142857148,72.667,75.5055,79.2572,75.5055,81.78840848254211,69.22259151745789,0.16642253829302797,0.1224489795918318,1.4355000000000004,792592.4,False,False,False,51.22
2025-11-19,DELTAMAGNT,EQ,68.53,70.0,64.5,68.7,70.59,9274,5.5,6.090000000000003,3.5071428571428576,72.247,75.289,80.074,75.289,82.7021151346784,67.87588486532161,0.1969242554603831,0.7636363636363641,4.034,5766.9,False,False,False,59.59
2025-11-19,DELTIC,SM,52.05,53.0,51.6,52.0,52.0,31000,1.3999999999999986,1.3999999999999986,2.4857142857142867,57.565,58.355,62.504000000000005,58.355,63.8894286064598,52.82057139354019,0.18968138484996333,0.285714285714285,2.0625000000000004,32500.0,False,False,False,67.74
2025-11-19,DEN,EQ,31.99,32.04,31.79,31.9,31.96,151816,0.25,0.25,0.6685714285714285,32.274,32.772,34.068000000000005,32.772,34.00391882849492,31.540081171505083,0.07518118079427057,0.4399999999999977,0.648,308284.05,False,False,True,56.04
2025-11-19,DENEERS,SM,148.1,151.8,142.6,144.25,147.9,25200,9.200000000000017,9.200000000000017,6.564285714285717,157.245,164.74499999999998,192.21099999999998,164.74499999999998,183.2502938371779,146.23970616282205,0.22465378417770412,0.17934782608695682,6.3025,22050.0,False,False,False,71.43
2025-11-19,DENORA,EQ,742.1,742.85,710.0,718.7,738.4,4548,32.85000000000002,32.85000000000002,26.53214285714287,756.3799999999999,779.79,809.0260000000001,779.79,840.1569412841142,719.4230587158858,0.15482871358728428,0.26484018264840303,26.5425,4100.15,False,False,False,70.47
2025-11-19,DENTA,EQ,394.8,396.85,382.2,383.5,394.3,206158,14.650000000000034,14.650000000000034,15.510714285714284,401.0,404.9275,422.851,404.9275,423.7833074608338,386.07169253916624,0.09313177030867882,0.08873720136518828,15.419999999999998,310766.3,False,False,False,52.83
2025-11-19,DENTALKART,SM,587.0,605.0,587.0,602.5,599.45,19000,18.0,18.0,16.885714285714275,589.22,595.6850000000001,603.229,595.6850000000001,616.9146749857383,574.4553250142618,0.07127819228531272,0.8611111111111112,15.775,16837.5,False,False,False,63.16
2025-11-19,DEVIT,EQ,41.5,42.04,40.66,40.99,40.46,31680,1.3800000000000026,1.5799999999999983,1.4678571428571432,41.087,40.73950000000001,41.2962,40.73950000000001,42.45967993244134,39.019320067558674,0.08444776850188798,0.23913043478261217,1.6110000000000002,125010.9,False,False,False,50.7
2025-11-19,DEVX,EQ,40.85,41.55,40.61,40.87,41.07,155542,0.9399999999999977,0.9399999999999977,1.428571428571429,42.795,43.247,,43.247,45.782674269301936,40.711325730698064,0.11726474758026849,0.27659574468084963,1.7885000000000009,254271.1,False,False,False,52.33
2025-11-19,DEVYANI,EQ,148.95,149.1,144.51,145.58,148.08,1737031,4.590000000000003,4.590000000000003,5.522857142857142,145.976,155.68099999999998,166.5708,155.68099999999998,177.41253459836685,133.94946540163312,0.279180305860919,0.23311546840959058,4.915499999999999,2791844.55,False,False,False,36.62
2025-11-19,DGCONTENT,EQ,34.72,36.85,34.72,35.54,35.24,13494,2.1300000000000026,2.1300000000000026,2.3521428571428586,36.129000000000005,34.665,35.4878,34.665,37.86848872325164,31.46151127674836,0.18482554295408268,0.3849765258215959,2.337500000000001,60841.45,False,False,False,55.25
2025-11-19,DHAMPURSUG,EQ,131.18,132.0,130.1,130.8,130.72,103122,1.9000000000000057,1.9000000000000057,3.2749999999999995,132.26500000000001,135.1705,136.53079999999997,135.1705,141.9303002189411,128.4106997810589,0.10001886830249365,0.3684210526315868,3.5680000000000023,164733.35,False,False,False,38.46
2025-11-19,DHANBANK,EQ,27.4,27.95,27.26,27.74,27.37,1314263,0.6899999999999977,0.6899999999999977,0.7714285714285712,26.838,26.639499999999998,25.963800000000003,26.639499999999998,27.811941469754444,25.467058530245552,0.08802278344221522,0.6956521739130412,0.8559999999999997,1174097.95,True,True,False,56.47
2025-11-19,DHANLAXMI,SM,35.0,36.6,33.0,35.0,35.5,116000,3.6000000000000014,3.6000000000000014,1.3142857142857147,38.54,39.8625,41.75599999999999,39.8625,44.268163968120895,35.4568360318791,0.22104303383485222,0.5555555555555554,0.9975000000000002,29000.0,False,False,False,46.55
2025-11-19,DHANUKA,EQ,1236.6,1239.0,1171.2,1207.1,1236.6,79751,67.79999999999995,67.79999999999995,41.60714285714289,1278.1699999999998,1345.8500000000001,1453.0059999999999,1345.8500000000001,1491.4079678341227,1200.2920321658776,0.2163063756497716,0.5294985250737446,38.410000000000025,44595.9,False,False,False,49.31
2025-11-19,DHARAN,BZ,0.45,0.46,0.43,0.43,0.45,15078705,0.030000000000000027,0.030000000000000027,0.03142857142857144,0.48900000000000005,0.47300000000000003,0.5115999999999999,0.47300000000000003,0.5365924523823383,0.4094075476176618,0.26888986208176857,0.0,0.028000000000000004,17321906.45,False,False,False,
2025-11-19,DHARIWAL,ST,296.0,299.05,290.0,298.95,298.8,14400,9.050000000000011,9.050000000000011,19.196428571428562,280.0,237.19250000000002,208.44099999999997,237.19250000000002,331.4437613973942,142.94123860260584,0.7947237909916559,0.9889502762430914,17.589999999999996,110100.0,False,False,False,95.83
2025-11-19,DHARMAJ,EQ,230.0,234.9,228.25,232.55,230.5,32777,6.650000000000006,6.650000000000006,12.653571428571427,243.65500000000003,269.69750000000005,302.005,269.69750000000005,323.7061611109721,215.68883888902798,0.40051287914031136,0.6466165413533846,12.507499999999997,57672.15,False,False,True,49.16
2025-11-19,DHRUV,EQ,51.69,51.75,49.23,50.39,50.03,14474,2.520000000000003,2.520000000000003,2.7200000000000015,50.688,51.194,53.3216,51.194,53.80524797750091,48.58275202249909,0.10201382886669957,0.46031746031746124,2.581000000000001,9752.3,False,False,False,87.64
2025-11-19,DHTL,ST,111.25,111.25,111.15,111.15,117.0,3200,0.09999999999999432,5.849999999999994,3.0642857142857136,115.965,113.63000000000002,80.907,113.63000000000002,124.19174228051372,103.06825771948633,0.18589707437320596,0.0,1.0700000000000003,6560.0,False,False,False,50.0
2025-11-19,DHUNINV,EQ,1318.9,1318.9,1285.0,1293.6,1300.9,639,33.90000000000009,33.90000000000009,39.20714285714291,1339.52,1388.6,1408.3740000000003,1388.6,1506.7393414574478,1270.460658542552,0.17015604415590946,0.2536873156342149,48.88000000000003,1940.85,False,False,False,42.57
2025-11-19,DIACABS,EQ,148.49,153.7,146.1,152.46,147.94,1310655,7.599999999999994,7.599999999999994,6.272142857142855,149.899,148.9685,149.2798,148.9685,157.00085774850777,140.93614225149224,0.10783968085209643,0.8368421052631603,5.9159999999999995,1372655.05,False,False,False,50.76
2025-11-19,DIAMINESQ,EQ,285.5,285.5,272.0,277.65,284.8,2991,13.5,13.5,14.453571428571427,279.485,281.9775,315.586,281.9775,304.0603321326734,259.89466786732663,0.1566283276692175,0.41851851851851685,12.132499999999995,12510.55,False,False,False,72.18
2025-11-19,DIAMONDYD,EQ,1048.2,1053.3,1040.0,1046.7,1047.5,26973,13.299999999999955,13.299999999999955,28.67142857142856,1071.0,1063.525,1040.134,1063.525,1098.8409949597897,1028.2090050402105,0.06641309787694614,0.5037593984962457,28.025,59150.0,False,False,True,49.19
2025-11-19,DICIND,EQ,519.0,551.65,515.0,530.4,515.75,4162,36.64999999999998,36.64999999999998,21.175000000000004,511.2,511.63500000000005,533.804,511.63500000000005,530.552666346562,492.7173336534381,0.07394985232269852,0.4201909959072302,21.335000000000004,1396.25,False,False,False,75.16
2025-11-19,DIFFNKG,EQ,346.3,346.7,311.6,315.9,346.3,371826,35.099999999999966,35.099999999999966,15.27499999999999,359.205,364.27250000000004,374.052,364.27250000000004,392.80659320444585,335.7384067955542,0.15666344950247854,0.12250712250712133,14.577499999999992,93423.75,False,False,False,45.24
2025-11-19,DIGIDRIVE,EQ,28.69,28.79,27.97,28.36,28.11,6831,0.8200000000000003,0.8200000000000003,1.1049999999999993,28.669,28.8245,30.2604,28.8245,29.669804087295915,27.979195912704085,0.05865177798719249,0.4756097560975615,1.1664999999999994,37271.5,False,False,False,67.75
2025-11-19,DIGIKORE,SM,67.75,68.0,64.8,67.6,68.5,44400,3.200000000000003,3.700000000000003,5.560714285714289,73.675,92.9475,134.85,92.9475,153.94524155655228,31.94975844344772,1.3125203272073434,0.8749999999999983,6.2425000000000015,52850.0,False,False,False,75.68
2025-11-19,DIGISPICE,BE,23.38,23.38,22.9,23.17,23.56,88963,0.4800000000000004,0.6600000000000001,1.004285714285714,24.579,25.250500000000002,26.627000000000002,25.250500000000002,27.167283503685304,23.3337164963147,0.15182142957052747,0.562500000000006,1.01,51609.15,False,False,True,
2025-11-19,DIGITIDE,EQ,148.5,153.9,145.51,153.08,151.31,232354,8.390000000000015,8.390000000000015,7.38,148.01399999999998,156.69350000000003,169.2686,156.69350000000003,176.16277248255543,137.22422751744463,0.24850134156880016,0.902264600715138,7.37,238054.35,False,False,False,56.66
2025-11-19,DIL,EQ,1.88,1.91,1.86,1.87,1.88,181240,0.04999999999999982,0.04999999999999982,0.11357142857142853,1.905,1.9485,1.9913999999999998,1.9485,2.044473954800246,1.852526045199754,0.09851060282293657,0.2000000000000009,0.11549999999999998,245946.85,False,False,True,85.12
2025-11-19,DISHTV,EQ,4.36,4.39,4.28,4.3,4.37,2429018,0.10999999999999943,0.10999999999999943,0.14500000000000016,4.41,4.4305,4.8732,4.4305,4.556591236808836,4.304408763191165,0.05691964194056444,0.18181818181817888,0.14850000000000008,3853876.2,False,False,False,80.86
2025-11-19,DIVGIITTS,EQ,640.0,645.95,618.0,623.25,643.45,15924,27.950000000000045,27.950000000000045,21.953571428571404,630.1800000000001,630.8675000000001,647.511,630.8675000000001,658.7895034202421,602.945496579758,0.08851939090297739,0.18783542039355963,21.897499999999987,8674.6,False,False,False,67.95
2025-11-19,DIVINEHIRA,ST,168.0,169.6,168.0,169.6,161.55,36800,1.5999999999999943,8.049999999999983,6.3571428571428585,140.76,126.67249999999999,108.361,126.67249999999999,162.9794067120843,90.36559328791567,0.5732405488497396,1.0,4.317500000000001,25680.0,True,True,False,95.65
2025-11-19,DIVISLAB,EQ,6510.0,6512.0,6434.0,6454.0,6473.5,128134,78.0,78.0,132.25,6599.0,6589.725,6283.72,6589.725,6817.861028500529,6361.588971499472,0.06923992382095716,0.2564102564102564,123.45,357283.4,False,False,True,40.34
2025-11-19,DIVOPPBEES,EQ,81.99,81.99,80.69,81.57,81.01,68948,1.2999999999999972,1.2999999999999972,1.337857142857145,80.886,80.393,78.9064,80.393,81.97584680244191,78.8101531975581,0.03937772697727182,0.6769230769230749,1.412500000000002,94069.1,True,True,False,75.94
2025-11-19,DIXON,EQ,15697.0,15775.0,15366.0,15540.0,15697.0,178897,409.0,409.0,311.35714285714283,15322.1,15537.3,16729.4,15537.3,16327.001234645117,14747.598765354882,0.10165231213211015,0.4254278728606357,355.25,270690.6,False,False,False,52.39
2025-11-19,DJML,EQ,69.88,76.0,69.25,75.16,70.91,226747,6.75,6.75,6.414285714285713,76.14,82.951,91.471,82.951,98.36170783578793,67.54029216421206,0.3715617131990677,0.8755555555555551,6.1415,56139.9,False,False,False,62.46
2025-11-19,DLF,EQ,750.35,750.85,738.6,743.65,750.35,2600689,12.25,12.25,14.253571428571417,761.155,766.85,756.0629999999999,766.85,785.592251732383,748.107748267617,0.04888114163756409,0.41224489795917996,12.932499999999987,2047574.1,False,False,False,51.15
2025-11-19,DLINKINDIA,EQ,450.45,450.55,441.85,444.55,448.9,34625,8.699999999999989,8.699999999999989,13.042857142857136,451.26000000000005,454.30249999999995,471.86699999999996,454.30249999999995,470.4550377263161,438.1499622736838,0.07110917384921349,0.310344827586206,11.977499999999992,67609.95,False,False,True,51.41
2025-11-19,DMART,EQ,4010.0,4039.0,3997.1,4026.5,3997.2,378207,41.90000000000009,41.90000000000009,66.28571428571425,4058.9900000000002,4147.344999999999,4378.154,4147.344999999999,4347.962431695251,3946.7275683047474,0.09674499309570436,0.7016706443914088,64.03999999999999,283525.65,False,False,True,70.2
2025-11-19,DMCC,EQ,272.5,278.0,263.5,269.6,274.4,34180,14.5,14.5,11.10000000000001,283.45500000000004,294.4175,302.827,294.4175,320.44831395193034,268.3866860480697,0.17682925744516087,0.42068965517241536,10.162500000000005,30265.95,False,False,False,54.88
2025-11-19,DNAMEDIA,EQ,4.09,4.15,4.07,4.08,4.09,21435,0.08000000000000007,0.08000000000000007,0.24142857142857158,4.197,4.264,4.5132,4.264,4.45430501832585,4.073694981674151,0.08926126563126156,0.12499999999999722,0.22900000000000018,51495.1,False,False,True,84.11
2025-11-19,DODLA,EQ,1209.9,1209.9,1167.8,1200.0,1201.5,55237,42.100000000000136,42.100000000000136,30.671428571428578,1207.02,1254.23,1326.9679999999998,1254.23,1353.4653586177878,1154.9946413822122,0.15824108595359357,0.7648456057007111,35.545,46922.55,False,False,False,54.78
2025-11-19,DOLATALGO,EQ,73.9,74.45,72.11,72.83,74.52,379970,2.3400000000000034,2.4099999999999966,3.2450000000000006,76.638,78.63300000000001,80.8892,78.63300000000001,83.48174457978627,73.78425542021375,0.12332594660730878,0.30769230769230677,3.1040000000000014,344202.8,False,False,False,56.71
2025-11-19,DOLLAR,EQ,364.8,364.8,357.5,359.4,363.8,40062,7.300000000000011,7.300000000000011,9.132142857142863,353.99,355.8275,362.35900000000004,355.8275,369.9886254849331,341.6663745150669,0.07959545276817058,0.2602739726027362,7.839999999999998,93203.2,False,False,True,63.61
2025-11-19,DOLLEX,SM,40.0,41.1,39.8,40.0,41.0,48000,1.3000000000000043,1.3000000000000043,1.7857142857142878,40.870000000000005,40.9425,41.424,40.9425,42.205937770529346,39.67906222947066,0.06171766602085085,0.15384615384615552,1.5650000000000017,38600.0,False,False,False,66.67
2025-11-19,DOLPHIN,EQ,382.05,388.45,360.0,362.65,379.4,18038,28.44999999999999,28.44999999999999,24.24999999999999,390.065,383.5,389.976,383.5,408.2263624498202,358.7736375501798,0.12895104276307803,0.09314586994727517,21.46999999999999,27191.1,False,False,False,73.72
2025-11-19,DOMS,EQ,2557.0,2567.3,2535.2,2557.7,2553.8,16067,32.100000000000364,32.100000000000364,64.96428571428575,2554.7599999999998,2536.2850000000003,2556.554,2536.2850000000003,2607.7240166505712,2464.8459833494294,0.0563335876296007,0.7009345794392444,56.95500000000004,43637.9,False,False,True,46.33
2025-11-19,DONEAR,EQ,100.5,101.0,98.83,99.88,99.62,30192,2.1700000000000017,2.1700000000000017,3.3342857142857136,100.139,98.995,96.4442,98.995,105.96950930173583,92.02049069826418,0.1409062942923546,0.4838709677419338,3.6499999999999995,76657.45,False,False,False,54.51
2025-11-19,DPABHUSHAN,EQ,1600.0,1635.0,1565.0,1616.7,1601.8,42034,70.0,70.0,55.892857142857174,1516.48,1451.62,1477.136,1451.62,1605.1009903538572,1298.1390096461425,0.21146166400829056,0.7385714285714292,46.87000000000004,27783.9,False,True,False,52.08
2025-11-19,DPEL,ST,267.25,270.9,265.5,265.5,270.9,36000,5.399999999999977,5.399999999999977,6.317857142857146,285.15,278.4525,249.125,278.4525,302.5567211033669,254.34827889663308,0.17312985951547866,0.0,1.9249999999999972,31925.0,False,False,False,100.0
2025-11-19,DPSCLTD,EQ,11.22,11.22,10.95,11.0,11.14,102697,0.27000000000000135,0.27000000000000135,0.2707142857142859,11.299000000000001,11.5185,11.9076,11.5185,12.064074009644838,10.972925990355161,0.09473004464901473,0.1851851851851869,0.28000000000000036,106235.25,False,False,False,83.89
2025-11-19,DPWIRES,EQ,217.64,218.02,215.01,215.75,217.64,11654,3.0100000000000193,3.0100000000000193,6.821428571428576,224.41799999999998,229.5935,244.1092,229.5935,244.0263213111639,215.1606786888361,0.12572499928058856,0.24584717607973566,7.175000000000002,19614.05,False,False,True,69.09
2025-11-19,DRCSYSTEMS,EQ,18.31,18.69,18.06,18.19,18.31,46897,0.6300000000000026,0.6300000000000026,0.9007142857142855,18.826,19.1565,20.1006,19.1565,20.237597127921433,18.07540287207857,0.11287000526415904,0.20634920634920959,0.8855000000000001,88819.8,False,False,True,75.26
2025-11-19,DREAMFOLKS,EQ,123.5,123.5,119.7,120.31,122.01,133122,3.799999999999997,3.799999999999997,5.945714285714286,125.56500000000001,127.58250000000001,125.37140000000001,127.58250000000001,135.17395802859915,119.99104197140086,0.1190046915305648,0.16052631578947366,5.835499999999999,311057.3,False,False,False,46.74
2025-11-19,DREDGECORP,EQ,802.6,808.4,792.0,799.65,801.4,66486,16.399999999999977,16.399999999999977,44.28214285714286,826.475,744.0550000000001,680.737,744.0550000000001,936.1330281552268,551.9769718447733,0.5163006179791192,0.4664634146341456,35.322500000000005,626362.3,False,False,False,41.43
2025-11-19,DRONE,SM,81.1,82.0,78.0,78.35,82.1,20500,4.0,4.099999999999994,5.078571428571428,81.78999999999999,80.85,78.215,80.85,97.08486987936766,64.61513012063233,0.40160469707774066,0.08749999999999858,3.4624999999999995,45200.0,False,False,False,80.49
2025-11-19,DRREDDY,EQ,1248.7,1252.7,1237.0,1250.2,1243.8,830105,15.700000000000045,15.700000000000045,23.664285714285743,1226.4299999999998,1243.915,1260.68,1243.915,1308.5996589231154,1179.2303410768845,0.10400173472160947,0.8407643312101916,21.50500000000004,1975073.45,False,False,False,57.96
2025-11-19,DSSL,EQ,984.5,986.4,964.0,971.75,983.55,15710,22.399999999999977,22.399999999999977,33.289285714285725,936.35,931.1225000000001,943.1089999999999,931.1225000000001,991.5920003700187,870.6529996299814,0.12988516628052407,0.3459821428571432,29.302500000000002,27282.55,False,False,False,58.89
2025-11-19,DTIL,EQ,167.99,168.3,163.0,163.8,165.7,5197,5.300000000000011,5.300000000000011,5.778571428571431,162.721,162.78799999999998,177.47080000000003,162.78799999999998,171.4625526685831,154.11344733141686,0.10657484173997,0.15094339622641692,8.967500000000003,46469.7,False,False,False,71.02
2025-11-19,DTL,SM,157.6,160.0,155.0,160.0,167.4,8400,5.0,12.400000000000006,5.614285714285714,160.485,163.1125,149.295,163.1125,171.95670007688636,154.26829992311366,0.10844294676234319,1.0,3.2900000000000005,9840.0,False,False,False,57.14
2025-11-19,DUCOL,SM,199.85,207.95,189.0,192.1,196.35,247200,18.94999999999999,18.94999999999999,8.94642857142857,197.675,192.1175,175.545,192.1175,205.84336153944415,178.39163846055587,0.14289027849565125,0.16358839050131907,8.369999999999996,59160.0,False,False,False,75.73
2025-11-19,DUCON,EQ,4.8,4.8,4.67,4.69,4.71,292104,0.1299999999999999,0.1299999999999999,0.25785714285714273,4.691000000000001,4.7415,5.126,4.7415,4.931581561441479,4.551418438558522,0.08017781775449893,0.15384615384615752,0.29399999999999993,956295.7,False,False,False,81.93
2025-11-19,DUGLOBAL,SM,29.55,29.55,29.55,29.55,29.55,2500,0.0,0.0,1.1071428571428572,30.05,32.655,37.455,32.655,39.0254709402053,26.284529059794703,0.39016817885195526,0.5,1.1199999999999992,23000.0,False,False,True,100.0
2025-11-19,DURLAX,SM,37.5,38.5,37.5,38.5,37.55,8000,1.0,1.0,2.0607142857142864,39.290000000000006,40.622499999999995,40.055,40.622499999999995,44.2759196309759,36.96908036902409,0.179871727785139,1.0,1.8225000000000002,38700.0,False,False,False,75.0
2025-11-19,DVL,EQ,305.1,319.0,303.1,304.85,304.7,90720,15.899999999999977,15.899999999999977,9.878571428571421,315.215,322.8625,342.649,322.8625,350.3674427376233,295.3575572623767,0.17038177389832085,0.11006289308176116,14.429999999999996,199338.95,False,False,False,29.16
2025-11-19,DWARKESH,EQ,41.02,42.2,41.02,41.59,41.24,413205,1.1799999999999997,1.1799999999999997,1.2785714285714274,41.842,43.175,42.947399999999995,43.175,46.191305687426215,40.15869431257378,0.13972464099252893,0.4830508474576275,1.2804999999999993,439225.75,False,False,False,34.98
2025-11-19,DYCL,EQ,363.1,367.7,360.05,361.9,363.95,85437,7.649999999999977,7.649999999999977,15.374999999999991,374.65999999999997,395.1975,406.27600000000007,395.1975,446.5887003654333,343.8062996345667,0.2600785701601518,0.24183006535947338,17.124999999999996,359895.25,False,False,False,54.32
2025-11-19,DYNAMATECH,EQ,9574.0,9876.0,9470.0,9725.5,9527.5,24177,406.0,406.0,417.2142857142857,9199.15,8553.5,7657.15,8553.5,10021.9755020088,7085.0244979912,0.3433624836637165,0.6293103448275862,345.275,36856.05,True,True,False,27.17
2025-11-19,DYNAMIC,SM,98.1,103.4,97.5,103.4,98.5,52000,5.900000000000006,5.900000000000006,6.42142857142857,100.64,109.85500000000002,118.245,109.85500000000002,130.2705553439036,89.43944465609644,0.37168185961319145,1.0,5.987499999999999,38100.0,False,False,False,87.5
2025-11-19,DYNPRO,EQ,285.5,290.9,277.35,279.7,282.45,14692,13.549999999999955,13.549999999999955,12.22142857142856,288.90500000000003,301.7,328.246,301.7,332.6578100000608,270.74218999993917,0.20522247265535842,0.17343173431734124,10.864999999999991,25076.25,False,False,False,53.31
2025-11-19,E2E,EQ,2589.2,2620.6,2560.0,2603.6,2588.9,73560,60.59999999999991,60.59999999999991,133.93571428571425,2831.3300000000004,2990.315,3142.98,2990.315,3419.099394655409,2561.530605344591,0.28678209128831506,0.7194719471947191,144.12999999999997,109063.4,False,False,True,45.67
2025-11-19,EASEMYTRIP,EQ,7.63,7.64,7.5,7.52,7.62,8711813,0.13999999999999968,0.13999999999999968,0.19428571428571453,7.855000000000001,7.9355,8.1706,7.9355,8.226805681372536,7.644194318627465,0.07341835583707029,0.14285714285714013,0.17350000000000015,13291106.1,False,False,False,59.13
2025-11-19,EBANKNIFTY,EQ,59.28,59.36,58.94,59.36,59.36,2144,0.4200000000000017,0.4200000000000017,0.9078571428571439,58.702,58.5955,56.890600000000006,58.5955,59.38529680931245,57.80570319068755,0.026957592624431877,1.0,0.891500000000001,4949.75,False,False,False,99.49
2025-11-19,EBBETF0430,EQ,1566.0,1566.0,1557.04,1561.43,1556.51,7221,8.960000000000036,9.490000000000009,23.552142857142876,1558.492,1556.194,1545.45,1556.194,1562.4926392181144,1549.8953607818855,0.00809492803354136,0.4899553571428663,20.70100000000001,20626.2,False,True,False,61.46
2025-11-19,EBBETF0431,EQ,1397.43,1397.43,1391.27,1393.22,1392.52,7351,6.160000000000082,6.160000000000082,6.072857142857174,1392.9990000000003,1392.5545,1382.4840000000002,1392.5545,1397.192290314352,1387.916709685648,0.006660838501260899,0.31655844155844476,7.212000000000034,13687.3,False,False,False,84.55
2025-11-19,EBBETF0433,EQ,1276.0,1276.0,1270.31,1274.14,1272.58,3769,5.690000000000055,5.690000000000055,5.105714285714271,1273.3029999999999,1271.0575,1260.9688,1271.0575,1276.3567258868507,1265.7582741131491,0.008338294509651631,0.6731107205624108,7.153499999999997,10995.05,False,False,False,75.27
2025-11-19,EBGNG,EQ,326.8,335.8,318.0,321.45,325.85,285564,17.80000000000001,17.80000000000001,12.092857142857136,335.69500000000005,330.805,343.186,330.805,346.4836447118375,315.12635528816253,0.0947908569207689,0.19382022471910035,11.29749999999999,260874.75,False,False,False,66.55
2025-11-19,ECAPINSURE,EQ,24.17,24.35,24.05,24.09,24.19,57881,0.3000000000000007,0.3000000000000007,0.6171428571428574,24.066,23.9535,23.391200000000005,23.9535,24.399606489529226,23.50739351047077,0.03724770822879564,0.13333333333333017,0.5685000000000006,81091.1,False,False,True,85.38
2025-11-19,ECLERX,EQ,4459.0,4540.4,4410.3,4425.4,4451.9,68488,130.09999999999945,130.09999999999945,154.87142857142848,4479.07,4499.91,4320.66,4499.91,4855.147846519748,4144.672153480252,0.15788664507501174,0.11606456571867423,169.04500000000004,231920.1,False,False,False,42.8
2025-11-19,ECOLINE,SM,133.6,136.95,133.5,136.0,137.2,6000,3.4499999999999886,3.6999999999999886,3.3999999999999995,139.365,137.85999999999999,,137.85999999999999,143.13395487276858,132.5860451272314,0.07651174920598577,0.7246376811594227,2.892500000000001,30250.0,False,False,False,66.67
2025-11-19,ECOSMOBLTY,EQ,241.54,250.8,241.4,244.58,241.54,391215,9.400000000000006,9.400000000000006,12.565000000000001,223.93699999999998,219.93399999999997,243.2936,219.93399999999997,251.4186854200571,188.44931457994284,0.2863103060014108,0.3382978723404261,10.628000000000002,754369.55,False,False,False,28.56
2025-11-19,EDELWEISS,EQ,116.3,118.95,115.59,116.31,116.29,7223221,3.3599999999999994,3.3599999999999994,4.097142857142857,113.351,114.8605,113.9006,114.8605,122.41094230492527,107.31005769507473,0.13147152075648755,0.214285714285714,4.144499999999999,7046889.15,False,False,False,50.35
2025-11-19,EEPL,SM,178.0,183.95,178.0,183.05,176.8,23000,5.949999999999989,7.149999999999977,10.542857142857141,180.63500000000002,174.93249999999998,186.65699999999998,174.93249999999998,191.84052398271388,158.02447601728608,0.19330912189231733,0.8487394957983229,8.8225,67400.0,False,False,True,86.96
2025-11-19,EFACTOR,ST,305.0,308.9,301.0,301.0,305.0,18400,7.899999999999977,7.899999999999977,15.789285714285707,314.775,307.73249999999996,281.935,307.73249999999996,339.73047298267534,275.7345270173246,0.20795965965684732,0.0,13.614999999999998,17260.0,False,False,True,97.83
2025-11-19,EFCIL,EQ,290.0,293.85,285.05,289.45,288.55,325617,8.800000000000011,8.800000000000011,12.289285714285711,295.7,296.73,304.81,296.73,311.32843827263724,282.1315617273628,0.09839543202667222,0.4999999999999968,10.899999999999997,319951.65,False,False,False,71.8
2025-11-19,EFFWA,SM,254.5,254.5,242.0,248.6,248.3,51200,12.5,12.5,11.071428571428568,243.14000000000001,225.66,222.935,225.66,261.9132564054596,189.40674359454042,0.3213086626381246,0.5279999999999996,11.047499999999998,44680.0,False,True,False,72.66
2025-11-19,EFORCE,SM,38.5,38.5,38.5,38.5,38.5,4800,0.0,0.0,2.264285714285715,40.15,41.690000000000005,39.907999999999994,41.690000000000005,45.90919423587008,37.47080576412993,0.2024079748558444,0.5,2.4525000000000006,21900.0,False,False,True,100.0
2025-11-19,EGOLD,EQ,121.9,125.3,121.9,123.35,121.5,59697,3.3999999999999915,3.799999999999997,3.55714285714286,123.14500000000001,122.9375,118.465,122.9375,129.57465865412206,116.30034134587792,0.10797614485607838,0.4264705882352918,4.020000000000003,244994.8,False,False,False,84.97
2025-11-19,EICHERMOT,EQ,6800.0,6911.5,6760.0,6896.5,6814.5,416170,151.5,151.5,142.57142857142858,6841.5,6898.55,6897.39,6898.55,7071.3848633812195,6725.715136618781,0.050107591705856824,0.900990099009901,133.8,450232.95,False,False,False,68.47
2025-11-19,EIDPARRY,EQ,1027.6,1035.8,1023.5,1030.4,1027.8,107162,12.299999999999955,12.299999999999955,31.507142857142842,1035.73,1045.26,1054.384,1045.26,1084.9694648667037,1005.5505351332962,0.07598007168877359,0.560975609756107,28.645000000000003,223585.3,False,False,True,65.0
2025-11-19,EIEL,EQ,223.9,223.9,218.15,219.2,223.35,574102,5.75,5.75,6.734999999999995,229.76,237.39300000000003,245.35600000000002,237.39300000000003,257.81580989481995,216.9701901051801,0.1720590741497847,0.18260869565217094,5.855999999999996,835624.0,False,False,False,44.59
2025-11-19,EIFFL,EQ,228.06,230.94,227.01,227.3,228.05,23381,3.930000000000007,3.930000000000007,5.650000000000001,228.74,229.61700000000002,229.76919999999998,229.61700000000002,235.26643572403492,223.96756427596512,0.049207469168527605,0.07379134860051398,8.442000000000002,20839.6,False,False,False,68.18
2025-11-19,EIHAHOTELS,EQ,370.4,370.4,362.75,364.6,370.4,20758,7.649999999999977,7.649999999999977,8.02499999999999,371.06,377.0075,386.175,377.0075,390.92724407092254,363.08775592907745,0.07384332710050887,0.24183006535948082,7.834999999999994,15954.0,False,False,False,64.79
2025-11-19,EIHOTEL,EQ,384.6,384.6,375.9,379.8,383.45,152868,8.700000000000045,8.700000000000045,9.649999999999997,383.33000000000004,385.8125,388.691,385.8125,398.49811685532126,373.12688314467874,0.06576052800425729,0.4482758620689671,8.377499999999992,238685.45,False,False,False,54.42
2025-11-19,EIMCOELECO,EQ,1720.0,1730.0,1700.0,1704.8,1717.3,13410,30.0,30.0,50.542857142857166,1715.0700000000002,1783.22,1901.7160000000001,1783.22,1926.5559773399582,1639.8840226600419,0.16076084536956534,0.15999999999999848,48.88000000000003,26187.05,False,False,False,49.09
2025-11-19,EKC,EQ,131.0,131.28,127.2,127.5,131.34,329226,4.079999999999998,4.140000000000001,4.541428571428569,137.436,142.037,142.1318,142.037,154.6600552561573,129.4139447438427,0.177743197281797,0.07352941176470522,4.271000000000004,373382.75,False,False,False,54.44
2025-11-19,ELDEHSG,EQ,854.7,858.1,797.7,800.7,850.25,4593,60.39999999999998,60.39999999999998,49.42142857142858,870.2099999999998,865.5425000000001,825.6859999999999,865.5425000000001,923.8050374919472,807.279962508053,0.13462663587737658,0.04966887417218545,49.425,2340.2,False,False,False,70.48
2025-11-19,ELECON,EQ,535.0,552.85,533.2,538.7,536.15,390159,19.649999999999977,19.649999999999977,16.249999999999996,537.045,547.4124999999999,569.905,547.4124999999999,578.3583377653595,516.4666622346404,0.1130622255259409,0.2798982188295169,15.444999999999997,290448.35,False,False,False,34.04
2025-11-19,ELECTCAST,EQ,78.6,78.76,77.49,77.66,78.62,1108693,1.2700000000000102,1.2700000000000102,2.5821428571428577,82.48,87.904,93.1514,87.904,100.24919890483758,75.55880109516241,0.2808791159637238,0.1338582677165357,2.653,1348136.75,False,False,True,52.72
2025-11-19,ELECTHERM,EQ,879.7,893.55,847.0,857.2,876.65,12918,46.549999999999955,46.549999999999955,48.66428571428571,923.0450000000001,962.72,1013.1159999999999,962.72,1077.6642447450008,847.7757552549991,0.23879060317641856,0.21911922663802483,50.2275,24869.75,False,False,False,73.16
2025-11-19,ELGIEQUIP,EQ,507.95,508.0,499.25,504.55,504.9,331749,8.75,8.75,14.199999999999989,494.40999999999997,490.07000000000005,485.425,490.07000000000005,517.7692310362567,462.37076896374344,0.11304193701412697,0.605714285714287,14.247499999999988,556377.05,False,True,False,54.69
2025-11-19,ELGIRUBCO,BE,52.7,53.1,52.0,52.98,52.04,15067,1.1000000000000014,1.1000000000000014,2.68,58.973,60.959,65.26400000000001,60.959,69.39032706043383,52.52767293956617,0.27662287965464755,0.8909090909090869,2.6350000000000007,19008.9,False,False,True,
2025-11-19,ELGNZ,SM,103.0,105.45,102.1,104.7,100.9,58000,3.3500000000000085,4.549999999999997,6.79285714285714,100.99499999999999,116.0,129.90300000000002,116.0,147.5346793229297,84.46532067707031,0.5437013676367188,0.7761194029850752,6.5074999999999985,106600.0,False,False,False,70.69
2025-11-19,ELIN,EQ,185.0,191.38,182.0,188.97,186.53,111316,9.379999999999995,9.379999999999995,9.80928571428572,196.719,201.435,207.6654,201.435,218.85513145759828,184.01486854240173,0.17296032424949262,0.7430703624733478,9.709000000000001,154960.3,False,False,False,44.96
2025-11-19,ELLEN,EQ,424.95,425.0,408.9,410.7,422.05,766920,16.100000000000023,16.100000000000023,16.028571428571418,440.605,447.925,478.036,447.925,474.984536211844,420.86546378815603,0.12082172779748385,0.11180124223602539,15.85999999999999,188377.05,False,False,False,86.79
2025-11-19,ELM250,EQ,16.82,17.11,16.54,16.94,16.82,374528,0.5700000000000003,0.5700000000000003,0.334285714285715,16.783,16.7295,,16.7295,16.96533680798376,16.493663192016243,0.02819412510639994,0.7017543859649157,0.3105000000000004,181468.7,False,False,False,94.92
2025-11-19,EMAMILTD,EQ,519.2,519.7,509.0,511.1,519.2,541478,10.700000000000045,10.700000000000045,13.050000000000008,523.3050000000001,533.8875,556.2570000000001,533.8875,557.7472542946329,510.02774570536724,0.0893812059455702,0.19626168224299195,12.370000000000001,431750.35,False,False,False,73.63
2025-11-19,EMAMIPAP,EQ,93.53,94.78,93.35,94.17,93.53,5825,1.4300000000000068,1.4300000000000068,2.7557142857142867,95.235,96.93599999999999,99.7544,96.93599999999999,101.28795312474752,92.58404687525247,0.08979023530468608,0.5734265734265759,2.7019999999999995,17270.05,False,False,False,58.83
2025-11-19,EMAMIREAL,EQ,93.01,93.01,89.0,90.0,92.07,9355,4.010000000000005,4.010000000000005,4.125714285714286,92.93299999999999,92.79100000000001,103.1192,92.79100000000001,98.3100140423809,87.27198595761912,0.1189558048168656,0.24937655860349095,4.536,39035.5,False,False,False,55.55
2025-11-19,EMAPARTNER,SM,95.0,95.0,89.0,92.45,93.75,29000,6.0,6.0,2.8607142857142853,98.905,99.94250000000001,99.87899999999999,99.94250000000001,105.61173936697,94.27326063303002,0.11345002110153317,0.5750000000000005,2.3150000000000004,11150.0,False,False,False,65.52
2025-11-19,EMBASSY,RR,426.89,427.0,420.01,425.86,424.29,715439,6.990000000000009,6.990000000000009,8.577857142857138,424.27200000000005,426.97249999999997,417.8786,426.97249999999997,437.5711525086903,416.3738474913096,0.049645597825107475,0.8369098712446373,8.420999999999996,901781.3,False,False,False,85.02
2025-11-19,EMBDL,EQ,84.1,84.97,82.3,82.88,83.67,5667481,2.6700000000000017,2.6700000000000017,2.685,85.99999999999999,89.7095,93.1452,89.7095,98.24663177829619,81.17236822170382,0.1903283772241777,0.21722846441947488,2.521,4350073.9,False,False,False,42.69
2025-11-19,EMCURE,EQ,1355.5,1388.9,1355.0,1370.1,1360.5,463939,33.90000000000009,33.90000000000009,57.69999999999998,1369.33,1361.175,1355.9619999999998,1361.175,1414.184994340689,1308.165005659311,0.07788858058763788,0.44542772861356544,50.164999999999985,360474.4,False,False,False,54.61
2025-11-19,EMIL,EQ,129.9,130.8,128.0,128.27,129.55,402326,2.8000000000000114,2.8000000000000114,4.682142857142856,135.365,142.595,145.89,142.595,158.82808535060423,126.36191464939579,0.22768098952423607,0.0964285714285747,4.645999999999999,811678.65,False,False,False,46.62
2025-11-19,EMKAY,BE,295.95,305.5,290.1,300.05,295.7,10124,15.399999999999977,15.399999999999977,13.667857142857132,299.26,314.3925,298.98440000000005,314.3925,352.57688522485324,276.2081147751467,0.24290900848368369,0.6461038961038963,16.52749999999999,23788.2,False,False,False,
2025-11-19,EMKAYTOOLS,SM,127.0,132.4,126.0,128.25,125.2,2550,6.400000000000006,7.200000000000003,6.07142857142857,140.45,141.3075,147.369,141.3075,152.35667530859166,130.25832469140835,0.15638483885981505,0.35156249999999967,5.092499999999996,3495.0,False,False,False,94.12
2025-11-19,EMMBI,EQ,111.0,113.96,109.42,110.51,112.25,16385,4.539999999999992,4.539999999999992,6.172142857142856,108.90900000000002,106.07249999999999,104.2784,106.07249999999999,114.33735541313342,97.80764458686656,0.1558340835397192,0.24008810572687342,5.535999999999999,25884.65,False,True,False,36.41
2025-11-19,EMMIL,SM,181.15,185.9,180.85,185.25,183.0,16750,5.050000000000011,5.050000000000011,6.250000000000002,181.51,179.805,180.24899999999997,179.805,185.67491482050644,173.93508517949357,0.06529200879293054,0.8712871287128705,6.405000000000003,14325.0,False,False,False,83.58
2025-11-19,EMMVEE,EQ,220.69,241.34,220.25,236.28,219.4,34006914,21.090000000000003,21.939999999999998,,,,,,,,,0.7600758653390232,,,False,False,False,28.86
2025-11-19,EMSLIMITED,EQ,460.0,467.95,458.05,461.15,461.7,146114,9.899999999999977,9.899999999999977,19.521428571428583,478.31499999999994,505.21750000000003,537.026,505.21750000000003,561.9779992490375,448.45700075096255,0.22469728087026855,0.31313131313131043,16.540000000000003,170561.9,False,False,True,48.87
2025-11-19,EMUDHRA,EQ,608.5,625.0,604.4,615.7,606.9,123067,20.600000000000023,20.600000000000023,13.628571428571433,619.99,635.4925000000001,659.123,635.4925000000001,670.0755634126044,600.9094365873957,0.10883862016500385,0.5485436893203911,14.955000000000007,72203.85,False,False,False,69.1
2025-11-19,EMULTIMQ,EQ,42.89,43.2,42.65,43.06,42.98,31854,0.5500000000000043,0.5500000000000043,0.5821428571428565,42.831,42.8,42.231399999999994,42.8,43.13142118218412,42.468578817815875,0.01548697113009919,0.7454545454545464,0.5824999999999989,58347.8,False,False,False,94.63
2025-11-19,ENDURANCE,EQ,2625.1,2750.0,2616.1,2736.7,2615.1,348475,133.9000000000001,134.9000000000001,97.52857142857144,2769.95,2838.2,2860.6160000000004,2838.2,3041.3229184508773,2635.0770815491223,0.14313502815226375,0.9006721433905887,89.05,142672.45,False,False,False,21.16
2025-11-19,ENERGY,EQ,36.23,36.26,36.05,36.15,36.25,999539,0.21000000000000085,0.21000000000000085,,,,,,,,,0.47619047619048105,,,False,False,False,98.89
2025-11-19,ENERGYDEV,EQ,27.74,29.69,26.55,27.37,26.61,3924148,3.1400000000000006,3.1400000000000006,1.3835714285714287,21.193,20.54,20.081,20.54,25.01957140807019,16.06042859192981,0.4361802734245559,0.2611464968152867,1.1845000000000003,412374.05,True,True,False,26.67
2025-11-19,ENFUSE,SM,212.5,226.0,212.1,226.0,210.0,8400,13.900000000000006,16.0,12.082142857142857,197.995,198.82750000000001,208.921,198.82750000000001,229.08825800438612,168.5667419956139,0.304392078604681,1.0,8.407500000000002,9330.0,False,False,False,71.43
2025-11-19,ENGINERSIN,EQ,201.54,203.3,199.52,201.96,201.12,1706777,3.780000000000001,3.780000000000001,6.019285714285713,197.257,198.7685,201.0154,198.7685,206.27653909153327,191.2604609084667,0.07554556271776743,0.6455026455026447,5.034999999999998,2278276.05,False,False,False,36.63
2025-11-19,ENIL,EQ,132.02,134.1,130.25,131.01,134.29,12762,3.8499999999999943,4.039999999999992,5.5299999999999985,131.775,135.62099999999998,148.2554,135.62099999999998,145.14796992752662,126.09403007247334,0.14049402271811354,0.19740259740259533,5.004,24910.55,False,False,False,56.28
2025-11-19,ENRIN,EQ,3333.0,3392.0,3304.4,3314.9,3348.9,412298,87.59999999999991,87.59999999999991,85.00000000000003,3276.09,3209.225,3315.05,3209.225,3362.6751205603987,3055.774879439601,0.09563064014545491,0.11986301369863026,75.93499999999997,376588.2,False,False,False,69.49
2025-11-19,ENSER,SM,16.9,18.3,16.9,17.35,18.25,45000,1.4000000000000021,1.4000000000000021,1.0428571428571427,18.475,19.857499999999998,20.897000000000002,19.857499999999998,22.982443999498212,16.732556000501784,0.31473690036492147,0.32142857142857295,1.0400000000000003,56250.0,False,False,False,66.67
2025-11-19,ENTERO,EQ,1134.1,1134.1,1079.0,1083.9,1134.1,161423,55.09999999999991,55.09999999999991,42.72142857142855,1112.67,1109.755,1121.066,1109.755,1154.5137075327116,1064.9962924672886,0.08066412412237199,0.08892921960072775,37.639999999999986,117920.65,False,False,False,67.63
2025-11-19,ENVIRO,SM,139.0,140.2,138.7,140.0,138.7,29000,1.5,1.5,7.432142857142854,147.51500000000001,152.9725,154.066,152.9725,170.2258612667216,135.71913873327838,0.22557467867390038,0.8666666666666742,6.229999999999997,28800.0,False,False,True,93.1
2025-11-19,EPACK,EQ,273.4,273.45,265.05,266.8,272.35,433676,8.399999999999977,8.399999999999977,11.492857142857133,287.26,314.4275,345.168,314.4275,374.52695486441536,254.32804513558466,0.38227861662491575,0.2083333333333339,10.47999999999999,675079.9,False,False,False,53.12
2025-11-19,EPACKPEB,EQ,332.0,337.95,297.35,308.15,329.35,4700469,40.599999999999966,40.599999999999966,20.639999999999997,319.72,280.8805,,280.8805,369.67764217811305,192.08335782188695,0.6322770158705432,0.2660098522167479,19.425499999999996,15291986.5,False,False,False,26.36
2025-11-19,EPIGRAL,EQ,1495.6,1495.6,1455.1,1467.0,1482.9,18946,40.5,40.5,48.16428571428575,1540.37,1619.085,1690.068,1619.085,1805.927974446457,1432.242025553543,0.23080069847655557,0.2938271604938294,41.15000000000002,30207.95,False,False,False,63.03
2025-11-19,EPL,EQ,197.8,197.8,194.45,195.54,195.96,398811,3.3500000000000227,3.3500000000000227,5.735000000000004,197.68800000000002,201.1605,210.91199999999998,201.1605,210.62572577649485,191.69527422350518,0.09410620650172208,0.325373134328357,5.231500000000006,741315.45,False,False,True,49.41
2025-11-19,EQUAL200,EQ,13.52,13.57,13.48,13.53,13.51,7482,0.08999999999999986,0.08999999999999986,0.18499999999999986,13.48,13.445500000000001,13.247,13.445500000000001,13.590203144402652,13.30079685559735,0.021524397665040558,0.5555555555555446,0.19349999999999995,21620.25,False,False,False,82.44
2025-11-19,EQUAL50,EQ,331.73,334.14,331.73,333.05,332.23,11281,2.409999999999968,2.409999999999968,2.391428571428569,331.13,331.668,326.3128,331.668,335.30839338533696,328.02760661466306,0.021952032667227162,0.5477178423236558,2.3660000000000023,1002.0,False,False,False,98.36
2025-11-19,EQUAL50ADD,EQ,342.15,344.8,342.1,344.46,342.59,208403,2.6999999999999886,2.6999999999999886,2.983571428571415,341.26,341.954,336.395,341.954,346.1044621429424,337.8035378570576,0.024274973493173865,0.8740740740740618,3.0844999999999914,219755.2,False,False,False,98.77
2025-11-19,EQUIPPP,BE,18.15,18.15,17.1,17.79,17.79,71831,1.0499999999999972,1.0499999999999972,1.089285714285714,17.926,18.669000000000004,19.2008,18.669000000000004,20.454081510744036,16.883918489255972,0.19123482894038582,0.6571428571428568,1.0749999999999997,23451.85,False,False,False,
2025-11-19,EQUITASBNK,EQ,64.6,64.6,62.62,64.03,64.58,3018141,1.9799999999999969,1.9799999999999969,2.167857142857143,60.88499999999999,59.814,57.41479999999999,59.814,64.30987099459033,55.31812900540968,0.1503283844782266,0.7121212121212152,2.0524999999999993,4214021.95,False,True,False,47.92
2025-11-19,ERIS,EQ,1584.9,1615.0,1551.9,1610.9,1575.7,113609,63.09999999999991,63.09999999999991,39.05714285714286,1577.17,1591.29,1619.2,1591.29,1644.1118098894715,1538.4681901105284,0.06638866566052891,0.9350237717908096,40.79,88098.4,False,False,False,51.2
2025-11-19,ESABINDIA,EQ,5464.0,5574.0,5420.0,5553.6,5463.8,10851,154.0,154.0,169.99999999999986,5201.21,5089.555,5042.05,5089.555,5519.668559307302,4659.441440692699,0.16901813982059385,0.8675324675324699,137.62499999999991,20804.65,True,True,False,36.98
2025-11-19,ESAFSFB,EQ,27.8,27.8,27.13,27.22,27.64,196767,0.6700000000000017,0.6700000000000017,0.9135714285714288,27.371999999999996,28.065999999999995,28.753400000000003,28.065999999999995,29.94207462538138,26.18992537461861,0.1336902034761908,0.13432835820895467,0.8815000000000005,420531.2,False,False,False,60.73
2025-11-19,ESCONET,SM,173.4,182.95,173.4,174.8,182.5,191200,9.549999999999983,9.549999999999983,9.082142857142856,198.99999999999997,212.95,223.00100000000003,212.95,246.43111407943294,179.46888592056703,0.31445047268779486,0.1465968586387443,8.870000000000001,28960.0,False,False,False,60.25
2025-11-19,ESCORTS,EQ,3671.1,3679.9,3570.0,3584.4,3618.8,105373,109.90000000000009,109.90000000000009,91.66428571428573,3623.0699999999997,3663.7149999999992,3652.6479999999997,3663.7149999999992,3808.238482866972,3519.1915171330265,0.07889450072779827,0.1310282074613292,81.24000000000004,77146.1,False,False,False,40.5
2025-11-19,ESFL,SM,240.5,247.8,239.0,242.1,241.35,81720,8.800000000000011,8.800000000000011,13.046428571428573,227.18,226.8675,268.23,226.8675,248.84278782518922,204.8922121748108,0.1937279497961516,0.3522727272727262,11.917499999999997,130752.0,False,False,False,75.77
2025-11-19,ESG,EQ,44.13,44.35,44.02,44.3,44.11,10977,0.3299999999999983,0.3299999999999983,0.4728571428571437,43.905,43.9065,43.266799999999996,43.9065,44.43856296619882,43.37443703380118,0.024236182168873497,0.8484848484848347,0.48350000000000043,53698.45,False,False,False,75.41
2025-11-19,ESILVER,EQ,155.54,157.16,154.0,156.39,153.25,463927,3.1599999999999966,3.9099999999999966,4.824999999999995,154.902,152.7345,146.6444,152.7345,165.39381510785654,140.07518489214345,0.16576890103881628,0.7563291139240471,5.931999999999997,410039.3,False,False,False,94.54
2025-11-19,ESPRIT,SM,66.1,66.1,63.95,65.0,66.05,22400,2.1499999999999915,2.1499999999999915,2.7714285714285714,69.95,71.5625,76.8,71.5625,76.60272568938979,66.52227431061021,0.1408622026729023,0.4883720930232564,2.425,26240.0,False,False,False,78.57
2025-11-19,ESSARSHPNG,BE,30.0,31.45,29.96,30.17,29.96,150883,1.4899999999999984,1.4899999999999984,2.545000000000001,32.673,33.6765,29.8252,33.6765,40.84638221660577,26.506617783394226,0.42580922700433665,0.14093959731543695,2.2614999999999994,1604067.35,False,False,False,
2025-11-19,ESSENTIA,EQ,1.67,1.69,1.66,1.67,1.67,964457,0.030000000000000027,0.030000000000000027,0.09071428571428575,1.7120000000000002,1.7515,1.7864000000000002,1.7515,1.8845075185844813,1.6184924814155188,0.15187841117268766,0.3333333333333333,0.08400000000000005,3192129.05,False,False,True,79.89
2025-11-19,ESTER,EQ,112.0,120.0,111.0,119.28,112.3,1389170,9.0,9.0,4.390000000000001,108.66199999999999,110.6415,113.08139999999999,110.6415,118.16381686383896,103.11918313616103,0.13597640783682374,0.9200000000000002,3.925500000000001,222545.1,False,False,False,32.74
2025-11-19,ETERNAL,EQ,305.0,308.1,302.6,306.6,306.15,15532632,5.5,5.5,8.607142857142861,305.9,318.935,328.00699999999995,318.935,347.29784717724965,290.57215282275035,0.17785973428598084,0.7272727272727273,8.804999999999998,34452914.9,False,False,True,57.24
2025-11-19,ETHOSLTD,EQ,2860.0,2890.0,2818.2,2852.2,2838.5,6852,71.80000000000018,71.80000000000018,88.21428571428575,2869.0099999999998,2884.0800000000004,2684.098,2884.0800000000004,2974.589681250127,2793.570318749874,0.06276502818931964,0.4735376044568233,88.76000000000003,27832.5,False,False,True,52.38
2025-11-19,ETL,SM,870.0,898.65,860.2,898.65,890.0,450,38.44999999999993,38.44999999999993,33.11071428571429,872.0050000000001,869.125,900.724,869.125,906.283410891758,831.966589108242,0.08550763329039658,1.0,22.682499999999997,1462.5,False,False,False,66.67
2025-11-19,ETML,SM,114.05,119.5,114.05,115.05,119.0,8400,5.450000000000003,5.450000000000003,3.4607142857142867,119.44000000000001,120.52250000000001,125.775,120.52250000000001,128.8382365879396,112.20676341206043,0.13799475762516691,0.18348623853211,3.907500000000001,24060.0,False,False,False,71.43
2025-11-19,EUREKAFORB,EQ,588.0,593.5,585.15,587.35,587.95,105676,8.350000000000023,8.350000000000023,17.60000000000003,570.6600000000001,564.8025,566.531,564.8025,595.5056834668652,534.0993165331348,0.10872183981786623,0.2634730538922203,15.890000000000015,259600.95,False,False,True,56.99
2025-11-19,EUROBOND,EQ,198.77,203.0,196.02,201.82,197.04,25199,6.97999999999999,6.97999999999999,9.935714285714283,206.93199999999996,207.25050000000002,213.38899999999998,207.25050000000002,217.8496423709662,196.65135762903384,0.10228339493478836,0.8309455587392538,10.051499999999999,12049.8,False,False,False,65.59
2025-11-19,EUROPRATIK,EQ,367.3,367.3,350.25,355.15,367.5,394057,17.05000000000001,17.25,17.001428571428573,345.255,316.72850000000005,,316.72850000000005,387.0678583351453,246.3891416648548,0.44416185051326434,0.28739002932551166,16.350499999999997,745532.4,False,False,False,49.34
2025-11-19,EVEREADY,EQ,340.95,342.0,335.1,339.65,340.85,38288,6.899999999999977,6.899999999999977,12.25,347.52,363.57000000000005,390.24,363.57000000000005,400.6566471927564,326.4833528072437,0.20401379207721396,0.6594202898550681,12.717499999999998,133864.1,False,False,True,58.25
2025-11-19,EVERESTIND,EQ,575.0,575.0,551.0,554.7,559.2,2417,24.0,24.0,24.84642857142859,572.02,599.7775,648.951,599.7775,669.8641354949358,529.6908645050643,0.23370878532434364,0.15416666666666856,22.487500000000004,10774.25,False,False,False,54.74
2025-11-19,EVIETF,EQ,31.3,31.55,31.18,31.44,31.29,28215,0.370000000000001,0.370000000000001,0.6164285714285709,31.256,31.296,31.3532,31.296,31.66251875804635,30.92948124195365,0.023422722267788233,0.7027027027027051,0.6154999999999994,97210.75,False,False,False,60.09
2025-11-19,EVINDIA,EQ,31.3,31.5,31.23,31.44,31.3,149203,0.2699999999999996,0.2699999999999996,0.4607142857142862,31.247000000000003,31.238999999999997,31.288399999999996,31.238999999999997,31.616936502603217,30.861063497396778,0.02419645331817405,0.7777777777777821,0.4400000000000002,211091.35,False,False,False,82.72
2025-11-19,EXCEL,BE,1.5,1.5,1.44,1.48,1.46,1685172,0.06000000000000005,0.06000000000000005,0.08428571428571431,1.53,1.5365,1.5714000000000001,1.5365,1.6260041898460609,1.446995810153939,0.11650398938634676,0.6666666666666666,0.08800000000000002,3501844.15,False,False,False,
2025-11-19,EXCELINDUS,EQ,1021.6,1039.0,975.6,983.3,1026.7,15064,63.39999999999998,63.39999999999998,31.221428571428525,1030.5,1079.165,1120.612,1079.165,1196.790614132303,961.5393858676969,0.21799375282241937,0.12145110410094534,28.24500000000001,8549.8,False,False,False,62.57
2025-11-19,EXCELLENT,SM,36.9,43.4,36.9,43.4,42.0,8000,6.5,6.5,1.6571428571428568,43.46,45.205,,45.205,49.10165240944068,41.308347590559315,0.17239917749986433,1.0,1.155,3600.0,False,False,False,80.0
2025-11-19,EXICOM,EQ,126.5,128.99,125.52,126.66,127.5,466135,3.470000000000013,3.470000000000013,3.919999999999997,132.895,136.44850000000002,142.3622,136.44850000000002,145.57752683751224,127.31947316248781,0.13380911974132675,0.32853025936599317,3.8099999999999974,238231.85,False,False,False,22.81
2025-11-19,EXIDEIND,EQ,381.5,383.0,379.4,380.9,381.5,1350329,3.6000000000000227,3.6000000000000227,5.7071428571428555,380.18500000000006,384.60249999999996,397.218,384.60249999999996,398.9160416651495,370.2889583348504,0.07443291016126811,0.416666666666664,6.165000000000001,2127520.05,False,False,False,39.23
2025-11-19,EXPLEOSOL,EQ,1089.0,1099.0,1082.1,1091.9,1096.6,9355,16.90000000000009,16.90000000000009,44.13571428571431,1029.0700000000002,1023.2725,1012.3539999999999,1023.2725,1101.1956703346339,945.3493296653663,0.15230189482202203,0.5798816568047414,35.43500000000003,25713.8,False,True,True,61.35
2025-11-19,EXXARO,BE,8.4,8.95,8.32,8.75,8.58,2732023,0.629999999999999,0.629999999999999,0.6664285714285713,8.943000000000001,8.2355,8.1984,8.2355,9.777777212436218,6.693222787563783,0.37454367371409575,0.6825396825396831,0.5524999999999999,3050675.3,False,False,False,
2025-11-19,FABTECH,EQ,240.35,249.0,234.41,238.2,240.1,888724,14.590000000000003,14.590000000000003,15.760714285714286,238.62199999999999,228.16350000000003,,228.16350000000003,266.6192159730514,189.70778402694867,0.33708911349143356,0.2597669636737485,14.727500000000003,1435167.35,False,False,False,27.75
2025-11-19,FACT,EQ,908.3,911.2,898.1,903.25,908.45,43151,13.100000000000023,13.100000000000023,19.92142857142857,897.7850000000001,896.1324999999999,924.68,896.1324999999999,916.3552415302664,875.9097584697334,0.0451333737594976,0.393129770992364,18.19750000000001,139164.25,False,False,False,36.88
2025-11-19,FAIRCHEMOR,EQ,705.0,709.0,690.4,694.75,696.6,229396,18.600000000000023,18.600000000000023,37.53214285714288,685.725,722.5925,758.808,722.5925,813.405011665521,631.779988334479,0.25135193533152095,0.23387096774193641,27.925000000000004,57063.1,False,False,True,85.87
2025-11-19,FALCONTECH,SM,17.2,17.5,17.15,17.5,17.4,7200,0.3500000000000014,0.3500000000000014,0.7214285714285713,17.465,17.744999999999997,18.787,17.744999999999997,18.689933860119346,16.80006613988065,0.10650142125887281,1.0,0.6349999999999998,6540.0,False,False,False,83.33
2025-11-19,FAZE3Q,EQ,545.4,558.4,532.15,541.05,546.95,138228,26.25,26.25,26.607142857142858,505.7049999999999,501.0125,494.2989999999999,501.0125,539.276776747378,462.748223252622,0.15274779270927574,0.33904761904761815,25.647499999999997,113548.5,False,False,False,28.64
2025-11-19,FCL,EQ,24.83,24.83,24.05,24.23,24.73,2277358,0.7799999999999976,0.7799999999999976,19.044285714285717,25.497000000000003,126.52000000000001,195.4812,126.52000000000001,349.11161008447715,-96.07161008447713,3.518678629220315,0.23076923076923112,4.174000000000005,3999456.05,False,False,False,39.4
2025-11-19,FCSSOFT,EQ,2.08,2.15,2.06,2.11,2.06,2928812,0.08999999999999986,0.08999999999999986,0.09214285714285707,2.162,2.209,2.2654,2.209,2.4276229631122996,1.9903770368877007,0.19793840028275186,0.5555555555555545,0.10749999999999993,6252024.1,False,False,False,61.98
2025-11-19,FDC,EQ,409.75,413.1,406.7,410.7,409.75,115609,6.400000000000034,6.400000000000034,13.278571428571427,415.105,427.85749999999996,447.25199999999995,427.85749999999996,460.8569587076832,394.8580412923167,0.15425443615074289,0.6249999999999967,11.757499999999999,167090.25,False,False,False,64.79
2025-11-19,FEDERALBNK,EQ,245.3,248.5,244.82,246.02,244.51,15310593,3.680000000000007,3.990000000000009,4.0214285714285705,238.86100000000002,234.346,212.66100000000003,234.346,248.51336023400333,220.17863976599668,0.12090976789877639,0.3260869565217432,4.643999999999998,13140758.3,True,True,False,58.34
2025-11-19,FEDFINA,EQ,144.98,145.04,140.16,140.79,144.98,1592960,4.8799999999999955,4.8799999999999955,4.943571428571427,140.74499999999998,142.7895,147.9174,142.7895,151.48470436792692,134.09429563207308,0.12179052896644248,0.1290983606557369,5.539999999999997,1256632.55,False,False,False,19.0
2025-11-19,FEL,BZ,0.38,0.38,0.38,0.38,0.37,62546,0.0,0.010000000000000009,0.012857142857142857,0.37899999999999995,0.429,0.5224,0.429,0.5379770618066015,0.32002293819339844,0.5080515701939466,0.5,0.012500000000000002,649789.0,False,False,True,
2025-11-19,FELDVR,BZ,3.19,3.27,3.19,3.21,3.27,689,0.08000000000000007,0.08000000000000007,0.20785714285714288,3.2600000000000002,3.3270000000000004,3.3924000000000003,3.3270000000000004,3.5478257231393098,3.106174276860691,0.1327476544269969,0.25,0.203,3542.2,False,False,False,
2025-11-19,FELIX,SM,181.9,184.0,179.2,180.2,181.75,18500,4.800000000000011,4.800000000000011,6.6857142857142815,176.54999999999998,178.2075,185.292,178.2075,186.30776388458983,170.1072361154102,0.09090822647295789,0.20833333333333284,7.589999999999996,45450.0,False,False,True,62.16
2025-11-19,FIBERWEB,EQ,39.01,39.3,38.61,38.81,39.34,24175,0.6899999999999977,0.730000000000004,1.2349999999999999,41.438,42.1515,43.5186,42.1515,45.16411530899657,39.138884691003426,0.14294225870949184,0.2898550724637732,1.2659999999999993,41697.85,False,False,True,65.76
2025-11-19,FIEMIND,EQ,2315.8,2354.3,2268.7,2315.5,2315.3,80920,85.60000000000036,85.60000000000036,71.0142857142857,2196.82,2121.77,2061.46,2121.77,2335.7578790959888,1907.7821209040114,0.2017069513622953,0.5467289719626166,67.45500000000003,99611.55,False,True,False,46.85
2025-11-19,FILATEX,EQ,53.9,54.55,53.57,54.03,54.07,1081211,0.9799999999999969,0.9799999999999969,2.5007142857142854,57.497,58.43300000000001,55.9674,58.43300000000001,64.88308248009271,51.982917519907296,0.22076848630372242,0.46938775510204317,2.41,2080980.55,False,False,False,56.65
2025-11-19,FILATFASH,EQ,0.43,0.44,0.41,0.41,0.43,81640069,0.030000000000000027,0.030000000000000027,0.025000000000000012,0.44299999999999995,0.4715,0.526,0.4715,0.5351474665638779,0.40785253343612204,0.2699786492635331,0.0,0.026500000000000013,54131270.4,False,False,False,43.41
2025-11-19,FINBUD,ST,149.6,157.05,149.6,157.05,149.6,496000,7.450000000000017,7.450000000000017,,,,,,,,,1.0,,,False,False,False,86.69
2025-11-19,FINCABLES,EQ,785.15,787.9,769.3,775.7,785.15,235519,18.600000000000023,18.600000000000023,19.242857142857133,785.18,787.2175,809.9220000000001,787.2175,799.6374547100564,774.7975452899435,0.0315540615142739,0.3440860215053808,16.68499999999999,302675.35,False,False,False,61.15
2025-11-19,FINEORG,EQ,4707.0,4765.6,4630.5,4655.7,4696.7,27330,135.10000000000036,135.10000000000036,107.93571428571444,4434.0199999999995,4458.115,4605.344,4458.115,4698.31438613576,4217.915613864239,0.10775827278379338,0.1865284974093246,101.89500000000007,16716.85,False,False,False,37.4
2025-11-19,FINIETF,EQ,32.34,32.5,32.21,32.36,32.41,350148,0.28999999999999915,0.28999999999999915,0.457142857142857,32.275999999999996,32.0765,31.1146,32.0765,32.63893310713362,31.514066892866385,0.035068234198470286,0.5172413793103414,0.5194999999999996,559530.75,False,True,True,61.54
2025-11-19,FINKURVE,EQ,110.0,111.99,104.16,108.42,105.56,56523,7.829999999999998,7.829999999999998,5.997142857142857,109.894,113.2635,,113.2635,122.64218706163076,103.88481293836922,0.16560828619335924,0.5440613026819932,5.939500000000001,23525.45,False,False,False,18.33
2025-11-19,FINOPB,EQ,284.5,285.75,279.9,284.2,284.6,112508,5.850000000000023,5.850000000000023,10.525000000000006,279.45,296.6775,289.402,296.6775,338.54470046766994,254.81029953233008,0.2822404831351884,0.7350427350427341,10.637499999999998,189488.7,False,False,False,62.09
2025-11-19,FINPIPE,EQ,184.29,185.1,179.7,183.43,185.09,924944,5.400000000000006,5.400000000000006,4.0978571428571415,186.39600000000002,188.3005,199.01,188.3005,193.2991017044759,183.3018982955241,0.053091751795411084,0.6907407407407434,3.566999999999999,582525.1,False,False,False,50.82
2025-11-19,FIRSTCRY,EQ,325.5,327.45,319.0,322.05,325.05,1175832,8.449999999999989,8.449999999999989,9.71071428571428,336.54499999999996,346.76000000000005,366.50399999999996,346.76000000000005,371.61414653533683,321.90585346466327,0.14335071251203585,0.360946745562132,9.372499999999997,804578.25,False,False,False,54.36
2025-11-19,FISCHER,EQ,45.2,45.2,45.2,45.2,47.58,202597,0.0,2.3799999999999955,7.917142857142858,70.258,88.57300000000001,221.8268,88.57300000000001,134.89580911167434,42.25019088832566,1.0459803577088804,0.5,6.551000000000002,2052643.4,False,False,True,100.0
2025-11-19,FIVESTAR,EQ,627.5,628.9,605.55,609.7,623.95,753644,23.350000000000023,23.350000000000023,30.835714285714307,629.965,596.75,556.964,596.75,692.5505480151347,500.9494519848653,0.32107431257690733,0.1777301927194898,24.852500000000013,4179361.15,False,False,False,54.85
2025-11-19,FLAIR,EQ,310.0,314.9,300.0,300.6,310.1,152098,14.899999999999977,14.899999999999977,11.792857142857136,318.2,312.485,315.824,312.485,330.0337065050393,294.93629349496075,0.11231711285366826,0.04026845637584051,10.987499999999994,199903.95,False,False,False,69.48
2025-11-19,FLEXIADD,EQ,10.88,10.92,10.81,10.91,10.83,85527,0.10999999999999943,0.10999999999999943,0.19285714285714292,10.797,10.7825,,10.7825,10.97137826767524,10.593621732324761,0.03503422539767942,0.9090909090909105,0.24600000000000008,202044.8,False,False,False,89.14
2025-11-19,FLEXITUFF,EQ,13.51,14.36,13.05,13.05,13.74,24597,1.3099999999999987,1.3099999999999987,1.2099999999999997,16.283,18.407,21.8116,18.407,23.580764973401838,13.233235026598162,0.562151895844172,0.0,1.2729999999999992,16643.45,False,False,False,82.61
2025-11-19,FLFL,BZ,1.54,1.54,1.43,1.47,1.49,18149,0.1100000000000001,0.1100000000000001,0.1100000000000001,1.508,1.4745,1.6059999999999999,1.4745,1.6262201370945844,1.3227798629054155,0.20579197978241362,0.36363636363636365,0.10250000000000008,90137.0,False,False,False,
2025-11-19,FLUOROCHEM,EQ,3567.5,3570.7,3500.9,3512.6,3567.5,42736,69.79999999999973,69.79999999999973,106.55000000000008,3592.9300000000003,3640.4100000000008,3666.51,3640.4100000000008,3795.8869294783062,3484.9330705216953,0.08541726315349393,0.16762177650429605,97.80500000000004,81473.65,False,False,False,58.69
2025-11-19,FLYSBS,ST,571.3,589.75,571.3,584.8,569.35,38000,18.450000000000045,20.399999999999977,26.599999999999998,565.425,566.0325,567.7739999999999,566.0325,607.2304765886627,524.8345234113374,0.1455675304462646,0.7317073170731689,23.0075,54960.0,False,False,False,99.47
2025-11-19,FMCGIETF,EQ,59.42,59.42,59.06,59.2,59.13,448021,0.35999999999999943,0.35999999999999943,0.5878571428571432,59.347,59.760000000000005,59.5366,59.760000000000005,60.66155421356684,58.85844578643317,0.030172497107323712,0.38888888888889106,0.6510000000000001,915628.2,False,False,True,56.8
2025-11-19,FMGOETZE,EQ,531.2,540.0,531.2,536.2,534.2,64812,8.799999999999955,8.799999999999955,22.42857142857142,518.455,494.37250000000006,515.141,494.37250000000006,549.1209563709322,439.6240436290679,0.22148665781746407,0.5681818181818211,20.987499999999994,124071.6,False,False,True,60.98
2025-11-19,FMNL,BE,10.75,11.55,10.53,11.26,11.0,22325,1.0200000000000014,1.0200000000000014,0.917857142857143,11.407,11.468,11.487,11.468,12.651496514570312,10.284503485429688,0.2063998107028796,0.7156862745098034,0.7280000000000001,69834.65,False,False,False,
2025-11-19,FOCUS,EQ,73.56,75.6,73.5,74.73,74.43,43195,2.0999999999999943,2.0999999999999943,3.1864285714285705,79.697,83.5625,88.22800000000001,83.5625,92.7723900644898,74.3526099355102,0.2204311758142659,0.5857142857142892,3.322499999999999,41690.65,False,False,False,53.73
2025-11-19,FONEBOX,ST,99.85,99.85,99.0,99.0,99.9,12000,0.8499999999999943,0.9000000000000057,5.764285714285715,103.475,99.525,93.95199999999998,99.525,111.45519278972482,87.59480721027519,0.239742633302684,0.0,3.2699999999999987,12450.0,False,False,False,100.0
2025-11-19,FOODSIN,EQ,80.6,80.6,78.55,78.7,79.65,53353,2.049999999999997,2.049999999999997,4.165714285714287,81.14699999999999,81.5645,85.68299999999999,81.5645,84.83649312346473,78.29250687653526,0.08023081422591297,0.07317073170731994,4.262500000000003,88378.6,False,False,True,78.83
2025-11-19,FORCAS,SM,138.05,138.05,136.55,137.6,134.5,22400,1.5,3.5500000000000114,5.275000000000001,131.055,123.62750000000001,112.44699999999999,123.62750000000001,144.0387830316961,103.21621696830391,0.3302061925007963,0.6999999999999886,4.625000000000001,38640.0,False,False,False,64.29
2025-11-19,FORCEMOT,EQ,17450.0,17841.0,17411.0,17618.0,17440.0,48878,430.0,430.0,638.7857142857143,17675.0,17327.45,17403.32,17327.45,18457.729872420976,16197.170127579027,0.13046118989475938,0.4813953488372093,678.65,79519.7,False,False,False,19.42
2025-11-19,FORGEAUTO,SM,131.0,131.0,130.15,130.15,138.95,2400,0.8499999999999943,8.799999999999983,4.967857142857142,132.315,136.8625,142.484,136.8625,148.3927157395251,125.33228426047494,0.1684934257305702,0.0,3.229999999999998,7380.0,False,False,False,100.0
2025-11-19,FORTIS,EQ,932.0,935.5,912.5,922.9,928.1,3031991,23.0,23.0,25.957142857142887,966.3799999999999,1012.95,1002.068,1012.95,1122.02138029749,903.8786197025102,0.2153539272372573,0.45217391304347726,25.920000000000023,2562565.4,False,False,False,64.51
2025-11-19,FOSECOIND,EQ,5293.0,5338.5,5250.5,5322.0,5275.0,852,88.0,88.0,152.53571428571428,5463.2,5577.75,5757.71,5577.75,5881.793006826327,5273.706993173673,0.10901994776615186,0.8125,146.875,1706.3,False,False,True,46.83
2025-11-19,FRESHARA,SM,138.25,140.9,132.4,138.8,132.95,123000,8.5,8.5,11.257142857142854,147.32,156.13,173.618,156.13,178.6525309412604,133.60746905873958,0.2885099717064038,0.7529411764705889,8.567499999999999,65700.0,False,False,False,76.1
2025-11-19,FROG,SM,170.35,171.5,165.3,165.7,167.0,7200,6.199999999999989,6.199999999999989,10.092857142857143,181.125,199.54000000000002,223.361,199.54000000000002,241.01575918533672,158.06424081466332,0.41571373344027956,0.06451612903225451,8.6075,25880.0,False,False,False,72.22
2025-11-19,FSL,EQ,357.25,371.75,356.25,367.2,358.8,2511186,15.5,15.5,9.025000000000006,359.07000000000005,347.8775,346.96899999999994,347.8775,379.2237673216441,316.5312326783559,0.18021439915857806,0.7064516129032251,9.762500000000008,1925583.85,False,False,False,36.12
2025-11-19,FUSION,EQ,171.1,171.11,167.63,168.66,170.25,141610,3.480000000000018,3.480000000000018,6.360714285714287,170.284,176.52100000000002,182.5322,176.52100000000002,190.02051243563926,163.02148756436077,0.1529507813307113,0.29597701149425165,5.929,266613.65,False,False,True,54.6
2025-11-19,GABRIEL,EQ,997.8,1133.0,992.6,1116.8,982.2,3865502,140.39999999999998,150.79999999999995,67.13571428571429,1180.19,1222.2849999999999,1246.57,1222.2849999999999,1390.4325813088003,1054.1374186911994,0.27513645558736377,0.8846153846153842,61.43000000000002,565141.7,False,False,False,14.33
2025-11-19,GAEL,EQ,108.23,112.2,107.83,111.68,108.23,1109903,4.3700000000000045,4.3700000000000045,3.72357142857143,107.43299999999999,106.758,106.89099999999999,106.758,111.2927132213624,102.22328677863759,0.0849531317814573,0.8810068649885594,3.723000000000001,777814.05,False,False,False,46.04
2025-11-19,GAIL,EQ,184.4,184.88,183.3,184.05,184.31,3032584,1.579999999999984,1.579999999999984,3.3328571428571427,182.76500000000001,181.61399999999998,179.0934,181.61399999999998,186.2294107076191,176.99858929238084,0.05082659605117595,0.4746835443038023,2.930000000000001,7595633.25,False,True,False,65.89
2025-11-19,GALAPREC,EQ,758.75,758.75,744.0,745.9,754.9,6887,14.75,14.75,21.542857142857144,750.175,751.5799999999999,778.5369999999999,751.5799999999999,773.8077619206284,729.3522380793714,0.05914942366914633,0.12881355932203237,19.452500000000015,12269.45,False,False,True,77.57
2025-11-19,GALAXYSURF,EQ,2146.4,2148.4,2084.0,2101.8,2143.8,31361,64.40000000000009,64.40000000000009,41.3357142857143,2200.0299999999997,2218.88,2264.282,2218.88,2312.4597969649585,2125.3002030350417,0.08434867767969281,0.2763975155279527,45.21500000000005,15550.85,False,False,False,71.05
2025-11-19,GALLANTT,EQ,599.9,635.0,598.1,631.2,607.75,547005,36.89999999999998,36.89999999999998,42.12499999999999,605.845,579.4875,632.448,579.4875,675.3710902279428,483.60390977205714,0.3309254823544695,0.8970189701897031,40.04749999999999,918283.45,False,False,False,21.0
2025-11-19,GANDHAR,EQ,141.0,142.8,137.99,138.59,141.3,146594,4.810000000000002,4.810000000000002,4.785714285714286,138.985,137.67800000000003,141.09779999999998,137.67800000000003,146.40019605374627,128.95580394625378,0.12670428178425375,0.1247401247401235,3.7545000000000015,227064.15,False,False,False,47.52
2025-11-19,GANDHITUBE,EQ,779.75,785.95,773.05,776.75,778.7,4664,12.900000000000091,12.900000000000091,27.77500000000001,798.01,845.8875,902.5169999999999,845.8875,953.2558373951553,738.5191626048448,0.2538596146536158,0.2868217054263581,29.285000000000007,12454.3,False,False,True,64.71
2025-11-19,GANECOS,EQ,918.9,929.4,852.3,874.4,918.9,210699,77.10000000000002,77.10000000000002,48.82857142857142,1004.7699999999999,1112.925,1199.8,1112.925,1372.7847766103876,853.0652233896124,0.46698524448707257,0.2866407263294425,41.11,98324.05,False,False,False,52.92
2025-11-19,GANESHBE,EQ,85.63,87.19,84.85,86.83,85.63,132421,2.3400000000000034,2.3400000000000034,3.0264285714285726,84.405,85.663,89.1968,85.663,89.26250607722731,82.06349392277268,0.08403875832570229,0.8461538461538466,2.5545000000000018,79486.5,False,False,True,70.03
2025-11-19,GANESHCP,EQ,277.1,278.8,272.05,272.7,276.45,65425,6.75,6.75,10.178571428571429,280.735,282.45750000000004,,282.45750000000004,296.0962050338366,268.81879496616347,0.09657173227006945,0.09629629629629292,9.439999999999994,220924.75,False,False,False,71.92
2025-11-19,GANESHHOU,EQ,802.0,809.8,802.0,804.3,807.4,18536,7.7999999999999545,7.7999999999999545,20.096428571428564,818.97,830.335,,830.335,863.2718957250071,797.398104274993,0.07933399344844441,0.29487179487179077,21.38500000000001,41448.5,False,False,True,57.25
2025-11-19,GANESHIN,SM,239.0,240.5,232.3,232.75,238.0,60800,8.199999999999989,8.199999999999989,14.424999999999997,231.795,229.34499999999997,231.393,229.34499999999997,245.92996005421844,212.7600399457815,0.14462892196663082,0.054878048780486494,13.924999999999997,182800.0,False,False,False,53.95
2025-11-19,GANGABATH,SM,23.1,23.1,22.0,22.6,23.1,45000,1.1000000000000014,1.1000000000000014,0.8607142857142855,24.035,24.84,25.059,24.84,26.955325034125984,22.724674965874016,0.1703160252919472,0.5454545454545461,0.7599999999999998,26550.0,False,False,False,80.0
2025-11-19,GANGAFORGE,EQ,3.22,3.31,3.21,3.22,3.24,122703,0.10000000000000009,0.10000000000000009,0.16928571428571432,3.3649999999999998,3.4965,3.6404,3.4965,3.810523884441936,3.1824761155580643,0.17962184152262883,0.10000000000000223,0.18550000000000003,601127.4,False,False,True,72.96
2025-11-19,GANGESSECU,EQ,155.5,164.7,155.5,156.32,156.71,1841,9.199999999999989,9.199999999999989,6.932142857142858,152.45999999999998,155.49849999999998,153.81619999999998,155.49849999999998,162.9032019521384,148.09379804786155,0.09523824284013577,0.08913043478260807,8.1955,19116.55,False,False,False,70.56
2025-11-19,GARFIBRES,EQ,729.65,738.0,721.5,728.7,730.3,45277,16.5,16.5,28.735714285714284,731.4300000000001,751.03,763.8480000000001,751.03,797.1196886515844,704.9403113484155,0.12273727721018982,0.4363636363636391,26.982500000000005,78912.0,False,False,True,52.27
2025-11-19,GARUDA,EQ,237.95,239.27,226.82,230.93,237.68,1490807,12.450000000000017,12.450000000000017,13.232857142857144,230.48899999999998,217.55700000000002,205.24360000000001,217.55700000000002,247.677102323863,187.43689767613702,0.2768938928544059,0.3301204819277115,12.988999999999999,3820026.8,False,False,False,29.2
2025-11-19,GATECH,EQ,0.6,0.61,0.58,0.59,0.6,10264127,0.030000000000000027,0.030000000000000027,0.030000000000000027,0.622,0.6395000000000001,0.6772,0.6395000000000001,0.6918354564325218,0.5871645435674784,0.16367617336206938,0.3333333333333333,0.028999999999999998,11575636.45,False,False,False,37.16
2025-11-19,GATECHDVR,EQ,0.54,0.54,0.51,0.51,0.53,734132,0.030000000000000027,0.030000000000000027,0.024285714285714306,0.514,0.5195000000000001,0.5418,0.5195000000000001,0.5418383079036886,0.4971616920963116,0.08599926045693353,0.0,0.025500000000000023,1068008.6,False,False,False,83.27
2025-11-19,GATEWAY,EQ,60.0,60.25,59.62,59.84,60.31,554048,0.6300000000000026,0.6900000000000048,1.6942857142857133,60.989,62.0225,62.762,62.0225,64.65232033606871,59.39267966393129,0.08480213909689907,0.34920634920635724,1.6514999999999986,730809.55,False,False,True,60.83
2025-11-19,GAYAHWS,BE,3.64,3.64,3.46,3.46,3.65,501244,0.18000000000000016,0.18999999999999995,0.2714285714285714,3.882,3.599,3.3311999999999995,3.599,4.3326456910525675,2.865354308947433,0.4076941878591649,0.0,0.205,866795.3,False,False,False,
2025-11-19,GCHOTELS,ST,188.55,189.0,188.55,188.55,198.45,12600,0.44999999999998863,9.899999999999977,8.067857142857138,190.105,197.6175,196.99200000000002,197.6175,217.95390270549376,177.28109729450625,0.20581580786614295,0.0,5.242499999999997,20760.0,False,False,True,100.0
2025-11-19,GCSL,BE,360.01,378.47,354.0,375.32,360.45,29384,24.470000000000027,24.470000000000027,31.287857142857142,323.038,276.479,268.0736,276.479,393.08134215486416,159.87665784513578,0.8434806416029007,0.871270944013076,25.996499999999997,283542.9,False,False,False,
2025-11-19,GEECEE,EQ,369.15,369.95,362.6,366.95,366.15,3626,7.349999999999966,7.349999999999966,13.507142857142851,355.35499999999996,345.1375,357.077,345.1375,369.26171760389303,321.01328239610694,0.13979482150675046,0.5918367346938757,12.619999999999994,7730.7,False,False,True,19.31
2025-11-19,GEEKAYWIRE,EQ,32.6,32.63,31.39,32.2,32.55,170125,1.240000000000002,1.240000000000002,4.301428571428571,32.17,47.056,61.54280000000001,47.056,83.07720120151478,11.03479879848522,1.5309929106390168,0.6532258064516137,2.2169999999999987,134775.85,False,False,False,56.35
2025-11-19,GEMAROMA,EQ,180.0,181.39,173.98,178.17,180.4,406659,7.409999999999997,7.409999999999997,8.462857142857143,197.016,213.036,242.1656,213.036,250.59457579834532,175.47742420165469,0.3526030886643132,0.5654520917678812,8.542499999999999,337285.05,False,False,False,49.2
2025-11-19,GENCON,EQ,37.91,43.73,37.19,43.25,37.5,755566,6.539999999999999,6.539999999999999,2.142857142857143,40.464999999999996,41.2585,43.5654,41.2585,44.45807043991839,38.05892956008161,0.15509872825809903,0.9266055045871564,2.5759999999999996,177131.9,False,False,False,32.62
2025-11-19,GENESYS,EQ,432.55,474.4,432.5,457.25,432.55,455214,41.89999999999998,41.89999999999998,21.82857142857143,473.65,502.82249999999993,525.386,502.82249999999993,574.2378868224503,431.4071131775496,0.28405803965594356,0.5906921241050123,25.3475,346536.65,False,False,False,51.74
2025-11-19,GENSOL,BZ,31.36,32.0,30.1,30.87,31.36,94801,1.8999999999999986,1.8999999999999986,1.9171428571428566,31.244000000000007,35.766,,35.766,46.27015612983739,25.261843870162608,0.5873822138252749,0.40526315789473694,0.9654999999999994,153735.6,False,False,False,
2025-11-19,GENUSPAPER,EQ,14.9,15.15,14.35,14.53,14.94,156196,0.8000000000000007,0.8000000000000007,0.6542857142857147,15.195000000000002,15.861999999999998,16.9048,15.861999999999998,17.428047253437764,14.295952746562232,0.1974589904725465,0.22499999999999945,0.6195000000000003,129553.0,False,False,False,75.17
2025-11-19,GENUSPOWER,EQ,344.0,345.25,332.8,334.55,346.1,420069,12.449999999999989,13.300000000000011,14.97142857142857,340.63,325.425,322.383,325.425,364.2384319533831,286.6115680466169,0.23853995208347906,0.14056224899598407,12.347499999999997,944931.8,False,False,False,54.25
2025-11-19,GEOJITFSL,EQ,75.01,75.7,74.67,75.18,75.01,383163,1.0300000000000011,1.0300000000000011,1.6121428571428587,73.12,74.289,76.32260000000001,74.289,78.75537168180163,69.82262831819837,0.12024314990918258,0.4951456310679656,2.053000000000002,538309.9,False,False,True,57.38
2025-11-19,GESHIP,EQ,1131.8,1135.5,1115.6,1117.2,1131.3,121509,19.90000000000009,19.90000000000009,36.22500000000006,1111.14,1081.1550000000002,1044.545,1081.1550000000002,1166.529187551041,995.7808124489592,0.15793144840664095,0.08040201005025774,32.85750000000005,483764.4,False,False,False,60.11
2025-11-19,GFLLIMITED,EQ,61.32,62.19,60.07,60.52,61.32,50856,2.1199999999999974,2.1199999999999974,3.1771428571428566,61.137,65.553,62.755199999999995,65.553,76.56501543769346,54.54098456230653,0.33597289026264143,0.21226415094339782,4.1834999999999996,384918.25,False,False,False,62.2
2025-11-19,GGBL,SM,425.0,439.0,425.0,427.9,426.95,46500,14.0,14.0,19.550000000000004,425.285,407.2375,407.51,407.2375,454.03952853509486,360.43547146490516,0.22985127123653812,0.20714285714285552,20.29,71910.0,False,False,False,65.16
2025-11-19,GHCL,EQ,592.0,604.05,590.0,600.25,594.0,97966,14.049999999999955,14.049999999999955,15.592857142857156,612.54,628.095,606.118,628.095,666.8681595307954,589.3218404692046,0.12346272309378484,0.729537366548045,15.400000000000011,209073.7,False,False,False,53.94
2025-11-19,GHCLTEXTIL,EQ,77.0,77.0,75.02,76.08,76.09,147962,1.980000000000004,1.980000000000004,2.1914285714285717,77.592,77.7025,78.2286,77.7025,80.58886709377057,74.81613290622943,0.07429277291645889,0.5353535353535355,2.343,126641.8,False,False,False,70.87
2025-11-19,GICHSGFIN,EQ,171.3,172.64,169.11,171.95,171.17,116008,3.5299999999999727,3.5299999999999727,3.7935714285714317,171.00799999999998,172.612,173.3884,172.612,178.01802478721618,167.2059752127838,0.06263787902597945,0.8045325779036818,3.620000000000002,84064.15,False,False,False,70.34
2025-11-19,GICL,SM,41.5,42.35,41.0,42.05,42.05,195000,1.3500000000000014,1.3500000000000014,2.167857142857143,42.2,42.977500000000006,102.182,42.977500000000006,45.83905115277769,40.11594884722232,0.1331650818580739,0.7777777777777749,2.325,136650.0,False,False,False,78.46
2025-11-19,GICRE,EQ,393.35,394.05,386.0,388.05,393.45,324101,8.050000000000011,8.050000000000011,7.064285714285712,386.13,385.31,376.45599999999996,385.31,397.1053211062687,373.5146788937313,0.06122509722700535,0.25465838509316874,7.142499999999996,527885.3,False,True,False,55.37
2025-11-19,GILLANDERS,EQ,120.06,123.57,118.0,119.53,121.37,2632,5.569999999999993,5.569999999999993,4.199285714285713,121.80799999999999,122.81300000000002,121.1532,122.81300000000002,126.7561160266976,118.86988397330244,0.0642133328995722,0.27468581687612265,4.2269999999999985,9113.8,False,False,False,62.84
2025-11-19,GILLETTE,EQ,8377.0,8398.0,8272.0,8342.5,8343.5,23902,126.0,126.0,220.5,8501.1,8855.475,9423.64,8855.475,9617.225515260752,8093.724484739248,0.17204057721596014,0.5595238095238095,201.275,33502.05,False,False,False,61.99
2025-11-19,GILT5YBEES,EQ,63.68,63.68,63.28,63.36,63.41,147659,0.3999999999999986,0.3999999999999986,0.63,63.394000000000005,63.354499999999994,63.0802,63.354499999999994,63.49697455913337,63.21202544086662,0.004497693427724188,0.19999999999999646,0.7485000000000014,181340.5,False,True,False,73.81
2025-11-19,GINNIFILA,EQ,41.5,41.81,40.72,41.5,41.0,71681,1.0900000000000034,1.0900000000000034,1.9300000000000013,42.221000000000004,43.9005,44.306000000000004,43.9005,47.78206398890978,40.01893601109022,0.17683461413468102,0.7155963302752282,1.951000000000001,116393.1,False,False,True,89.53
2025-11-19,GIPCL,EQ,170.48,170.99,166.0,166.77,169.82,214324,4.990000000000009,4.990000000000009,4.486428571428569,173.69400000000002,178.51299999999998,183.3666,178.51299999999998,191.04672267125878,165.97927732874118,0.14042364053328107,0.1543086172344707,5.451499999999998,469759.4,False,False,False,62.76
2025-11-19,GIRIRAJ,SM,107.35,118.4,107.25,107.25,112.9,4750,11.150000000000006,11.150000000000006,9.571428571428571,138.245,192.43,276.91200000000003,192.43,314.5341948501356,70.32580514986441,1.2690764937913588,0.0,7.6625,5575.0,False,False,False,78.95
2025-11-19,GKENERGY,EQ,192.95,193.9,182.76,184.21,192.04,964543,11.140000000000015,11.140000000000015,11.119285714285715,196.057,205.885,,205.885,234.4686159364066,177.3013840635934,0.27766584196426747,0.13016157989228144,11.282500000000002,1389245.55,False,False,False,49.69
2025-11-19,GKWLIMITED,EQ,1690.8,1719.0,1683.0,1684.8,1682.3,386,36.0,36.700000000000045,84.77857142857145,1706.0,1733.3300000000004,1712.2419999999997,1733.3300000000004,1811.4039162588879,1655.256083741113,0.0900854612322956,0.04999999999999874,78.70500000000001,664.1,False,False,True,93.01
2025-11-19,GLAND,EQ,1780.0,1785.6,1738.0,1769.8,1790.1,1333535,47.59999999999991,52.09999999999991,43.60000000000002,1841.5,1881.6649999999997,1928.904,1881.6649999999997,1984.2774412534852,1779.0525587465143,0.10906557889261426,0.6680672268907566,41.790000000000006,171399.35,False,False,False,92.79
2025-11-19,GLAXO,EQ,2490.0,2526.4,2471.4,2519.0,2487.9,53349,55.0,55.0,62.11428571428568,2526.07,2612.75,2697.4960000000005,2612.75,2820.270529104958,2405.229470895042,0.15885218953589733,0.8654545454545438,56.27999999999995,81577.05,False,False,False,56.99
2025-11-19,GLENMARK,EQ,1835.5,1866.5,1832.1,1840.8,1842.8,548782,34.40000000000009,34.40000000000009,57.36428571428574,1847.9199999999996,1848.1899999999998,1943.6660000000002,1848.1899999999998,1899.364364676044,1797.0156353239556,0.05537781794733681,0.2529069767441867,50.51500000000001,1083419.8,False,False,False,35.1
2025-11-19,GLOBAL,EQ,75.15,76.37,74.03,76.01,76.11,85436,2.3400000000000034,2.3400000000000034,3.7235714285714274,73.705,69.2635,66.291,69.2635,80.04943765047805,58.47756234952193,0.31144650935855284,0.8461538461538466,3.6215,167920.55,False,False,False,59.4
2025-11-19,GLOBALE,EQ,13.6,13.88,12.15,12.61,13.1,20228,1.7300000000000004,1.7300000000000004,0.9307142857142859,12.806999999999999,12.926499999999999,13.285,12.926499999999999,13.602999076126508,12.25000092387349,0.10466856088291639,0.26589595375722486,0.9750000000000003,10938.1,False,False,False,57.72
2025-11-19,GLOBALPET,SM,142.85,142.85,142.85,142.85,141.0,750,0.0,1.8499999999999943,4.824999999999998,147.75,144.28249999999997,140.376,144.28249999999997,155.63407588178808,132.93092411821186,0.15735208194740333,0.5,3.252499999999999,7687.5,False,False,True,100.0
2025-11-19,GLOBALVECT,EQ,208.45,209.36,201.3,203.44,210.14,25800,8.060000000000002,8.839999999999975,8.846428571428572,214.177,220.586,213.2982,220.586,237.88348004768307,203.28851995231696,0.15683207499735297,0.2655086848635218,9.933500000000002,37883.25,False,False,False,49.76
2025-11-19,GLOBE,EQ,2.81,2.98,2.77,2.94,2.76,6718731,0.20999999999999996,0.2200000000000002,0.1792857142857143,2.746,2.55,2.3396,2.55,2.9823887140062726,2.117611285993727,0.33912840314217474,0.8095238095238093,0.1475,2016302.8,False,False,False,81.47
2025-11-19,GLOBECIVIL,EQ,64.77,65.48,63.5,63.93,65.08,60667,1.980000000000004,1.980000000000004,2.884285714285716,67.729,70.614,72.8922,70.614,77.8321892466186,63.39581075338142,0.20444074111701896,0.2171717171717166,2.7860000000000014,281465.35,False,False,False,68.77
2025-11-19,GLOBUSSPR,EQ,1160.2,1176.8,1145.3,1171.0,1167.7,81914,31.5,31.5,48.83571428571429,1160.74,1130.98,1098.774,1130.98,1211.1947766935791,1050.765223306421,0.14185003570987834,0.8158730158730173,44.735000000000014,222552.05,False,False,True,49.56
2025-11-19,GLOSTERLTD,EQ,605.05,630.0,605.0,618.7,606.15,1378,25.0,25.0,30.18214285714287,624.75,628.5600000000001,641.433,628.5600000000001,653.499398549281,603.6206014507192,0.07935407454906737,0.5480000000000018,25.67750000000001,2066.6,False,False,True,59.72
2025-11-19,GLOTTIS,EQ,70.95,70.95,67.5,68.12,70.83,519549,3.450000000000003,3.450000000000003,2.5042857142857122,71.29599999999999,73.221,,73.221,78.67479830943535,67.76720169056466,0.14896814600825833,0.1797101449275374,2.631999999999998,729718.5,False,False,False,55.81
2025-11-19,GMBREW,EQ,1081.0,1093.1,1041.9,1050.0,1078.2,318921,51.19999999999982,51.19999999999982,77.39642857142857,1175.3,1191.0025,938.8690000000001,1191.0025,1308.8479898373291,1073.157010162671,0.1978929344603879,0.15820312499999878,84.14500000000002,1706514.65,False,False,False,22.22
2025-11-19,GMDCLTD,EQ,542.05,543.0,512.0,515.4,543.5,3713296,31.0,31.5,22.889285714285716,572.73,578.05,575.927,578.05,617.9028167134991,538.1971832865008,0.13788709182077372,0.10967741935483798,21.624999999999993,2800557.45,False,False,False,35.49
2025-11-19,GML,SM,20.05,20.9,19.9,20.3,20.9,14000,1.0,1.0,0.9999999999999998,21.56,21.207500000000003,,21.207500000000003,22.70258360970203,19.712416390297975,0.14099574298734205,0.40000000000000213,0.8874999999999998,32300.0,False,False,False,71.43
2025-11-19,GMMPFAUDLR,EQ,1228.0,1245.0,1220.0,1240.1,1238.0,62448,25.0,25.0,38.16428571428576,1249.19,1223.2949999999998,1149.0559999999998,1223.2949999999998,1326.7606749845058,1119.8293250154939,0.16915899269514878,0.8039999999999964,39.08000000000004,196801.05,False,False,False,60.2
2025-11-19,GMRAIRPORT,EQ,104.2,104.7,102.52,102.92,103.72,24782245,2.180000000000007,2.180000000000007,2.518571428571427,97.173,94.89,91.38859999999998,94.89,101.48832706070263,88.29167293929737,0.13907318075039793,0.18348623853211213,2.2409999999999988,18946422.3,False,True,False,35.34
2025-11-19,GMRP&UI,EQ,131.85,131.95,126.0,128.93,131.5,3378287,5.949999999999989,5.949999999999989,4.79142857142857,122.23500000000001,120.72,118.08259999999999,120.72,129.80639642542621,111.63360357457378,0.15053672010315136,0.49243697478991805,4.486499999999999,2886011.1,False,False,False,41.41
2025-11-19,GNA,EQ,312.25,315.8,311.25,312.95,312.65,16838,4.550000000000011,4.550000000000011,8.507142857142854,315.125,314.09000000000003,313.086,314.09000000000003,322.1565730022106,306.02342699778944,0.051364723500974804,0.3736263736263702,7.875,23232.85,False,False,True,62.2
2025-11-19,GNFC,EQ,497.7,498.45,492.5,493.85,497.7,133238,5.949999999999989,5.949999999999989,11.075000000000001,500.505,501.2925,501.902,501.2925,516.483855271994,486.1011447280061,0.060608747475751006,0.22689075630252525,9.492499999999998,252035.75,False,False,True,58.52
2025-11-19,GOACARBON,EQ,431.2,433.15,430.0,430.75,431.15,6282,3.1499999999999773,3.1499999999999773,12.564285714285704,430.98999999999995,437.0575,445.526,437.0575,453.13849110751573,420.9765088924843,0.07358753073687434,0.2380952380952398,11.199999999999998,26955.45,False,False,True,67.89
2025-11-19,GOCLCORP,EQ,320.0,331.95,318.0,326.4,318.9,62748,13.949999999999989,13.949999999999989,11.09642857142856,332.23999999999995,344.79,352.621,344.79,374.8282023430162,314.75179765698385,0.17424056581116718,0.6021505376344075,11.47499999999999,46571.25,False,False,False,35.99
2025-11-19,GOCOLORS,EQ,555.0,555.05,545.0,548.4,551.4,305737,10.049999999999955,10.049999999999955,22.150000000000002,575.475,621.28,671.438,621.28,729.1418023212997,513.4181976787003,0.34722444733871916,0.3383084577114421,21.28250000000001,140877.2,False,False,False,79.34
2025-11-19,GODAVARIB,EQ,254.6,255.7,250.75,253.15,255.0,38803,4.949999999999989,4.949999999999989,11.05357142857142,259.7,264.14500000000004,267.7222,264.14500000000004,277.3422307701273,250.9477692298728,0.09992413840979195,0.48484848484848714,11.432499999999994,232225.3,False,False,True,60.14
2025-11-19,GODFRYPHLP,EQ,2876.7,2967.0,2866.1,2938.3,2879.5,279841,100.90000000000009,100.90000000000009,81.90714285714287,2975.9,3097.2599999999998,4430.262,3097.2599999999998,3403.961890441214,2790.5581095587854,0.19804723558320217,0.7155599603567909,92.26500000000001,466921.5,False,False,False,27.68
2025-11-19,GODIGIT,EQ,353.1,357.75,350.8,354.75,352.5,179074,6.949999999999989,6.949999999999989,8.55357142857142,355.025,355.8375,354.311,355.8375,364.18356943417103,347.4914305658289,0.04690944284495623,0.5683453237410064,8.567499999999992,681942.2,False,False,False,39.22
2025-11-19,GODREJAGRO,EQ,577.05,579.75,560.05,568.25,577.1,378071,19.700000000000045,19.700000000000045,17.17142857142856,588.695,626.4325,673.9680000000001,626.4325,709.7393261008691,543.1256738991309,0.2659722351597949,0.4162436548223364,16.25750000000001,201869.45,False,False,False,46.85
2025-11-19,GODREJCP,EQ,1139.9,1149.0,1132.6,1139.9,1142.1,1671330,16.40000000000009,16.40000000000009,20.77142857142857,1142.46,1133.425,1166.7679999999998,1133.425,1160.0252161645203,1106.8247838354796,0.0469377615007969,0.4451219512195208,20.645000000000003,1511743.15,False,False,False,75.24
2025-11-19,GODREJIND,EQ,1061.0,1070.0,1035.7,1060.3,1056.4,87062,34.299999999999955,34.299999999999955,28.249999999999982,1071.0700000000002,1083.165,1132.042,1083.165,1116.6210771759154,1049.7089228240845,0.061774664388002616,0.7172011661807564,28.20999999999998,112856.3,False,False,False,46.18
2025-11-19,GODREJPROP,EQ,2145.0,2149.7,2111.0,2130.4,2150.8,368577,38.69999999999982,39.80000000000018,51.69285714285713,2187.46,2238.89,2120.2340000000004,2238.89,2361.3259734718586,2116.454026528141,0.10937203120462255,0.5012919896640874,53.08999999999996,531260.3,False,False,False,30.18
2025-11-19,GOKEX,EQ,936.2,944.8,928.0,938.05,931.55,376487,16.799999999999955,16.799999999999955,30.464285714285705,893.65,866.4949999999999,805.79,866.4949999999999,952.1966505091915,780.7933494908083,0.197812221672812,0.5982142857142846,32.052499999999995,738282.95,True,True,False,42.75
2025-11-19,GOKUL,EQ,38.65,38.65,37.8,38.1,38.19,25520,0.8500000000000014,0.8500000000000014,1.2242857142857149,39.870999999999995,40.198,41.266400000000004,40.198,41.726458046529295,38.669541953470706,0.076046472288636,0.35294117647059264,1.2130000000000005,22038.75,False,False,False,70.71
2025-11-19,GOKULAGRO,EQ,212.5,215.4,205.44,206.94,211.26,1318132,9.960000000000008,9.960000000000008,10.659285714285716,190.33100000000002,179.8355,288.8182,179.8355,208.8797135200756,150.7912864799244,0.32300867759786694,0.1506024096385541,9.133000000000003,1311402.75,False,False,False,21.1
2025-11-19,GOLD1,EQ,101.9,103.36,101.9,102.96,101.53,1047906,1.4599999999999937,1.8299999999999983,2.512142857142856,102.974,102.7365,98.78380000000001,102.7365,108.14483162814577,97.32816837185425,0.10528549499244688,0.7260273972602689,3.025500000000002,2224292.35,False,False,False,70.17
2025-11-19,GOLD360,EQ,119.5,121.1,119.0,120.4,118.8,18129,2.0999999999999943,2.299999999999997,4.042857142857144,120.62,120.44500000000001,116.55799999999999,120.44500000000001,126.49437186821909,114.39562813178092,0.10045036104809801,0.6666666666666712,4.557500000000001,102597.8,False,False,False,51.53
2025-11-19,GOLDBEES,EQ,101.25,102.6,101.25,102.23,100.91,22235008,1.3499999999999943,1.6899999999999977,2.0635714285714277,102.181,101.975,98.13380000000001,101.975,107.14500773693777,96.80499226306222,0.1013975530657078,0.725925925925932,2.2794999999999996,43375245.85,False,False,False,49.41
2025-11-19,GOLDCASE,EQ,19.71,19.71,19.03,19.4,19.14,4295591,0.6799999999999997,0.6799999999999997,0.7707142857142859,19.398,19.363999999999997,18.631,19.363999999999997,20.329285450009497,18.398714549990498,0.09969897232074983,0.54411764705882,0.8440000000000003,8073013.15,False,False,False,54.34
2025-11-19,GOLDENTOBC,BZ,33.53,34.84,33.0,34.84,33.83,458,1.8400000000000034,1.8400000000000034,1.5657142857142847,34.184999999999995,34.3705,34.7286,34.3705,35.307590710657045,33.433409289342954,0.05452877966029273,1.0,1.3374999999999997,1409.25,False,False,False,
2025-11-19,GOLDETF,EQ,119.99,120.51,119.0,120.05,118.67,566515,1.5100000000000051,1.8400000000000034,2.479999999999999,119.955,119.72049999999999,115.176,119.72049999999999,125.78377790885406,113.65722209114591,0.10129055439718472,0.6953642384105918,2.6129999999999987,1339181.6,False,False,False,58.27
2025-11-19,GOLDETFADD,EQ,119.32,121.01,119.05,120.78,118.28,274160,1.960000000000008,2.730000000000004,2.586428571428573,119.96199999999999,119.6105,115.11,119.6105,125.56976329339503,113.65123670660498,0.09964448427847096,0.8826530612244883,3.3215000000000003,451814.15,False,False,False,39.03
2025-11-19,GOLDIAM,EQ,382.7,395.3,371.05,377.1,369.55,2554460,24.25,25.75,14.789285714285711,368.38,363.8225,376.435,363.8225,383.0782127886772,344.5667872113228,0.10585223722379576,0.2494845360824747,13.474999999999994,615727.35,False,False,False,23.71
2025-11-19,GOLDIETF,EQ,105.44,105.99,104.62,105.62,104.16,2683161,1.3699999999999903,1.8299999999999983,2.3164285714285717,105.595,105.31649999999999,101.42280000000001,105.31649999999999,110.73040903137534,99.90259096862464,0.10281217152820982,0.7299270072992752,2.6020000000000003,7082353.35,False,False,False,69.5
2025-11-19,GOLDSHARE,EQ,102.6,104.25,102.6,103.65,102.35,408381,1.6500000000000057,1.9000000000000057,2.6035714285714318,103.63999999999999,103.48499999999999,99.63300000000001,103.48499999999999,108.78519810950561,98.18480189049436,0.10243413266667885,0.636363636363641,3.075000000000003,879049.8,False,False,False,76.74
2025-11-19,GOLDSTAR,SM,7.8,8.0,7.8,7.8,8.2,157500,0.20000000000000018,0.39999999999999947,0.3357142857142857,7.969999999999999,8.072500000000002,8.509,8.072500000000002,8.50083981836847,7.644160181631531,0.10612321297453567,0.0,0.265,147375.0,False,False,False,78.57
2025-11-19,GOLDTECH,EQ,60.9,66.09,59.1,61.18,55.08,816021,6.990000000000002,11.010000000000005,3.341428571428572,57.434000000000005,57.754999999999995,61.6628,57.754999999999995,61.14043054868865,54.36956945131134,0.11723419785953262,0.2975679542203144,3.2960000000000003,70644.75,False,False,False,26.6
2025-11-19,GOODLUCK,EQ,1196.0,1197.8,1172.2,1182.9,1194.3,73618,25.59999999999991,25.59999999999991,43.19285714285718,1171.35,1210.895,1205.7040000000002,1210.895,1298.3388213940775,1123.4511786059225,0.1444284126932187,0.4179687500000033,43.12500000000004,113531.05,False,False,False,39.38
2025-11-19,GOPAL,EQ,331.25,332.0,327.9,329.05,330.35,46833,4.100000000000023,4.100000000000023,9.321428571428575,338.535,343.61,354.16900000000004,343.61,362.70344390098245,324.5165560990176,0.11113439015734371,0.2804878048780555,9.395,118807.6,False,False,False,56.95
2025-11-19,GOYALALUM,EQ,7.08,7.16,7.0,7.02,7.07,48708,0.16000000000000014,0.16000000000000014,0.3821428571428574,7.06,7.111,7.2398,7.111,7.318065207120815,6.903934792879184,0.05823799947147115,0.12499999999999722,0.3595000000000002,64667.85,False,False,False,72.38
2025-11-19,GOYALSALT,SM,176.0,176.0,174.0,174.65,175.1,10800,2.0,2.0,7.360714285714285,181.725,183.9125,178.768,183.9125,197.83819118571859,169.9868088142814,0.15143822400020218,0.32500000000000284,5.587500000000001,19650.0,False,False,False,88.89
2025-11-19,GPECO,SM,495.0,516.5,480.0,511.05,492.95,37000,36.5,36.5,30.764285714285716,500.41999999999996,502.55499999999995,530.578,502.55499999999995,529.390105738564,475.7198942614359,0.10679470202689871,0.8506849315068497,26.432500000000005,44270.0,False,False,False,75.68
2025-11-19,GPIL,EQ,263.7,263.7,252.5,255.7,265.0,2765513,11.199999999999989,12.5,11.537142857142848,270.11,268.294,257.51,268.294,287.85416809743833,248.7338319025616,0.1458114463792583,0.285714285714285,10.081999999999992,3542847.05,False,False,False,49.37
2025-11-19,GPPL,EQ,175.9,176.85,173.5,173.86,174.94,1371278,3.3499999999999943,3.3499999999999943,5.732857142857147,174.001,168.15800000000002,161.985,168.15800000000002,182.1029196483885,154.21308035161152,0.16585496554893006,0.10746268656716844,4.2070000000000025,3424695.75,False,False,False,53.7
2025-11-19,GPTHEALTH,EQ,147.9,147.9,144.9,145.3,146.5,66552,3.0,3.0,3.3835714285714267,144.704,147.1305,149.1698,147.1305,152.99555404919641,141.2654459508036,0.0797258766767788,0.13333333333333522,3.2525000000000004,98264.3,False,False,False,66.56
2025-11-19,GPTINFRA,EQ,105.86,107.0,104.19,104.65,105.49,41676,2.8100000000000023,2.8100000000000023,2.7935714285714295,106.357,106.62250000000002,111.815,106.62250000000002,110.37550346389307,102.86949653610696,0.07039796410500694,0.16370106761566106,3.2590000000000012,520890.9,False,False,False,50.92
2025-11-19,GRANULES,EQ,561.0,563.15,552.0,553.95,561.45,432120,11.149999999999977,11.149999999999977,14.810714285714264,552.9599999999999,560.1724999999999,547.7280000000001,560.1724999999999,580.5174373309455,539.8275626690543,0.07263811533392177,0.17488789237668606,13.932499999999994,731123.3,False,False,True,45.16
2025-11-19,GRAPHISAD,SM,32.85,32.85,32.85,32.85,32.85,1200,0.0,0.0,1.3000000000000007,32.79,33.5625,34.919000000000004,33.5625,35.76178965804875,31.36321034195125,0.1310563669600745,0.5,0.8899999999999999,8460.0,False,False,True,100.0
2025-11-19,GRAPHITE,EQ,594.0,594.6,566.5,568.55,596.4,872252,28.100000000000023,29.899999999999977,30.95357142857143,576.235,578.705,562.942,578.705,633.7677087964266,523.6422912035734,0.19029629533674874,0.07295373665480259,24.6675,1813303.45,False,False,False,40.39
2025-11-19,GRASIM,EQ,2770.0,2774.0,2739.1,2744.7,2762.0,468941,34.90000000000009,34.90000000000009,53.75714285714292,2774.6400000000003,2833.54,2817.796,2833.54,2979.7774151850344,2687.3025848149655,0.1032188818121745,0.16045845272206002,48.42000000000005,574144.6,False,False,False,55.53
2025-11-19,GRAVITA,EQ,1726.0,1726.0,1691.6,1702.4,1729.1,130353,34.40000000000009,37.5,54.71428571428573,1732.5600000000002,1682.0700000000002,1647.7040000000002,1682.0700000000002,1803.778193643649,1560.3618063563513,0.14471240036817595,0.31395348837209747,53.435000000000024,426348.3,False,False,False,47.45
2025-11-19,GRCL,SM,389.95,389.95,389.95,389.95,390.0,250,0.0,0.05000000000001137,13.835714285714289,394.78499999999997,399.21500000000003,396.843,399.21500000000003,427.1118295689674,371.3181704310327,0.13975842375144895,0.5,9.3875,625.0,False,False,True,100.0
2025-11-19,GREAVESCOT,EQ,211.0,211.5,207.65,208.16,210.27,805454,3.8499999999999943,3.8499999999999943,8.81,209.69899999999998,212.651,214.4,212.651,231.00854221021976,194.29345778978026,0.17265418183050865,0.1324675324675303,7.677500000000002,2685161.25,False,False,False,47.69
2025-11-19,GREENCHEF,SM,60.0,60.0,59.1,59.4,59.95,3200,0.8999999999999986,0.8999999999999986,1.5071428571428562,60.625,60.98,63.506,60.98,62.79642506038639,59.1635749396136,0.05957445262008506,0.3333333333333307,1.3099999999999998,12520.0,False,False,False,50.0
2025-11-19,GREENLAM,EQ,261.9,262.1,255.35,257.0,258.95,18206,6.750000000000028,6.750000000000028,8.192857142857148,263.13500000000005,261.6725,253.35920000000002,261.6725,270.99553786327124,252.3494621367288,0.07125729958838796,0.24444444444444427,8.71,63430.15,False,False,False,48.51
2025-11-19,GREENLEAF,SM,130.8,132.0,130.0,132.0,128.5,23000,2.0,3.5,6.782142857142858,129.84499999999997,131.1675,,131.1675,136.84026608014116,125.49473391985883,0.08649651903316243,1.0,6.545000000000002,19050.0,False,False,False,56.52
2025-11-19,GREENPANEL,EQ,264.4,266.95,262.3,264.0,264.4,77308,4.649999999999977,4.649999999999977,10.071428571428568,271.78999999999996,285.9525,289.899,285.9525,317.06228101819426,254.84271898180572,0.21758705392115313,0.3655913978494617,10.727499999999996,285756.3,False,False,True,45.41
2025-11-19,GREENPLY,EQ,288.3,293.75,288.3,292.85,291.65,14693,5.449999999999989,5.449999999999989,9.39999999999999,296.965,300.40500000000003,303.13100000000003,300.40500000000003,310.0171225543572,290.7928774456429,0.06399442455589716,0.8348623853211048,8.964999999999993,70520.0,False,False,False,50.17
2025-11-19,GREENPOWER,EQ,13.11,13.56,13.05,13.34,13.11,4130985,0.5099999999999998,0.5099999999999998,0.4657142857142857,13.5,13.508000000000001,13.511,13.508000000000001,14.138066663139696,12.877933336860306,0.09328792761914352,0.5686274509803907,0.45999999999999996,3655324.4,False,False,False,28.81
2025-11-19,GRETEX,SM,186.2,186.2,186.2,186.2,196.0,750,0.0,9.800000000000011,7.517857142857145,197.42,,,,,,,0.5,,,False,False,True,100.0
2025-11-19,GRINDWELL,EQ,1570.3,1576.2,1527.0,1531.9,1570.3,49295,49.200000000000045,49.200000000000045,61.25714285714287,1598.8899999999999,1613.28,1627.218,1613.28,1694.2937420441756,1532.2662579558244,0.10043357885075822,0.09959349593496111,52.58,59105.35,False,False,False,58.35
2025-11-19,GRINFRA,EQ,1144.0,1147.0,1077.2,1097.0,1098.8,297005,69.79999999999995,69.79999999999995,34.49285714285715,1121.3,1152.665,1224.568,1152.665,1223.469160188511,1081.8608398114889,0.12285297148522963,0.28366762177650384,35.245000000000005,36441.85,False,False,False,20.97
2025-11-19,GRMOVER,EQ,473.75,497.5,473.75,494.35,473.7,1430854,23.75,23.80000000000001,18.467857142857138,455.41999999999996,435.21500000000003,395.969,435.21500000000003,487.50075427398934,382.9292457260107,0.24027551566002692,0.8673684210526326,16.505000000000003,944467.05,True,True,False,20.33
2025-11-19,GROBTEA,EQ,1068.0,1068.0,1046.4,1060.3,1067.2,99,21.59999999999991,21.59999999999991,68.79285714285713,1075.78,1054.55,1045.39,1054.55,1147.6391078483398,961.46089215166,0.17654754700742478,0.6435185185185149,53.6,2087.4,False,False,False,73.74
2025-11-19,GROWW,EQ,187.99,187.99,169.89,169.89,188.77,142472507,18.100000000000023,18.880000000000024,,,,,,,,,0.0,,,False,False,False,26.02
2025-11-19,GROWWDEFNC,EQ,82.56,82.61,81.57,82.43,82.15,125080,1.0400000000000063,1.0400000000000063,1.7142857142857133,81.717,81.407,80.4774,81.407,83.25138716109197,79.56261283890802,0.0453127411915922,0.8269230769230851,1.664499999999999,296248.9,False,False,True,57.92
2025-11-19,GROWWEV,EQ,31.23,31.44,31.12,31.24,31.12,246357,0.3200000000000003,0.3200000000000003,0.4742857142857141,31.089,31.074499999999993,31.177599999999998,31.074499999999993,31.424612838953585,30.7243871610464,0.022533771352948057,0.3749999999999917,0.5074999999999996,238908.6,False,False,True,91.45
2025-11-19,GROWWGOLD,EQ,119.42,121.0,119.42,120.64,119.08,349794,1.5799999999999983,1.9200000000000017,2.7242857142857173,120.73299999999999,120.524,116.055,120.524,126.78867684721237,114.25932315278763,0.1039573337627754,0.7721518987341773,3.060000000000001,784268.05,False,False,False,27.03
2025-11-19,GROWWLIQID,EQ,106.67,106.68,106.67,106.67,106.65,475647,0.010000000000005116,0.030000000000001137,0.08714285714285808,106.578,106.45,106.116,106.45,106.73516661796133,106.16483338203868,0.005357757030743509,0.0,0.12500000000000142,324937.45,False,False,True,92.88
2025-11-19,GROWWLOVOL,EQ,10.65,10.73,10.56,10.63,10.6,13713,0.16999999999999993,0.16999999999999993,0.24285714285714302,10.593,10.631499999999999,10.501599999999998,10.631499999999999,10.75913620176092,10.503863798239077,0.024010948927417883,0.4117647058823548,0.23500000000000015,38516.9,False,False,False,91.94
2025-11-19,GROWWMC150,EQ,225.89,225.89,220.15,224.05,222.79,2532,5.739999999999981,5.739999999999981,,,,,,,,,0.6794425087108047,,,False,False,False,89.53
2025-11-19,GROWWMOM50,EQ,10.89,10.91,10.82,10.89,10.9,72732,0.08999999999999986,0.08999999999999986,0.25214285714285734,10.867,10.846,10.6002,10.846,10.960437756007344,10.731562243992656,0.021102296884998047,0.7777777777777821,0.23999999999999994,194456.4,False,False,False,73.9
2025-11-19,GROWWN200,EQ,11.7,11.82,11.64,11.77,11.72,37297,0.17999999999999972,0.17999999999999972,0.3014285714285713,11.668000000000001,11.666999999999998,11.4486,11.666999999999998,11.801476763792163,11.532523236207833,0.02305250086434643,0.7222222222222179,0.28649999999999987,82492.0,False,False,True,70.3
2025-11-19,GROWWNET,EQ,10.84,10.92,10.66,10.9,10.78,315558,0.2599999999999998,0.2599999999999998,0.2707142857142855,10.785,10.875,10.8102,10.875,11.131007812380842,10.618992187619158,0.04708189652981003,0.9230769230769247,0.2655,254756.4,False,False,False,46.7
2025-11-19,GROWWNIFTY,EQ,10.41,10.48,10.4,10.43,10.4,157309,0.08000000000000007,0.08000000000000007,0.12714285714285722,10.346,10.358500000000001,10.1664,10.358500000000001,10.471508849211151,10.245491150788851,0.021819539356306424,0.3749999999999917,0.1339999999999999,176744.95,False,False,True,62.47
2025-11-19,GROWWNXT50,EQ,70.48,70.48,69.08,69.44,69.7,3103,1.4000000000000057,1.4000000000000057,1.4185714285714286,69.787,69.6635,68.8962,69.6635,70.33146032816343,68.99553967183657,0.01917676625961749,0.2571428571428557,1.3589999999999995,7182.2,False,False,True,66.48
2025-11-19,GROWWPOWER,EQ,10.24,10.25,10.06,10.13,10.15,331248,0.1899999999999995,0.1899999999999995,0.1892857142857142,10.135000000000002,10.225999999999999,10.1584,10.225999999999999,10.470327648865194,9.981672351134804,0.047785575760843864,0.3684210526315814,0.18899999999999997,373709.35,False,False,False,74.51
2025-11-19,GROWWRAIL,EQ,34.67,34.76,34.4,34.58,34.67,236965,0.35999999999999943,0.35999999999999943,0.711428571428572,34.725,34.980000000000004,35.1824,34.980000000000004,35.66143965250055,34.29856034749946,0.03896167252718945,0.5,0.6320000000000003,527936.6,False,False,False,81.16
2025-11-19,GROWWRLTY,EQ,10.5,10.5,10.3,10.38,10.42,73210,0.1999999999999993,0.1999999999999993,0.35357142857142837,10.58,10.581,,10.581,10.777763817812126,10.384236182187873,0.03719191339422101,0.4000000000000018,0.34349999999999986,113159.6,False,False,False,68.68
2025-11-19,GROWWSC250,EQ,9.89,9.89,9.78,9.8,9.84,172205,0.11000000000000121,0.11000000000000121,,9.866,,,,,,,0.1818181818181921,,,False,False,False,85.05
2025-11-19,GROWWSLVR,EQ,152.28,155.4,151.7,154.41,150.56,284364,3.700000000000017,4.840000000000003,5.446428571428569,152.197,149.3615,144.2944,149.3615,163.14558542486554,135.57741457513447,0.18457347341671765,0.7324324324324312,5.735999999999997,704037.9,False,False,False,52.37
2025-11-19,GRPLTD,EQ,1978.8,1979.8,1890.0,1907.6,1967.0,4323,89.79999999999995,89.79999999999995,76.8,1986.0900000000001,2051.6549999999997,2113.998,2051.6549999999997,2238.7660736968883,1864.543926303111,0.18240013423006174,0.19599109131403028,77.68500000000003,3303.0,False,False,False,67.18
2025-11-19,GRSE,EQ,2854.6,2863.0,2802.0,2829.4,2857.6,698504,61.0,61.0,90.52142857142859,2764.7400000000002,2678.275,2618.462,2678.275,2919.4410081769406,2437.1089918230596,0.1800905494595891,0.4491803278688539,79.06499999999998,1353457.9,False,True,True,28.22
2025-11-19,GRWRHITECH,EQ,4000.0,4122.0,3975.1,4106.9,4000.3,123070,146.9000000000001,146.9000000000001,174.13571428571427,3663.5800000000004,3545.7600000000007,3289.8940000000002,3545.7600000000007,4051.774088341427,3039.745911658574,0.2854192547388579,0.8972089857045585,167.58499999999998,127454.15,True,True,False,35.26
2025-11-19,GSEC10ABSL,EQ,110.73,110.73,110.73,110.73,110.4,1,0.0,0.3299999999999983,0.4692857142857148,110.38900000000001,110.1685,109.6166,110.1685,110.95882335154695,109.37817664845304,0.014347537663614544,0.5,0.470000000000001,5054.6,False,True,True,100.0
2025-11-19,GSEC10IETF,EQ,259.54,259.54,258.79,258.86,258.79,55,0.75,0.75,0.9292857142857177,258.7,258.47950000000003,257.994,258.47950000000003,259.8604630697458,257.0985369302543,0.010685281190545064,0.09333333333332423,0.9130000000000024,795.75,False,False,False,96.36
2025-11-19,GSEC10YEAR,EQ,29.57,29.59,29.43,29.59,29.45,4021,0.16000000000000014,0.16000000000000014,0.1557142857142857,29.532,29.46,29.3538,29.46,29.663862698893173,29.25613730110683,0.013839965980527615,1.0,0.16850000000000023,12251.5,False,False,False,53.64
2025-11-19,GSEC5IETF,EQ,63.76,63.8,63.61,63.7,63.58,4425,0.18999999999999773,0.21999999999999886,0.2857142857142862,63.636,63.6385,63.36339999999999,63.6385,64.02935930972656,63.24764069027344,0.012283737351652162,0.4736842105263394,0.49300000000000066,13235.85,False,False,True,97.69
2025-11-19,GSFC,EQ,193.1,193.43,191.9,192.55,193.62,480601,1.5300000000000011,1.7199999999999989,4.630000000000002,191.36899999999997,191.724,197.4558,191.724,197.88942099130364,185.55857900869634,0.06431558898524596,0.4248366013071929,3.4985,1104601.15,False,False,True,55.81
2025-11-19,GSLSU,EQ,121.99,139.67,121.55,131.9,124.43,1812087,18.11999999999999,18.11999999999999,7.885714285714284,128.273,115.7895,105.03720000000001,115.7895,142.56831436882536,89.01068563117465,0.46254305215628966,0.5711920529801332,8.309000000000001,847660.0,True,True,False,12.66
2025-11-19,GSMFOILS,SM,208.05,214.6,207.5,209.4,209.1,24000,7.099999999999994,7.099999999999994,7.98571428571428,213.09499999999997,212.325,221.821,212.325,221.98665099762977,202.6633490023702,0.09100813373488546,0.26760563380281793,7.279999999999997,38175.0,False,False,False,79.17
2025-11-19,GSPL,EQ,299.0,301.55,296.95,297.9,299.65,1280840,4.600000000000023,4.600000000000023,6.075000000000005,301.79,307.04499999999996,310.956,307.04499999999996,318.6080834987911,295.48191650120884,0.07531849402394514,0.2065217391304313,5.687500000000005,452494.95,False,False,False,86.86
2025-11-19,GSS,EQ,20.0,20.74,19.75,19.96,20.14,111127,0.9899999999999984,0.9899999999999984,1.094285714285714,22.160000000000004,23.5255,25.2142,23.5255,26.891741078710773,20.15925892128923,0.28617806879435265,0.21212121212121332,1.1094999999999997,106246.0,False,False,False,69.52
2025-11-19,GSTL,SM,7.35,7.35,7.35,7.35,7.0,36000,0.0,0.34999999999999964,0.31428571428571417,6.584999999999999,6.802499999999999,8.179,6.802499999999999,7.66126364617988,5.9437363538201184,0.25248471773021125,0.5,0.3125,35750.0,False,False,True,91.67
2025-11-19,GTECJAINX,EQ,23.48,23.87,23.05,23.05,23.02,201,0.8200000000000003,0.8500000000000014,1.962142857142857,23.624000000000002,24.259,24.7108,24.259,26.64834216888245,21.86965783111755,0.19698603972813802,0.0,1.8669999999999995,4224.75,False,False,True,75.12
2025-11-19,GTL,EQ,8.7,8.7,8.48,8.49,8.62,283163,0.21999999999999886,0.21999999999999886,0.21785714285714278,8.876999999999999,9.0305,9.267999999999999,9.0305,9.439424198354674,8.621575801645326,0.09056512891969966,0.04545454545454472,0.21349999999999997,258943.85,False,False,False,75.85
2025-11-19,GTLINFRA,EQ,1.39,1.39,1.38,1.38,1.38,14117869,0.010000000000000009,0.010000000000000009,0.03142857142857146,1.404,1.433,1.4756,1.433,1.4987571288910886,1.3672428711089115,0.09177547647046551,0.0,0.029500000000000026,29572735.95,False,False,True,62.54
2025-11-19,GTPL,EQ,102.27,103.2,101.1,101.34,102.27,15197,2.1000000000000085,2.1000000000000085,2.020714285714285,104.23899999999999,104.971,108.99340000000001,104.971,107.59686290578976,102.34513709421024,0.05003025418048336,0.11428571428571815,2.0919999999999987,12882.1,False,False,False,80.17
2025-11-19,GUFICBIO,EQ,329.3,347.4,324.25,336.8,329.4,151115,23.149999999999977,23.149999999999977,13.342857142857152,324.445,331.86,350.06399999999996,331.86,354.1841931545138,309.5358068454862,0.13453982495337677,0.5421166306695474,11.547500000000005,60607.45,False,False,False,45.66
2025-11-19,GUJALKALI,EQ,554.9,558.0,547.55,555.1,554.9,17913,10.450000000000045,10.450000000000045,13.242857142857142,554.955,557.585,569.924,557.585,573.1151030260619,542.0548969739382,0.055704880963662405,0.7224880382775154,12.669999999999998,28329.65,False,False,False,56.76
2025-11-19,GUJAPOLLO,BE,468.0,481.9,468.0,471.35,475.9,6048,13.899999999999977,13.899999999999977,22.33571428571428,456.8,450.6625,465.057,450.6625,476.19682738491565,425.1281726150844,0.1133190686374643,0.24100719424460634,21.38249999999999,11339.85,False,False,True,
2025-11-19,GUJGASLTD,EQ,405.3,407.0,401.0,402.5,405.3,180831,6.0,6.0,7.853571428571432,405.485,409.1675,422.847,409.1675,419.4676589793513,398.8673410206487,0.05034690672818,0.25,7.205000000000001,372422.45,False,False,False,63.72
2025-11-19,GUJRAFFIA,BE,41.15,45.2,41.0,45.2,43.05,16528,4.200000000000003,4.200000000000003,3.5957142857142865,52.269000000000005,63.760000000000005,49.2302,63.760000000000005,90.8096402933569,36.7103597066431,0.8484830706824623,1.0,1.9085000000000012,39499.4,False,False,False,
2025-11-19,GUJTHEM,EQ,431.2,445.5,417.55,437.5,434.5,300634,27.94999999999999,27.94999999999999,14.882142857142858,447.85999999999996,452.63,421.48199999999997,452.63,472.9202538180273,432.3397461819727,0.08965492264333907,0.7137745974955276,15.485,176238.2,False,False,False,49.45
2025-11-19,GULFOILLUB,EQ,1175.9,1175.9,1161.0,1169.6,1168.3,27799,14.900000000000091,14.900000000000091,26.571428571428605,1213.94,1217.455,1237.042,1217.455,1259.9374422555961,1174.9725577444037,0.06978893224898859,0.5771812080536817,27.060000000000038,39887.35,False,False,False,60.12
2025-11-19,GULFPETRO,EQ,37.45,38.19,37.25,37.35,37.83,99792,0.9399999999999977,0.9399999999999977,0.8492857142857139,38.844,39.335,40.1976,39.335,40.89942321639621,37.770576783603794,0.07954357271621748,0.10638297872340602,0.8494999999999994,46566.2,False,False,False,87.1
2025-11-19,GULPOLY,EQ,147.55,148.82,144.61,145.09,148.89,90114,4.2099999999999795,4.279999999999973,4.219999999999999,151.108,150.001,151.4266,150.001,159.8512140078269,140.1507859921731,0.13133531120228406,0.1140142517814708,4.7435,194048.9,False,False,False,68.83
2025-11-19,GURUNANAK,SM,32.0,32.8,32.0,32.1,32.15,11200,0.7999999999999972,0.7999999999999972,1.446428571428571,34.075,34.0425,,34.0425,36.101449975108615,31.983550024891375,0.12096350004310023,0.12500000000000222,1.5775000000000001,56320.0,False,False,False,71.43
2025-11-19,GVKPIL,BE,2.98,3.06,2.97,2.97,3.04,2192117,0.08999999999999986,0.08999999999999986,0.09071428571428562,3.169,3.285,3.477,3.285,3.57883668933612,2.99116331066388,0.17889600568409128,0.0,0.08199999999999993,758846.55,False,False,False,
2025-11-19,GVPIL,EQ,370.0,373.85,360.0,362.75,372.35,250172,13.850000000000023,13.850000000000023,15.639285714285718,323.33500000000004,317.0075,332.061,317.0075,368.46226921530206,265.5527307846979,0.32462808744463184,0.19855595667870005,12.570000000000002,446397.5,False,False,False,46.61
2025-11-19,GVPTECH,EQ,9.46,9.46,8.72,9.03,9.11,19410,0.7400000000000002,0.7400000000000002,0.49071428571428577,9.129999999999999,9.407499999999999,9.6686,9.407499999999999,10.013136029311315,8.801863970688682,0.12875599879060678,0.4189189189189171,0.49099999999999994,24897.35,False,False,False,87.33
2025-11-19,GVPTECHPP,E1,4.09,4.09,4.0,4.0,4.09,25650,0.08999999999999986,0.08999999999999986,0.35500000000000004,4.086,4.3075,4.5954,4.3075,4.882160769497977,3.7328392305020235,0.2668186973873369,0.0,0.39249999999999996,3552.7,False,False,False,100.0
2025-11-19,GVT&D,EQ,2986.0,3060.0,2973.7,3044.2,2996.0,616100,86.30000000000018,86.30000000000018,110.8785714285715,3072.81,3015.4649999999997,2973.2619999999997,3015.4649999999997,3193.8880172931676,2837.0419827068317,0.11833864249339188,0.8169177288528372,109.95000000000002,479896.2,False,False,False,66.73
2025-11-19,HAL,EQ,4805.0,4822.2,4735.0,4744.2,4807.9,847006,87.19999999999982,87.19999999999982,95.9857142857143,4750.839999999999,4761.795,4750.236000000001,4761.795,4911.839719667173,4611.750280332827,0.06302023487662657,0.10550458715596144,89.28000000000002,1043625.55,False,False,False,50.64
2025-11-19,HAPPSTMNDS,EQ,505.0,510.6,504.9,506.05,505.2,253991,5.7000000000000455,5.7000000000000455,9.917857142857144,504.18,507.87749999999994,527.499,507.87749999999994,523.7326718691484,492.0223281308515,0.06243699265727827,0.20175438596491665,10.522500000000004,305541.25,False,False,True,45.73
2025-11-19,HAPPYFORGE,EQ,1022.9,1041.0,1002.6,1033.5,1019.6,64603,38.39999999999998,38.39999999999998,31.32857142857144,1022.78,1013.18,965.7810000000001,1013.18,1051.2854116891588,975.0745883108411,0.07521943127412467,0.8046874999999999,31.52750000000001,86896.6,False,False,False,53.54
2025-11-19,HARDWYN,EQ,15.86,16.3,15.75,15.98,15.78,1782401,0.5500000000000007,0.5500000000000007,0.7107142857142861,15.834999999999999,14.766,13.8464,14.766,17.388681070965372,12.143318929034628,0.35523243545515,0.41818181818181843,0.8040000000000003,1949022.8,False,True,True,53.49
2025-11-19,HARIOMPIPE,EQ,373.8,373.8,367.1,369.0,369.1,72692,6.699999999999989,6.699999999999989,15.09285714285714,398.54499999999996,429.8125,468.749,429.8125,505.3498475507317,354.2751524492683,0.3514897661223519,0.2835820895522359,13.532499999999994,141130.25,False,False,True,43.67
2025-11-19,HARRMALAYA,EQ,179.0,183.58,179.0,181.54,180.83,4956,4.5800000000000125,4.5800000000000125,6.641428571428571,185.88899999999998,193.4115,200.9154,193.4115,209.36858153140787,177.4544184685921,0.1650065433690125,0.5545851528384247,6.045,11022.5,False,False,True,67.33
2025-11-19,HARSHA,EQ,391.0,411.0,390.6,403.75,394.35,44770,20.399999999999977,20.399999999999977,9.97142857142857,394.15,395.6,400.23,395.6,407.71973597072184,383.4802640292782,0.06127267932619727,0.6446078431372545,10.709999999999994,38942.4,False,False,False,70.41
2025-11-19,HATHWAY,EQ,13.15,13.22,13.11,13.17,13.2,1009937,0.11000000000000121,0.11000000000000121,0.1850000000000001,13.274000000000001,13.492500000000001,14.0482,13.492500000000001,14.00859592131692,12.976404078683084,0.0765011556519426,0.545454545454544,0.19450000000000012,1221051.7,False,False,True,56.05
2025-11-19,HATSUN,EQ,1056.3,1060.0,1045.2,1053.6,1056.3,17118,14.799999999999955,14.799999999999955,46.80000000000002,1060.69,1035.3725,956.643,1035.3725,1206.3960173155988,864.348982684401,0.33036132853750494,0.5675675675675601,47.06000000000002,309532.25,False,False,True,62.31
2025-11-19,HAVELLS,EQ,1465.0,1466.2,1438.3,1440.4,1468.0,1021976,27.90000000000009,29.700000000000045,24.89285714285716,1461.23,1477.3700000000001,1513.2979999999998,1477.3700000000001,1517.930133135881,1436.8098668641192,0.05490856472769984,0.07526881720430571,24.994999999999994,758751.25,False,False,False,67.8
2025-11-19,HAVISHA,EQ,1.95,1.99,1.93,1.95,1.94,16948,0.06000000000000005,0.06000000000000005,0.09071428571428579,1.971,2.0345,2.0248,2.0345,2.2213127404648856,1.8476872595351146,0.18364486651745932,0.3333333333333333,0.12550000000000006,74629.25,False,False,True,73.39
2025-11-19,HBLENGINE,EQ,1002.0,1007.0,930.0,935.4,1028.7,6554047,77.0,98.70000000000005,54.81428571428573,1003.7699999999999,987.0674999999999,911.151,987.0674999999999,1073.6822462906816,900.452753709318,0.17549913514664767,0.07012987012986983,44.272500000000015,4881601.2,False,False,False,33.56
2025-11-19,HBSL,BE,78.51,83.99,78.51,81.34,81.63,11531,5.47999999999999,5.47999999999999,7.48642857142857,86.71900000000001,85.2985,82.04299999999999,85.2985,99.35716035580906,71.23983964419095,0.32963440988549747,0.5164233576642342,6.109000000000001,132206.2,False,False,False,
2025-11-19,HCC,EQ,25.2,25.38,24.74,24.77,25.13,6488772,0.6400000000000006,0.6400000000000006,0.8814285714285715,25.854000000000003,27.0565,27.696199999999997,27.0565,29.807785335983894,24.305214664016106,0.20337333623963885,0.046875000000001735,0.7914999999999995,7694971.4,False,False,False,61.47
2025-11-19,HCG,EQ,733.0,750.0,732.85,747.45,735.95,82441,17.149999999999977,17.149999999999977,26.242857142857133,748.255,744.9325,700.56,744.9325,775.28532976924,714.57967023076,0.08149149022022793,0.8513119533527721,30.194999999999983,342205.3,False,False,False,50.89
2025-11-19,HCL-INSYS,EQ,14.65,14.88,14.45,14.48,14.62,201350,0.4300000000000015,0.4300000000000015,0.4314285714285715,15.032999999999998,15.0515,15.26,15.0515,15.72965263768569,14.37334736231431,0.09011097069204928,0.06976744186046752,0.44300000000000006,238513.65,False,False,False,81.35
2025-11-19,HCLTECH,EQ,1595.3,1669.5,1588.6,1662.6,1595.2,6342672,80.90000000000009,80.90000000000009,29.271428571428633,1581.73,1551.84,1489.88,1551.84,1640.4830685389477,1463.1969314610521,0.1142425360075108,0.9147095179233612,27.345000000000038,2347573.0,True,True,False,53.92
2025-11-19,HDBFS,EQ,744.0,750.4,737.35,741.95,744.05,504284,13.049999999999955,13.049999999999955,12.746428571428558,733.08,734.265,751.828,734.265,745.8446847970918,722.6853152029082,0.0315408872739182,0.35249042145594167,11.7925,869645.25,False,False,False,52.0
2025-11-19,HDFCAMC,EQ,5396.5,5411.0,5339.5,5392.0,5396.5,426820,71.5,71.5,120.17857142857143,5437.0,5500.575,5613.12,5500.575,5735.406487454284,5265.743512545716,0.08538434162038838,0.7342657342657343,110.1,469992.5,False,False,False,73.38
2025-11-19,HDFCBANK,EQ,990.0,996.55,984.0,994.6,992.45,19813847,12.549999999999955,12.549999999999955,12.407142857142853,989.5449999999998,995.6,978.6289999999999,995.6,1011.7056511822344,979.4943488177656,0.032353658461700276,0.844621513944228,13.684999999999997,18903114.1,False,False,False,72.58
2025-11-19,HDFCBSE500,EQ,38.28,38.29,38.01,38.23,38.21,15091,0.28000000000000114,0.28000000000000114,0.5014285714285721,37.96,37.883500000000005,37.5052,37.883500000000005,38.264198043073115,37.502801956926895,0.02009835643871924,0.7857142857142785,0.5210000000000011,30179.1,False,False,True,53.12
2025-11-19,HDFCGOLD,EQ,104.53,105.8,104.53,105.33,104.14,4628426,1.269999999999996,1.6599999999999966,2.192142857142859,105.44300000000001,105.21900000000001,101.29539999999999,105.21900000000001,110.71140894325933,99.72659105674069,0.10439956553967097,0.6299212598425195,2.5100000000000016,5853742.0,False,False,False,54.77
2025-11-19,HDFCGROWTH,EQ,126.42,128.16,126.0,127.9,126.31,20112,2.1599999999999966,2.1599999999999966,1.597142857142858,126.018,125.968,124.54279999999999,125.968,127.91959012090106,124.01640987909894,0.0309854902975527,0.8796296296296336,1.5625000000000007,17468.1,False,False,False,91.24
2025-11-19,HDFCLIFE,EQ,760.6,762.0,755.65,761.1,761.8,950947,6.350000000000023,6.350000000000023,13.742857142857142,762.525,752.9875,759.3359999999999,752.9875,783.505263269939,722.469736730061,0.08105782172994637,0.8582677165354372,12.754999999999995,2350619.85,False,False,True,60.32
2025-11-19,HDFCLIQUID,EQ,1036.68,1036.72,1036.68,1036.71,1036.56,2293,0.03999999999996362,0.16000000000008185,0.27428571428574094,1035.8529999999998,1034.626,1031.346,1034.626,1037.360983729388,1031.891016270612,0.005286903150293879,0.75,0.37849999999998546,17100.25,False,False,False,76.97
2025-11-19,HDFCLOWVOL,EQ,21.38,21.45,21.31,21.44,21.33,16108,0.14000000000000057,0.14000000000000057,0.2792857142857135,21.231,21.261499999999998,21.008200000000002,21.261499999999998,21.521213303471473,21.001786696528523,0.02443038388368414,0.928571428571443,0.33799999999999975,96913.5,False,False,False,99.69
2025-11-19,HDFCMID150,EQ,22.71,22.71,22.54,22.65,22.6,290496,0.1700000000000017,0.1700000000000017,0.362857142857143,22.501,22.3535,21.9804,22.3535,22.75902558488967,21.94797441511033,0.03628296104768112,0.6470588235294019,0.36500000000000005,404160.5,False,False,True,79.83
2025-11-19,HDFCMOMENT,EQ,32.11,32.25,31.82,32.21,32.09,98139,0.4299999999999997,0.4299999999999997,0.4292857142857149,31.935000000000002,31.9675,31.336799999999997,31.9675,32.35910566900896,31.575894330991037,0.024500237366635626,0.9069767441860485,0.45400000000000007,170954.15,False,False,False,72.63
2025-11-19,HDFCNEXT50,EQ,70.78,71.02,70.56,70.95,70.78,25342,0.45999999999999375,0.45999999999999375,1.0342857142857125,70.957,70.864,70.0886,70.864,71.43079449538625,70.29720550461376,0.015996683658451326,0.8478260869565345,1.0310000000000001,66627.55,False,False,True,78.75
2025-11-19,HDFCNIF100,EQ,27.11,27.47,27.11,27.39,27.24,32943,0.35999999999999943,0.35999999999999943,0.42357142857142854,27.177999999999997,27.1875,26.722600000000003,27.1875,27.44532746168695,26.92967253831305,0.01896661787122396,0.7777777777777821,0.42349999999999977,65374.25,False,False,False,65.88
2025-11-19,HDFCNIFBAN,EQ,60.62,60.73,60.23,60.7,60.41,20553,0.5,0.5,0.6464285714285712,59.86900000000001,59.6905,57.9742,59.6905,60.52580772772647,58.85519227227353,0.027987962162369994,0.9400000000000119,0.6324999999999996,127147.35,True,True,False,85.61
2025-11-19,HDFCNIFIT,EQ,38.04,39.14,38.03,39.04,38.03,198085,1.1099999999999994,1.1099999999999994,0.7428571428571422,38.187,37.904,37.2996,37.904,39.119588746246,36.688411253754005,0.06414039395557189,0.9099099099099086,0.7104999999999997,104623.45,False,True,False,96.0
2025-11-19,HDFCNIFTY,EQ,290.92,291.3,289.0,291.06,289.96,91239,2.3000000000000114,2.3000000000000114,2.7685714285714402,288.61299999999994,288.898,283.4796,288.898,292.13095282984455,285.6650471701555,0.022381275258703908,0.8956521739130401,2.8435000000000117,128610.95,False,False,False,84.34
2025-11-19,HDFCPSUBK,EQ,85.45,86.4,85.01,86.37,85.3,32538,1.3900000000000006,1.3900000000000006,1.3242857142857127,84.489,82.3385,77.3836,82.3385,87.3784971230153,77.2985028769847,0.12242139759687867,0.9784172661870496,1.5090000000000003,45718.2,True,True,False,71.58
2025-11-19,HDFCPVTBAN,EQ,28.82,29.0,28.74,28.98,28.83,31121,0.26000000000000156,0.26000000000000156,0.4757142857142857,28.619,28.727500000000003,27.9558,28.727500000000003,29.146969903568834,28.30803009643117,0.02920336984205598,0.9230769230769251,0.5754999999999999,83087.35,False,False,True,79.83
2025-11-19,HDFCQUAL,EQ,59.71,59.92,59.51,59.88,59.58,21333,0.4100000000000037,0.4100000000000037,0.6250000000000006,59.33200000000001,59.4405,58.8932,59.4405,60.15035843659102,58.73064156340898,0.023884672457029126,0.9024390243902468,0.6815000000000001,26552.8,False,False,False,74.16
2025-11-19,HDFCSENSEX,EQ,95.5,95.99,95.28,95.76,95.38,30464,0.7099999999999937,0.7099999999999937,1.0650000000000008,94.878,94.934,93.10700000000001,94.934,95.99907088965944,93.86892911034056,0.022438133643572125,0.6760563380281805,1.2255000000000003,26854.25,False,False,True,76.21
2025-11-19,HDFCSILVER,EQ,147.89,151.74,147.89,150.8,146.96,2065693,3.8500000000000227,4.780000000000001,5.038571428571432,148.66500000000002,145.9305,140.6252,145.9305,158.99383108360897,132.86716891639102,0.17903496642043948,0.7558441558441579,4.6460000000000035,5339763.15,False,False,False,43.51
2025-11-19,HDFCSML250,EQ,174.0,174.0,170.34,170.63,171.19,1366665,3.6599999999999966,3.6599999999999966,3.7042857142857133,172.09199999999998,172.92950000000002,172.30719999999997,172.92950000000002,175.6204513187716,170.23854868122845,0.0311219464437423,0.07923497267759352,3.693999999999998,1077234.15,False,False,False,71.46
2025-11-19,HDFCVALUE,EQ,137.0,138.29,136.45,138.06,137.13,6654,1.8400000000000034,1.8400000000000034,1.683571428571426,136.307,136.704,134.8596,136.704,138.80246991877343,134.6055300812266,0.030700929289171022,0.8750000000000058,1.6469999999999956,10414.1,False,False,False,84.1
2025-11-19,HDIL,BZ,2.74,2.75,2.66,2.68,2.71,165320,0.08999999999999986,0.08999999999999986,0.13285714285714287,2.81,2.823,2.9286000000000003,2.823,2.968890369798689,2.677109630201311,0.10335839163917045,0.22222222222222276,0.14400000000000007,168558.2,False,False,True,
2025-11-19,HEADSUP,EQ,10.0,10.44,9.87,10.3,9.98,34637,0.5700000000000003,0.5700000000000003,0.5571428571428575,10.281,10.369,10.6196,10.369,10.782468257548272,9.955531742451727,0.07975084531744092,0.7543859649122829,0.49750000000000016,30828.25,False,False,False,82.19
2025-11-19,HEALTHADD,EQ,149.37,150.42,149.13,150.34,149.54,684,1.289999999999992,1.289999999999992,1.3135714285714275,149.21200000000002,149.429,147.7508,149.429,151.20094695180202,147.65705304819798,0.023716239174484496,0.937984496124043,1.1924999999999983,2963.8,False,False,False,42.98
2025-11-19,HEALTHIETF,EQ,151.62,152.53,150.81,152.11,151.63,577780,1.7199999999999989,1.7199999999999989,2.6807142857142856,151.68599999999998,152.083,150.3062,152.083,154.25120755463968,149.91479244536032,0.028513476912471202,0.7558139534883792,2.575500000000001,116832.25,False,True,False,95.61
2025-11-19,HEALTHY,EQ,15.3,15.37,15.12,15.27,15.23,83546,0.25,0.25,0.3900000000000002,15.171000000000001,15.225,15.058599999999998,15.225,15.426940585321507,15.023059414678492,0.026527498892808837,0.6000000000000014,0.3840000000000002,500280.25,False,True,False,65.24
2025-11-19,HECPROJECT,EQ,140.06,142.7,134.05,136.75,141.08,4890,8.649999999999977,8.649999999999977,9.32142857142857,140.246,140.1745,141.7876,140.1745,146.8824549044407,133.4665450955593,0.09570863323130381,0.31213872832369893,10.212500000000002,12210.0,False,False,False,69.45
2025-11-19,HEG,EQ,518.7,523.4,511.05,520.1,516.95,792713,12.349999999999966,12.349999999999966,24.232142857142858,528.88,533.5274999999999,521.3810000000001,533.5274999999999,589.2821811936002,477.7728188063997,0.209003963970368,0.7327935222672094,20.095,2656108.1,False,False,False,35.7
2025-11-19,HEIDELBERG,EQ,184.5,185.3,182.05,184.79,183.56,48149,3.25,3.25,4.388571428571424,187.055,191.337,200.61180000000002,191.337,201.23853341659722,181.43546658340276,0.10349836588424854,0.8430769230769172,3.919499999999995,146180.75,False,False,False,48.51
2025-11-19,HEMIPROP,EQ,142.8,142.8,140.0,140.75,142.98,262814,2.8000000000000114,2.9799999999999898,3.6578571428571456,140.049,141.01549999999997,155.12040000000002,141.01549999999997,147.7203414597205,134.31065854027946,0.09509368061979731,0.2678571428571418,3.2295000000000016,501016.65,False,False,False,63.39
2025-11-19,HERANBA,EQ,263.95,265.3,259.0,260.8,263.95,27198,6.300000000000011,6.300000000000011,7.503571428571429,276.03999999999996,289.565,304.645,289.565,320.9714818150641,258.1585181849359,0.21692180902432356,0.28571428571428703,7.585000000000005,26433.15,False,False,False,55.83
2025-11-19,HERCULES,EQ,168.49,168.9,164.94,167.22,168.1,13166,3.960000000000008,3.960000000000008,4.832142857142849,171.344,180.0055,180.18759999999997,180.0055,199.81741810501993,160.1935818949801,0.22012569732613627,0.5757575757575749,5.961499999999996,22363.35,False,False,False,66.41
2025-11-19,HERITGFOOD,EQ,477.0,478.0,473.6,474.95,477.8,146127,4.399999999999977,4.399999999999977,8.139285714285709,480.48,482.7825000000001,489.20300000000003,482.7825000000001,492.4213938680742,473.143606131926,0.03993058517271894,0.30681818181817566,8.767499999999995,222421.4,False,False,False,60.13
2025-11-19,HEROMOTOCO,EQ,5851.0,5916.5,5835.0,5876.5,5799.5,935374,81.5,117.0,137.10714285714286,5546.75,5567.15,5481.88,5567.15,5858.362654257999,5275.937345742001,0.1046182173133467,0.50920245398773,119.3,678234.9,True,True,True,51.38
2025-11-19,HESTERBIO,EQ,1680.0,1699.0,1659.9,1670.9,1686.8,2097,39.09999999999991,39.09999999999991,57.9857142857143,1654.73,1658.5049999999999,1824.27,1658.5049999999999,1745.7190235283254,1571.2909764716744,0.10517185480698035,0.28132992327365797,53.96,10389.5,False,False,True,57.8
2025-11-19,HEUBACHIND,EQ,476.8,481.85,464.7,467.45,476.8,8489,17.150000000000034,17.150000000000034,12.553571428571429,486.64,501.7925,541.12,501.7925,536.1336600706879,467.4513399293121,0.13687394718210383,0.16034985422740494,13.410000000000007,7690.65,False,False,False,71.07
2025-11-19,HEXATRADEX,EQ,168.0,171.39,167.0,167.64,169.69,2865,4.389999999999986,4.389999999999986,4.676428571428573,170.99099999999999,173.06199999999998,174.791,173.06199999999998,177.97941232763745,168.14458767236252,0.056828331206590296,0.14578587699316364,4.326000000000002,3517.5,False,False,False,81.26
2025-11-19,HEXT,EQ,706.95,735.0,702.45,731.5,702.7,426604,32.549999999999955,32.549999999999955,22.160714285714278,695.5200000000001,705.915,715.245,705.915,743.3397124237467,668.4902875762532,0.10603178123073392,0.8924731182795698,20.09249999999999,317924.25,False,False,False,45.98
2025-11-19,HFCL,EQ,74.64,74.7,73.4,73.79,74.32,7723099,1.2999999999999972,1.2999999999999972,2.2907142857142864,75.692,75.914,74.8254,75.914,78.56536493150203,73.26263506849797,0.06985180418636958,0.3000000000000011,2.2409999999999997,11911763.15,False,False,False,32.13
2025-11-19,HGINFRA,EQ,865.0,875.0,854.2,868.95,868.75,168361,20.799999999999955,20.799999999999955,20.8857142857143,890.635,906.1425000000002,942.437,906.1425000000002,944.1906441728747,868.0943558271256,0.08397827973607808,0.709134615384617,19.347500000000007,75199.35,False,False,False,26.13
2025-11-19,HGM,BE,71.21,75.0,71.21,74.74,73.32,1053,3.7900000000000063,3.7900000000000063,3.8628571428571417,71.46799999999999,74.2405,75.65280000000001,74.2405,81.36434860872274,67.11665139127726,0.19191273250376112,0.9313984168865423,3.5645,5922.1,False,False,False,
2025-11-19,HGS,EQ,504.0,515.4,504.0,512.85,505.85,16616,11.399999999999977,11.399999999999977,13.17857142857142,506.40500000000003,509.32250000000005,510.098,509.32250000000005,535.7217514098395,482.9232485901606,0.10366418687507208,0.7763157894736877,14.652499999999995,18818.4,False,False,False,73.76
2025-11-19,HIGREEN,SM,181.1,181.1,173.0,173.35,181.0,69600,8.099999999999994,8.099999999999994,8.757142857142854,181.61999999999998,190.475,205.997,190.475,212.16362605145798,168.786373948542,0.22773199686528928,0.04320987654320921,7.967499999999997,41440.0,False,False,False,63.22
2025-11-19,HIKAL,EQ,229.9,231.0,225.0,227.15,228.97,144136,6.0,6.0,6.505000000000002,233.946,237.71300000000002,248.53620000000004,237.71300000000002,247.79569031558768,227.63030968441237,0.0848307859947723,0.3583333333333343,5.726000000000002,145279.8,False,False,False,54.14
2025-11-19,HILINFRA,EQ,68.0,69.7,67.15,68.44,68.36,326605,2.549999999999997,2.549999999999997,2.2742857142857154,70.655,74.3365,80.1954,74.3365,82.70810504323967,65.96489495676033,0.22523538351253203,0.5058823529411739,2.2350000000000003,300014.1,False,False,False,38.77
2025-11-19,HILTON,EQ,45.12,45.36,44.11,44.4,45.22,42338,1.25,1.25,2.030714285714286,43.75,44.555,47.5116,44.555,47.65134946348127,41.45865053651873,0.13898998826085815,0.23199999999999932,1.8285000000000005,105975.85,False,False,False,65.0
2025-11-19,HIMATSEIDE,EQ,125.7,127.49,124.51,125.95,125.18,533413,2.9799999999999898,2.9799999999999898,4.490714285714286,122.28300000000002,121.76100000000001,122.29679999999999,121.76100000000001,127.52955926553587,115.99244073446415,0.09475216638391366,0.483221476510068,4.3475,492795.7,False,False,True,60.36
2025-11-19,HINDALCO,EQ,797.15,798.8,790.0,790.95,797.15,3005726,8.799999999999955,8.799999999999955,19.20714285714285,800.4,811.01,778.026,811.01,864.6260666218584,757.3939333781416,0.13222048216879795,0.10795454545455117,15.780000000000006,7131169.2,False,False,True,53.44
2025-11-19,HINDCOMPOS,EQ,458.7,460.0,455.1,457.3,461.5,1971,4.899999999999977,6.399999999999977,13.339285714285703,463.2,469.0675,466.7289999999999,469.0675,487.78915257128745,450.34584742871255,0.07982498284911,0.44897959183673447,14.699999999999989,5097.5,False,False,True,68.09
2025-11-19,HINDCON,EQ,31.31,31.31,30.0,30.42,30.77,18300,1.3099999999999987,1.3099999999999987,1.2585714285714282,31.282999999999998,31.798000000000002,31.882399999999997,31.798000000000002,33.652072274750935,29.94392772524907,0.11661565348455459,0.32061068702290235,1.5449999999999995,36496.4,False,False,False,79.39
2025-11-19,HINDCOPPER,EQ,330.55,332.4,327.0,327.75,330.55,3351769,5.399999999999977,5.399999999999977,12.074999999999998,336.12,339.96000000000004,318.3986,339.96000000000004,357.1685037118232,322.7514962881769,0.10123840282282115,0.13888888888888948,11.559999999999992,8657741.2,False,False,True,38.3
2025-11-19,HINDOILEXP,EQ,140.0,140.0,136.92,137.04,139.94,385247,3.0800000000000125,3.0800000000000125,4.53714285714286,146.325,152.5365,163.6566,152.5365,168.24227635776055,136.83072364223943,0.20592810714498572,0.03896103896104028,3.5665000000000022,404488.7,False,False,False,60.69
2025-11-19,HINDPETRO,EQ,482.6,485.0,475.3,477.15,483.55,3937809,9.699999999999989,9.699999999999989,11.632142857142851,482.7299999999999,469.195,442.0110000000001,469.195,501.53948793844137,436.8505120615586,0.13787226180347778,0.1907216494845328,11.609999999999996,4515640.9,False,False,False,67.03
2025-11-19,HINDUNILVR,EQ,2412.0,2450.7,2411.0,2441.6,2404.0,1465143,39.69999999999982,46.69999999999982,30.471428571428564,2424.84,2479.415,2526.936,2479.415,2614.2699780319535,2344.5600219680464,0.10877967426344809,0.7707808564231751,36.639999999999986,1542156.65,False,False,False,51.5
2025-11-19,HINDWAREAP,EQ,349.85,352.05,346.1,346.15,353.05,17816,5.949999999999989,6.949999999999989,16.875,360.33000000000004,363.58,347.084,363.58,384.2410599921687,342.9189400078313,0.11365344624109523,0.008403361344530189,17.8875,179647.6,False,False,True,64.35
2025-11-19,HINDZINC,EQ,475.0,478.5,473.7,476.55,475.95,2595527,4.800000000000011,4.800000000000011,11.125000000000004,481.32,482.1875,474.935,482.1875,497.3314385563981,467.0435614436019,0.06281348461500183,0.5937500000000033,10.775,4584158.15,False,False,True,39.45
2025-11-19,HIRECT,EQ,1521.7,1550.0,1508.8,1529.2,1518.9,14901,41.200000000000045,41.200000000000045,69.34285714285717,1629.95,1653.5349999999999,1659.022,1653.5349999999999,1867.3428228222738,1439.727177177726,0.25860695155805463,0.49514563106796283,59.41500000000002,43581.9,False,False,False,48.44
2025-11-19,HISARMETAL,EQ,181.4,184.5,177.83,178.06,176.9,1098,6.6699999999999875,7.599999999999994,7.0407142857142855,180.451,180.528,182.9986,180.528,188.05453333215237,173.0014666678476,0.08338355636967543,0.034482758620688184,7.331999999999999,2980.75,False,False,False,57.74
2025-11-19,HITECH,EQ,108.98,108.98,105.84,106.94,109.05,736183,3.1400000000000006,3.2099999999999937,4.003571428571427,107.41099999999999,111.0625,111.1916,111.0625,119.092944259193,103.032055740807,0.144611264093515,0.35031847133757776,3.9334999999999987,1123742.3,False,False,True,42.69
2025-11-19,HITECHCORP,EQ,185.07,187.14,183.6,184.37,186.0,2626,3.539999999999992,3.539999999999992,6.209285714285713,188.384,188.4505,193.497,188.4505,194.63743615612736,182.26356384387265,0.0656611275229024,0.2175141242937887,6.0,5974.75,False,False,False,50.57
2025-11-19,HITECHGEAR,BE,760.0,765.0,740.05,745.4,760.0,1135,24.950000000000045,24.950000000000045,33.49285714285715,746.0400000000001,778.1225000000001,760.2280000000001,778.1225000000001,847.7681996159864,708.4768003840137,0.179009602256679,0.21442885771543138,35.3025,2456.25,False,False,False,
2025-11-19,HLEGLAS,EQ,482.2,491.8,479.45,484.9,482.15,152765,12.350000000000023,12.350000000000023,30.95000000000001,524.81,532.3275000000001,519.075,532.3275000000001,614.3540290927265,450.3009709072737,0.30818069362460654,0.44129554655870273,26.330000000000013,554170.55,False,False,True,31.58
2025-11-19,HLVLTD,EQ,9.84,9.92,9.58,9.69,9.74,559275,0.33999999999999986,0.33999999999999986,0.39785714285714285,10.512,10.869000000000002,11.368,10.869000000000002,11.95208633081578,9.785913669184223,0.19929824837901886,0.32352941176470434,0.42350000000000004,366913.1,False,False,False,63.12
2025-11-19,HMAAGRO,EQ,32.71,32.71,31.16,31.48,31.91,245557,1.5500000000000007,1.5500000000000007,1.3321428571428573,30.831,30.750999999999998,30.9326,30.750999999999998,31.972849417890767,29.529150582109228,0.07946729653609767,0.2064516129032259,1.1680000000000001,386015.9,False,True,False,58.0
2025-11-19,HMT,BZ,52.95,52.95,50.5,51.34,52.46,12331,2.450000000000003,2.450000000000003,1.9228571428571435,54.536,55.794999999999995,58.1846,55.794999999999995,59.18345982711911,52.40654017288088,0.12146105662224622,0.34285714285714386,1.8295000000000008,8408.55,False,False,False,
2025-11-19,HMVL,EQ,74.11,74.14,71.31,71.86,74.11,79745,2.8299999999999983,2.8299999999999983,3.924285714285713,72.655,76.2455,80.9712,76.2455,84.53537448638401,67.955625513616,0.2174521640328677,0.19434628975264928,3.379499999999999,297318.0,False,False,False,29.44
2025-11-19,HNDFDS,EQ,549.8,552.6,539.3,543.25,549.75,47704,13.300000000000068,13.300000000000068,14.285714285714302,543.515,532.7425,534.508,532.7425,556.0860488947175,509.39895110528244,0.0876353919378218,0.2969924812030094,12.597500000000014,46261.2,False,True,False,63.8
2025-11-19,HNGSNGBEES,EQ,516.5,516.5,505.0,510.52,512.2,159535,11.5,11.5,8.490000000000018,524.062,519.328,520.556,519.328,537.7821167222969,500.873883277703,0.07106921530245609,0.47999999999999843,5.761000000000007,130733.6,False,False,False,62.08
2025-11-19,HOACFOODS,ST,314.5,330.2,314.5,326.5,314.5,15000,15.699999999999989,15.699999999999989,17.835714285714282,303.84000000000003,283.85,255.966,283.85,332.3267263746223,235.37327362537775,0.3415658014769933,0.7643312101910834,15.939999999999998,18825.0,True,True,False,95.0
2025-11-19,HOLMARC,SM,87.05,89.25,86.15,89.1,90.65,25500,3.0999999999999943,4.5,5.1035714285714295,102.17,105.98499999999999,111.023,105.98499999999999,120.1607222038242,91.80927779617576,0.26750431105956923,0.9516129032258045,2.2374999999999985,7162.5,False,False,False,79.41
2025-11-19,HOMEFIRST,EQ,1195.0,1206.2,1189.0,1191.8,1197.7,336162,17.200000000000045,17.200000000000045,47.000000000000036,1182.11,1198.9050000000002,1228.862,1198.9050000000002,1252.5031893350842,1145.3068106649162,0.08941190392080112,0.16279069767441554,42.33500000000002,281010.05,False,False,True,65.09
2025-11-19,HOMESFY,SM,179.9,186.6,179.9,186.6,177.75,9000,6.699999999999989,8.849999999999994,10.021428571428569,203.86,220.725,238.48100000000002,220.725,268.5725025471546,172.87749745284538,0.4335485563226152,1.0,5.0399999999999965,4275.0,False,False,False,93.33
2025-11-19,HONASA,EQ,286.0,295.2,284.1,293.75,288.1,743359,11.099999999999966,11.099999999999966,12.296428571428558,285.14,281.1775,289.052,281.1775,296.1233848851459,266.2316151148541,0.10630925223494707,0.86936936936937,10.212499999999991,1466153.75,False,False,False,55.4
2025-11-19,HONAUT,EQ,35170.0,35170.0,34650.0,34795.0,34830.0,2846,520.0,520.0,718.5714285714286,35612.0,36147.25,36273.5,36147.25,37568.2231700494,34726.2768299506,0.07862137064641991,0.27884615384615385,621.0,4243.5,False,False,False,57.41
2025-11-19,HONDAPOWER,EQ,2497.2,2497.2,2452.1,2476.0,2494.7,2457,45.09999999999991,45.09999999999991,79.13571428571429,2535.7400000000002,2597.915,2717.1,2597.915,2737.6264494234365,2458.2035505765634,0.10755659782820957,0.5299334811529964,70.03500000000001,4699.75,False,False,False,45.54
2025-11-19,HPAL,EQ,48.5,48.5,46.51,46.86,47.19,35144,1.990000000000002,1.990000000000002,2.2392857142857143,48.387,48.056,47.9328,48.056,51.630903635064826,44.48109636493517,0.1487807405970047,0.17587939698492516,1.7860000000000007,123787.65,False,False,False,52.87
2025-11-19,HPIL,EQ,141.5,141.5,135.0,137.06,141.5,5405,6.5,6.5,6.442857142857142,138.993,137.8725,135.0406,137.8725,143.0408957859284,132.7041042140716,0.07497355579870382,0.31692307692307725,6.274999999999999,11426.0,False,False,False,45.09
2025-11-19,HPL,EQ,450.0,453.2,442.2,448.15,452.8,135553,11.0,11.0,15.149999999999997,450.03999999999996,446.73999999999995,457.851,446.73999999999995,464.6406871376583,428.8393128623416,0.08013917328942266,0.5409090909090899,13.554999999999996,177292.4,False,False,False,41.57
2025-11-19,HPTL,ST,292.1,292.1,289.15,289.15,293.0,4800,2.9500000000000455,3.8500000000000227,8.021428571428569,297.90999999999997,296.1775,253.94100000000003,296.1775,312.2561030176715,280.09889698232854,0.10857410179822213,0.0,7.6625,3240.0,False,False,False,100.0
2025-11-19,HRHNEXT,SM,34.8,34.8,33.15,33.25,34.8,6000,1.6499999999999986,1.6499999999999986,1.5964285714285715,34.12,35.105,34.303,35.105,38.903275924679534,31.30672407532046,0.2163951530938349,0.06060606060606152,0.6450000000000001,9300.0,False,False,False,75.0
2025-11-19,HSCL,EQ,450.5,454.4,447.7,451.55,450.55,321668,6.699999999999989,6.699999999999989,9.128571428571425,455.88,464.39750000000004,461.80300000000005,464.39750000000004,486.7241539141,442.0708460859001,0.09615320458917177,0.5746268656716461,10.2875,1065904.3,False,False,False,45.73
2025-11-19,HTMEDIA,EQ,26.1,26.49,25.02,25.18,25.73,40925,1.4699999999999989,1.4699999999999989,1.0778571428571426,26.05,26.619,26.7262,26.619,28.410657333309203,24.827342666690797,0.13461492417515333,0.10884353741496616,1.0899999999999996,109901.15,False,False,False,69.54
2025-11-19,HUBTOWN,EQ,331.3,334.7,321.1,325.9,330.0,452587,13.599999999999966,13.599999999999966,11.492857142857142,325.54499999999996,314.6875,316.034,314.6875,338.83233122740813,290.54266877259187,0.1534527506012036,0.35294117647058576,10.522499999999997,566399.45,False,False,False,59.36
2025-11-19,HUDCO,EQ,243.99,244.33,236.65,237.28,243.93,4946076,7.680000000000007,7.680000000000007,7.755,232.54500000000002,231.39899999999997,227.8576,231.39899999999997,242.3960212330433,220.40197876695663,0.09504813100353365,0.08203124999999933,6.5595,5238565.5,False,True,False,33.87
2025-11-19,HUHTAMAKI,EQ,230.5,236.81,229.12,231.41,229.68,235835,7.689999999999998,7.689999999999998,6.769285714285715,238.07399999999998,248.965,240.37759999999997,248.965,274.69989887293104,223.23010112706896,0.2067350741905974,0.29778933680103936,7.907999999999994,346175.1,False,False,False,45.39
2025-11-19,HVAX,SM,910.0,910.0,881.6,890.05,928.0,600,28.399999999999977,46.39999999999998,27.889285714285716,886.5350000000001,900.875,882.385,900.875,956.4236768519266,845.3263231480734,0.12332160810751024,0.29753521126760346,12.559999999999997,982.5,False,False,False,100.0
2025-11-19,HYBRIDFIN,BE,21.56,22.38,21.56,21.99,22.49,11179,0.8200000000000003,0.9299999999999997,1.3907142857142851,22.724,25.773500000000002,19.9302,25.773500000000002,33.30440505849056,18.24259494150944,0.584391336721094,0.5243902439024385,1.3515000000000004,236225.35,False,False,True,
2025-11-19,HYUNDAI,EQ,2389.8,2430.0,2353.9,2421.1,2389.8,572457,76.09999999999991,76.09999999999991,55.47142857142863,2381.65,2358.52,2476.552,2358.52,2454.4555533678745,2262.5844466321255,0.08135233397882952,0.8830486202365295,51.110000000000035,757903.7,False,False,False,67.34
2025-11-19,ICDSLTD,BE,47.32,47.32,44.95,45.82,47.32,1263,2.3699999999999974,2.3699999999999974,2.096428571428572,47.660000000000004,48.117999999999995,49.8674,48.117999999999995,50.49722340270937,45.73877659729062,0.0988912009106521,0.367088607594936,2.095,1541.0,False,False,False,
2025-11-19,ICEMAKE,EQ,688.0,723.85,679.25,707.85,689.85,40818,44.60000000000002,44.60000000000002,19.924999999999986,693.24,706.8175,731.949,706.8175,742.733586576905,670.9014134230949,0.10162760989054476,0.6412556053811661,20.237499999999994,15838.45,False,False,False,34.71
2025-11-19,ICICIB22,EQ,118.2,118.2,116.54,117.09,117.1,119060,1.6599999999999966,1.6599999999999966,1.5835714285714286,116.463,115.91900000000001,112.6018,115.91900000000001,118.11227061713765,113.72572938286237,0.037841434400532135,0.33132530120481823,1.5800000000000005,373971.45,False,False,False,65.93
2025-11-19,ICICIBANK,EQ,1373.5,1384.0,1371.6,1383.1,1373.4,10393918,12.400000000000091,12.400000000000091,16.56428571428572,1361.69,1369.3,1382.01,1369.3,1415.5170098556748,1323.082990144325,0.06750457877116024,0.9274193548387029,18.819999999999983,13821458.9,False,False,False,79.43
2025-11-19,ICICIGI,EQ,2030.0,2049.9,2015.0,2041.7,2025.8,551128,34.90000000000009,34.90000000000009,39.607142857142904,2024.0399999999997,2013.7849999999999,1938.586,2013.7849999999999,2051.238238845263,1976.3317611547368,0.03719685949121983,0.7650429799426928,36.360000000000035,475327.0,False,True,False,69.4
2025-11-19,ICICIPRULI,EQ,626.1,626.1,609.0,613.95,626.8,1774466,17.100000000000023,17.799999999999955,10.599999999999998,621.4649999999999,610.2675,602.7080000000001,610.2675,637.4186192218671,583.116380778133,0.08898104264725556,0.2894736842105286,10.67000000000001,1122694.85,False,False,False,65.47
2025-11-19,ICIL,EQ,321.0,324.0,314.05,320.6,318.0,633240,9.949999999999989,9.949999999999989,15.039285714285707,297.67,288.21000000000004,278.5176,288.21000000000004,324.5702337726258,251.84976622737426,0.25231764180719446,0.658291457286434,13.36,640485.75,False,True,True,42.68
2025-11-19,ICRA,EQ,6198.0,6223.5,6051.0,6097.0,6198.0,3885,172.5,172.5,144.39285714285714,6298.05,6322.65,6366.16,6322.65,6527.7217191618765,6117.578280838123,0.06486891387689558,0.26666666666666666,130.375,7187.4,False,False,False,59.0
2025-11-19,IDBI,EQ,103.0,105.0,101.9,104.62,102.52,17879782,3.0999999999999943,3.0999999999999943,3.7235714285714283,100.297,98.634,94.7562,98.634,105.8862145583265,91.3817854416735,0.14705303563328062,0.8774193548387109,3.0415000000000005,18958619.25,False,False,False,31.06
2025-11-19,IDEA,T0,10.69,10.69,10.69,10.69,10.74,1,0.0,0.05000000000000071,0.27857142857142875,10.256,9.7285,8.8202,9.7285,11.210569836411247,8.246430163588753,0.30468619754561277,0.5,0.10400000000000009,168887012.85,False,True,True,15.66
2025-11-19,IDEA,T0,10.69,10.69,10.69,10.69,10.74,1,0.0,0.05000000000000071,0.27857142857142875,10.256,9.7285,8.8202,9.7285,11.210569836411247,8.246430163588753,0.30468619754561277,0.5,0.10400000000000009,168887012.85,False,True,True,100.0
2025-11-19,IDEAFORGE,EQ,486.35,486.35,479.0,482.05,486.35,241006,7.350000000000023,7.350000000000023,18.400000000000002,471.89,478.0875,493.60299999999995,478.0875,506.08337246363425,450.0916275363657,0.11711610307165225,0.41496598639455806,15.337499999999997,609326.55,False,False,False,33.15
2025-11-19,IDENTICAL,SM,32.5,32.7,32.0,32.0,33.05,18000,0.7000000000000028,1.0499999999999972,0.9250000000000007,35.31,37.019999999999996,39.06,37.019999999999996,41.561299373527284,32.47870062647271,0.24534302396149585,0.0,1.0350000000000001,12100.0,False,False,False,88.89
2025-11-19,IDFCFIRSTB,EQ,80.0,80.19,78.8,79.61,80.11,24234217,1.3900000000000006,1.3900000000000006,1.8149999999999988,80.614,79.30799999999999,74.6842,79.30799999999999,83.71202815613162,74.90397184386836,0.11106138488252461,0.5827338129496417,1.9059999999999988,35884500.4,False,False,False,53.53
2025-11-19,IDFNIFTYET,EQ,284.3,284.89,283.6,284.87,284.89,890,1.2899999999999636,1.2899999999999636,5.137142857142854,282.663,283.1565,278.1772,283.1565,286.8365069293398,279.4764930706602,0.025992742030218702,0.9844961240310214,5.088999999999996,1223.45,False,False,True,87.19
2025-11-19,IEML,SM,121.45,121.45,112.0,112.9,116.6,132500,9.450000000000003,9.450000000000003,10.589285714285712,113.085,110.91,134.951,110.91,128.07201037174892,93.74798962825108,0.3094763388648259,0.09523809523809582,10.642499999999998,194725.0,False,False,False,73.96
2025-11-19,IEX,EQ,136.73,137.25,135.01,137.11,136.65,3528588,2.240000000000009,2.240000000000009,3.5028571428571484,138.14600000000002,140.5285,141.45159999999998,140.5285,148.79830840164962,132.2586915983504,0.11769581830944773,0.9375000000000063,3.633000000000004,6381458.3,False,False,False,41.04
2025-11-19,IFBAGRO,EQ,1495.0,1496.6,1402.6,1414.8,1503.5,59435,94.0,100.90000000000009,95.46071428571432,1491.5300000000002,1335.005,1040.346,1335.005,1714.9385953821343,955.0714046178658,0.5691867751538522,0.12978723404255368,100.70250000000003,126310.25,False,False,False,34.83
2025-11-19,IFBIND,EQ,1805.0,1805.0,1751.0,1756.5,1794.2,21485,54.0,54.0,64.91428571428571,1789.39,1836.1399999999999,1725.7879999999998,1836.1399999999999,1974.1011162610741,1698.1788837389256,0.15027298164744984,0.10185185185185185,69.45,68410.45,False,False,False,48.33
2025-11-19,IFCI,EQ,53.89,53.92,53.17,53.46,53.91,3334207,0.75,0.75,1.7521428571428572,54.625,55.512,55.69519999999999,55.512,57.96057182863803,53.06342817136197,0.08821774854582902,0.38666666666666555,1.5929999999999995,5992502.85,False,False,True,45.04
2025-11-19,IFGLEXPOR,EQ,230.0,230.0,220.35,223.52,227.78,21082,9.650000000000006,9.650000000000006,9.273571428571428,233.58,244.33500000000004,253.02579999999998,244.33500000000004,268.0402605976013,220.6297394023988,0.1940390087183681,0.32849740932642635,8.663999999999998,31213.0,False,False,False,62.88
2025-11-19,IGARASHI,EQ,461.0,461.0,451.05,454.4,462.35,47884,9.949999999999989,11.300000000000011,13.871428571428563,479.77,493.14000000000004,504.298,493.14000000000004,526.2362173065137,460.0437826934864,0.13422645620518986,0.3366834170854241,13.764999999999995,42627.95,False,False,False,69.18
2025-11-19,IGCL,EQ,97.0,98.0,95.9,97.22,96.05,136928,2.0999999999999943,2.0999999999999943,2.8092857142857164,99.601,103.23599999999999,105.62459999999999,103.23599999999999,111.51428339693678,94.9577166030632,0.16037590369516033,0.628571428571427,3.0065000000000026,193016.55,False,False,False,62.61
2025-11-19,IGIL,EQ,322.2,337.5,315.4,326.2,320.6,3141919,22.100000000000023,22.100000000000023,11.846428571428564,341.54,340.1625,350.139,340.1625,358.2379771721246,322.08702282787544,0.10627554284863604,0.48868778280542985,11.152499999999995,1214672.05,False,False,False,29.64
2025-11-19,IGL,EQ,208.8,209.45,205.0,206.56,208.58,2381009,4.449999999999989,4.449999999999989,5.773571428571423,210.76999999999998,210.823,211.7662,210.823,215.92262390770173,205.72337609229828,0.048378250074249264,0.3505617977528104,5.6584999999999965,2542992.95,False,False,True,44.43
2025-11-19,IGPL,EQ,384.15,388.05,381.75,384.45,385.9,6292,6.300000000000011,6.300000000000011,9.714285714285706,392.26,404.6275,419.29,404.6275,432.4052154388194,376.84978456118057,0.13730018567111443,0.428571428571426,9.514999999999992,20551.2,False,False,False,61.81
2025-11-19,IIFL,EQ,565.9,565.9,556.4,557.55,565.15,864945,9.5,9.5,16.97142857142857,545.225,527.4875,485.18800000000005,527.4875,573.899404453491,481.0755955465089,0.17597347597238247,0.12105263157894497,15.432499999999996,1800808.05,False,True,False,39.77
2025-11-19,IIFLCAPS,EQ,316.0,320.75,310.4,317.55,316.7,426776,10.350000000000023,10.350000000000023,15.317857142857138,319.40999999999997,335.9475,313.12300000000005,335.9475,376.6887380150635,295.2062619849365,0.24254526683522584,0.6908212560386491,13.757499999999999,974901.35,False,False,False,49.14
2025-11-19,IITL,EQ,179.95,179.95,171.0,171.02,175.69,19267,8.949999999999989,8.949999999999989,9.743571428571427,183.07,188.82800000000003,190.1198,188.82800000000003,203.60122930167904,174.05477069832102,0.15647286738914787,0.002234636871509526,8.4035,19825.4,False,False,False,12.72
2025-11-19,IKIO,EQ,195.0,195.89,192.1,193.17,194.93,51076,3.789999999999992,3.789999999999992,5.013571428571424,200.581,205.55900000000003,210.79780000000002,205.55900000000003,217.98198337759476,193.1360166224053,0.12087024530762196,0.2823218997361466,5.269999999999996,54982.45,False,False,False,60.72
2025-11-19,IKS,EQ,1612.0,1612.0,1583.0,1594.6,1600.6,89306,29.0,29.0,44.421428571428564,1634.4299999999998,1592.725,1555.27,1592.725,1699.1604804564722,1486.2895195435276,0.1336520497342257,0.39999999999999686,39.52000000000002,365562.15,False,False,False,61.78
2025-11-19,IL&FSENGG,BZ,25.25,26.72,24.22,26.46,25.45,29162,2.5,2.5,1.8264285714285715,26.266999999999996,26.966999999999995,28.9832,26.966999999999995,29.05583795446145,24.87816204553854,0.15491808168958016,0.8960000000000008,1.7025000000000001,16974.6,False,False,False,
2025-11-19,IL&FSTRANS,BZ,2.9,2.9,2.8,2.87,2.88,17781,0.10000000000000009,0.10000000000000009,0.1514285714285715,2.8970000000000002,2.9539999999999997,3.0472,2.9539999999999997,3.0864235628579726,2.821576437142027,0.08965711771020506,0.7000000000000022,0.15150000000000002,57463.05,False,False,False,
2025-11-19,IMAGICAA,EQ,49.91,51.01,49.1,49.87,49.91,509815,1.9099999999999966,1.9099999999999966,1.746428571428572,51.089999999999996,52.059000000000005,53.998400000000004,52.059000000000005,54.62301170044118,49.49498829955883,0.09850407039863146,0.40314136125654315,1.7765000000000004,519393.75,False,False,False,57.25
2025-11-19,IMFA,EQ,1310.5,1393.8,1310.5,1343.3,1284.8,1448727,83.29999999999995,109.0,80.90714285714286,1303.1299999999999,1213.21,1149.481,1213.21,1426.1826264100625,1000.2373735899375,0.35108946746245495,0.39375750300120016,70.79,369650.4,True,True,False,13.02
2025-11-19,IMPAL,EQ,1036.0,1045.4,1033.2,1035.4,1035.6,1779,12.200000000000045,12.200000000000045,28.485714285714298,1051.93,1064.09,1058.4189999999999,1064.09,1096.2101432126299,1031.96985678737,0.060371102468080626,0.18032786885246208,26.755000000000017,2342.4,False,False,True,77.35
2025-11-19,IMPEXFERRO,BZ,1.85,1.86,1.78,1.85,1.85,18550,0.08000000000000007,0.08000000000000007,0.09142857142857139,1.8979999999999997,1.9035,1.9547999999999999,1.9035,1.9731491205974514,1.8338508794025485,0.07318005841602462,0.875,0.10099999999999994,16848.75,False,False,False,
2025-11-19,INCREDIBLE,EQ,41.65,43.84,41.65,41.8,42.59,3904,2.190000000000005,2.190000000000005,2.529285714285716,43.993,44.554500000000004,45.248200000000004,44.554500000000004,46.76122132359307,42.34777867640694,0.09905716924634167,0.06849315068493071,2.3380000000000014,9266.85,False,False,False,70.31
2025-11-19,INDBANK,EQ,37.7,40.5,37.21,38.83,37.53,85614,3.289999999999999,3.289999999999999,1.647857142857143,37.940999999999995,39.162,36.9304,39.162,42.19508819522301,36.12891180477699,0.15489955544778145,0.49240121580547047,1.7125,69926.75,False,False,False,45.61
2025-11-19,INDGN,EQ,507.0,516.0,503.7,514.7,506.05,251658,12.300000000000011,12.300000000000011,11.760714285714288,516.03,531.4475,550.897,531.4475,566.3475641116886,496.5474358883113,0.13133964920970984,0.8943089430894346,11.7225,367575.7,False,False,False,52.47
2025-11-19,INDHOTEL,EQ,708.05,723.35,708.05,719.55,712.75,2796978,15.300000000000068,15.300000000000068,14.796428571428578,714.1800000000001,728.22,741.4149999999998,728.22,762.4853965393651,693.954603460635,0.09410726576958897,0.7516339869281012,13.062499999999995,3099178.8,False,False,False,66.6
2025-11-19,INDIACEM,EQ,409.3,424.0,409.05,416.9,411.3,788236,14.949999999999989,14.949999999999989,13.432142857142853,397.65,395.015,393.345,395.015,413.3464238399513,376.6835761600487,0.09281381132337405,0.5250836120401319,10.99,685049.0,False,False,False,32.08
2025-11-19,INDIAGLYCO,EQ,1092.9,1132.2,1085.0,1124.25,1090.0,386774,47.200000000000045,47.200000000000045,40.03928571428571,1044.73,1008.7175000000001,930.279,1008.7175000000001,1105.6031969578244,911.8318030421759,0.19209679014753728,0.8315677966101687,36.71499999999999,299632.45,False,True,False,36.38
2025-11-19,INDIAMART,EQ,2446.2,2446.7,2396.0,2413.3,2446.2,73904,50.69999999999982,50.69999999999982,50.678571428571395,2461.31,2436.795,2446.778,2436.795,2538.6083090514317,2334.9816909485685,0.08356329445146726,0.34122287968442294,55.279999999999994,90159.75,False,False,False,69.91
2025-11-19,INDIANB,EQ,890.95,890.95,879.4,885.55,886.9,1494789,11.550000000000068,11.550000000000068,16.524999999999977,875.0450000000001,852.6450000000001,774.508,852.6450000000001,909.7353573294114,795.5546426705888,0.13391354509652031,0.5324675324675273,19.0525,2017816.15,False,True,False,56.53
2025-11-19,INDIANCARD,EQ,255.05,263.0,253.65,255.95,255.55,2483,9.349999999999994,9.349999999999994,9.87857142857143,255.625,254.1375,261.73800000000006,254.1375,264.346901304683,243.928098695317,0.08034549253599331,0.24598930481283254,8.462500000000002,6131.5,False,False,False,64.68
2025-11-19,INDIANHUME,EQ,381.45,385.4,376.1,382.25,381.05,22839,9.299999999999955,9.299999999999955,14.892857142857139,374.495,364.4875,369.264,364.4875,390.591807594724,338.383192405276,0.14323842433402512,0.6612903225806459,13.364999999999998,37017.1,False,False,True,75.4
2025-11-19,INDIASHLTR,EQ,914.0,915.35,882.6,888.85,918.95,159485,32.75,36.35000000000002,28.38928571428571,871.0,875.8875,881.3129999999999,875.8875,913.6958307618844,838.0791692381157,0.08633147695767858,0.19083969465648856,25.607500000000005,192988.25,False,False,False,65.42
2025-11-19,INDIGO,EQ,5712.0,5773.0,5674.0,5758.5,5739.5,784194,99.0,99.0,118.60714285714286,5768.15,5787.575,5735.35,5787.575,5979.886797610028,5595.263202389971,0.06645677943180983,0.8535353535353535,107.6,802302.5,False,False,False,68.95
2025-11-19,INDIGOPNTS,EQ,1305.0,1329.8,1283.55,1293.55,1326.0,97473,46.25,46.25,53.407142857142865,1210.645,1115.2625,1102.447,1115.2625,1371.6350528893452,858.8899471106549,0.45975284363877583,0.21621621621621623,45.31999999999999,439402.0,False,True,False,44.25
2025-11-19,INDIGRID,IV,168.2,168.2,167.0,167.88,167.92,1263143,1.1999999999999886,1.1999999999999886,2.4178571428571383,169.999,171.07,169.12920000000003,171.07,175.0157825586308,167.12421744136918,0.04613061973029532,0.7333333333333365,2.133,514426.35,False,False,False,92.45
2025-11-19,INDIQUBE,EQ,218.75,224.39,213.43,219.65,218.68,58506,10.95999999999998,10.95999999999998,8.648571428571426,217.34,219.48649999999998,225.65380000000002,219.48649999999998,231.0139633376127,207.95903666238726,0.10504029484831838,0.5675182481751835,8.040499999999998,105666.5,False,False,False,50.28
2025-11-19,INDNIPPON,EQ,875.0,879.35,852.25,862.1,865.7,20604,27.100000000000023,27.100000000000023,39.10714285714287,929.6450000000001,963.8549999999999,967.115,963.8549999999999,1065.240141416285,862.4698585837148,0.21037426047753063,0.3634686346863474,39.96250000000001,38628.4,False,False,False,41.54
2025-11-19,INDOAMIN,EQ,130.0,131.53,128.0,128.47,130.0,47191,3.530000000000001,3.530000000000001,4.001428571428568,132.022,132.432,136.9512,132.432,135.63230998498238,129.2316900150176,0.04833136983481934,0.13314447592067952,3.8989999999999965,69984.5,False,False,False,70.14
2025-11-19,INDOBORAX,EQ,252.6,253.45,245.1,247.1,252.6,31545,8.349999999999994,8.349999999999994,11.935714285714292,255.715,253.24200000000002,245.5916,253.24200000000002,277.1017356230117,229.3822643769884,0.18843426937878902,0.2395209580838325,11.244500000000006,55322.8,False,False,False,68.82
2025-11-19,INDOCO,EQ,268.05,268.5,258.1,260.3,268.05,34135,10.399999999999977,10.399999999999977,9.16071428571429,265.68,273.255,284.456,273.255,290.4926883601025,256.0173116398975,0.1261655842352563,0.2115384615384609,8.734999999999996,62279.9,False,False,False,61.55
2025-11-19,INDOFARM,EQ,218.5,219.18,213.01,217.42,218.03,159480,6.170000000000016,6.170000000000016,7.95214285714286,225.129,234.43050000000002,240.785,234.43050000000002,259.30992481248313,209.55107518751691,0.21225416328065763,0.7147487844408404,9.872000000000002,662625.65,False,False,False,43.15
2025-11-19,INDORAMA,EQ,52.22,53.3,51.91,52.35,52.69,303131,1.3900000000000006,1.3900000000000006,3.9121428571428565,59.834,63.564,59.0584,63.564,75.79870539081354,51.32929460918647,0.38495706345772873,0.3165467625899314,4.2835,959938.5,False,False,True,48.63
2025-11-19,INDOSTAR,EQ,237.0,242.9,237.0,240.93,238.13,46443,5.900000000000006,5.900000000000006,10.951428571428568,247.86700000000002,244.16099999999997,250.56580000000002,244.16099999999997,259.84343463241447,228.47856536758547,0.12845978376902537,0.6661016949152547,10.084499999999998,174291.7,False,False,True,52.47
2025-11-19,INDOTECH,EQ,1774.3,1788.4,1725.0,1742.5,1774.3,22933,63.40000000000009,63.40000000000009,79.01428571428572,1709.17,1702.5,1747.612,1702.5,1842.5663414243413,1562.4336585756587,0.1645419576203716,0.27602523659305955,68.34500000000001,33227.05,False,True,False,51.17
2025-11-19,INDOTHAI,BE,466.35,466.35,427.7,436.85,444.15,900461,38.650000000000034,38.650000000000034,22.603571428571424,396.095,401.185,320.1614,401.185,454.9479063574617,347.4220936425383,0.2680205209938642,0.23673997412677947,18.342499999999994,416144.85,True,True,False,
2025-11-19,INDOUS,EQ,123.25,126.5,122.01,124.49,124.01,1888,4.489999999999995,4.489999999999995,5.634285714285715,130.243,132.2805,135.98,132.2805,144.9086882706918,119.65231172930815,0.19093045869484665,0.5523385300668135,6.182999999999999,21198.5,False,False,False,49.21
2025-11-19,INDOWIND,EQ,16.0,16.4,15.6,15.91,16.29,243659,0.7999999999999989,0.7999999999999989,0.9100000000000001,15.925999999999998,15.812999999999999,16.243,15.812999999999999,16.924361327381707,14.70163867261829,0.1405629959377358,0.3875000000000011,0.8185000000000002,284039.75,False,False,False,48.64
2025-11-19,INDRAMEDCO,EQ,520.0,536.95,517.0,532.3,520.0,283084,19.950000000000045,19.950000000000045,25.903571428571443,557.6099999999999,562.53,522.685,562.53,612.3916826831993,512.6683173168007,0.1772765281254309,0.7669172932330787,24.05250000000001,742891.5,False,False,False,40.4
2025-11-19,INDSWFTLAB,EQ,96.6,97.0,94.6,95.44,96.6,78919,2.4000000000000057,2.4000000000000057,3.3871428571428575,101.16199999999999,102.209,102.90440000000001,102.209,107.08036900675765,97.33763099324236,0.09532172326815928,0.3500000000000006,3.4639999999999995,83344.6,False,False,False,71.93
2025-11-19,INDTERRAIN,EQ,39.8,39.8,38.16,38.43,38.99,22600,1.6400000000000006,1.6400000000000006,1.9207142857142852,39.513000000000005,38.498000000000005,36.165,38.498000000000005,41.522173275458954,35.473826724541055,0.15710807187173093,0.16463414634146525,1.8684999999999996,81521.4,False,False,False,59.55
2025-11-19,INDUSINDBK,EQ,850.0,850.3,836.3,839.6,847.95,2317710,14.0,14.0,22.78214285714287,831.9549999999999,803.8199999999999,767.831,803.8199999999999,879.1154075624816,728.5245924375183,0.18734395153761196,0.2357142857142906,21.77750000000001,4744443.8,False,True,False,49.8
2025-11-19,INDUSINVIT,IV,115.0,116.67,114.5,115.99,115.22,118821,2.1700000000000017,2.1700000000000017,2.798571428571428,118.46799999999999,119.31750000000002,117.55939999999998,119.31750000000002,123.27190956401789,115.36309043598216,0.06628381526629144,0.686635944700458,2.4384999999999986,65713.55,False,False,True,95.8
2025-11-19,INDUSTOWER,EQ,402.0,405.9,399.9,403.25,402.2,4630031,6.0,6.0,10.499999999999991,403.29499999999996,384.0525,364.07,384.0525,426.8398167539182,341.2651832460818,0.22282014440170664,0.5583333333333371,9.702499999999995,9049635.3,False,True,False,68.31
2025-11-19,INFIBEAM,EQ,19.31,20.5,19.15,20.12,19.31,34457599,1.3500000000000014,1.3500000000000014,0.8150000000000003,18.795,18.9635,17.758599999999998,18.9635,20.217155056225675,17.709844943774325,0.1322176872650803,0.7185185185185196,0.7140000000000002,16015167.1,True,True,False,30.27
2025-11-19,INFINIUM,SM,242.8,244.5,242.8,244.5,248.5,1000,1.6999999999999886,5.699999999999989,9.096428571428564,255.89499999999998,254.95,252.86,254.95,269.95386616842495,239.94613383157503,0.11770046023475163,1.0,5.599999999999997,6950.0,False,False,False,100.0
2025-11-19,INFLUX,ST,218.3,229.2,218.3,229.2,218.3,90000,10.899999999999977,10.899999999999977,10.874999999999998,199.775,187.5425,184.236,187.5425,219.8793099075962,155.20569009240378,0.34484780684480804,1.0,9.764999999999999,57750.0,True,True,False,99.33
2025-11-19,INFOBEAN,EQ,590.0,594.0,560.1,567.7,586.4,33430,33.89999999999998,33.89999999999998,34.71785714285714,602.9350000000001,582.3875,548.035,582.3875,677.6081903724192,487.16680962758085,0.3270011474230446,0.2241887905604728,29.589999999999996,77736.8,False,False,False,54.59
2025-11-19,INFOLLION,SM,399.0,399.0,385.0,385.0,382.6,1200,14.0,16.399999999999977,15.792857142857141,386.45500000000004,393.225,431.30100000000004,393.225,412.6615506198984,373.78844938010167,0.09885714601003677,0.0,14.294999999999998,11420.0,False,False,False,100.0
2025-11-19,INFOMEDIA,EQ,7.38,7.38,6.93,6.94,7.28,22983,0.4500000000000002,0.4500000000000002,0.5092857142857142,7.175999999999999,7.463000000000001,,7.463000000000001,8.262977499683581,6.663022500316421,0.21438496574663807,0.022222222222223715,0.44250000000000006,9145.4,False,False,False,55.22
2025-11-19,INFRABEES,EQ,989.16,997.25,987.95,995.74,991.4,5531,9.299999999999955,9.299999999999955,15.57214285714284,987.118,983.2220000000001,957.2306,983.2220000000001,1002.5362440701199,963.9077559298803,0.03928765643998974,0.8376344086021508,14.21599999999999,12280.75,False,False,False,54.2
2025-11-19,INFRAIETF,EQ,98.93,99.5,98.35,99.24,98.93,413352,1.1500000000000057,1.1500000000000057,1.2150000000000034,98.241,97.826,95.24719999999999,97.826,99.88420698667488,95.7677930133251,0.04207893579774068,0.7739130434782575,1.114500000000001,228573.7,False,True,False,44.85
2025-11-19,INFY,EQ,1490.5,1543.0,1490.5,1541.1,1486.4,10981126,52.5,56.59999999999991,28.142857142857142,1510.98,1501.4650000000001,1492.9779999999998,1501.4650000000001,1560.2084855962778,1442.7215144037225,0.07824822502859227,0.9638095238095221,22.11500000000002,8433626.6,False,False,False,49.33
2025-11-19,INGERRAND,EQ,3860.0,3870.6,3815.0,3858.5,3827.6,8958,55.59999999999991,55.59999999999991,81.9142857142857,3791.1600000000008,3843.075,3900.96,3843.075,4005.2442557175978,3680.905744282402,0.08439557162823934,0.7823741007194257,95.89000000000001,8871.45,False,False,True,46.48
2025-11-19,INNOMET,SM,121.0,124.0,121.0,121.05,121.0,7800,3.0,3.0,6.742857142857142,124.31000000000002,132.3175,154.01,132.3175,153.2068340008708,111.42816599912919,0.3157455967785184,0.01666666666666572,6.499999999999998,22230.0,False,False,True,76.92
2025-11-19,INNOVACAP,EQ,738.7,740.95,721.0,728.4,735.0,36277,19.950000000000045,19.950000000000045,28.57857142857143,746.6850000000001,778.9825,824.3530000000001,778.9825,863.2442545212531,694.7207454787468,0.21633799095936848,0.3709273182957374,25.692500000000013,25422.95,False,False,False,53.34
2025-11-19,INNOVANA,EQ,465.05,524.95,452.55,480.35,453.85,56131,72.40000000000003,72.40000000000003,27.04642857142856,478.805,484.09749999999997,502.242,484.09749999999997,506.1425555680833,462.0524444319166,0.09107692383490244,0.38397790055248615,27.49999999999999,6399.45,False,False,False,65.19
2025-11-19,INOXGREEN,EQ,236.0,239.85,231.5,232.85,235.55,1076389,8.349999999999994,8.349999999999994,11.472142857142861,253.42999999999998,256.296,222.79760000000002,256.296,276.46984881474225,236.12215118525774,0.15742616985627758,0.16167664670658627,12.375500000000006,1872148.75,False,False,False,37.59
2025-11-19,INOXINDIA,EQ,1148.4,1179.0,1115.0,1159.0,1208.1,681244,64.0,93.09999999999991,37.52857142857143,1199.54,1200.605,1196.576,1200.605,1230.0773921662353,1171.1326078337647,0.049095901093590806,0.6875,33.355000000000004,103474.95,False,False,False,37.17
2025-11-19,INOXWIND,EQ,140.5,142.37,139.1,139.68,140.92,10906676,3.2700000000000102,3.2700000000000102,4.657857142857141,148.272,150.1855,147.6862,150.1855,159.02118101506494,141.34981898493504,0.11766356958647739,0.17737003058104303,4.407500000000001,8167242.6,False,False,True,45.03
2025-11-19,INSECTICID,EQ,688.0,689.75,676.0,686.55,684.35,16034,13.75,13.75,17.764285714285734,681.8399999999999,701.6825,737.685,701.6825,748.0148998407215,655.3501001592786,0.13206086753117385,0.767272727272724,16.912500000000016,22347.35,False,False,False,57.75
2025-11-19,INSPIRE,SM,13.85,13.85,13.6,13.6,13.85,4000,0.25,0.25,0.6749999999999998,15.01,15.4475,17.191000000000003,15.4475,17.383597879757012,13.51140212024299,0.25066811843431125,0.0,0.785,17700.0,False,False,False,100.0
2025-11-19,INSPIRISYS,EQ,100.99,101.0,98.6,99.07,99.52,4316,2.4000000000000057,2.4000000000000057,4.8428571428571425,100.049,95.0255,94.6798,95.0255,107.73435750175848,82.3166424982415,0.26748309667949105,0.1958333333333324,4.900499999999999,17378.35,False,False,True,72.34
2025-11-19,INTEGRITY,SM,100.55,100.8,100.55,100.8,100.55,6000,0.25,0.25,1.017857142857144,100.405,101.24000000000001,101.006,101.24000000000001,104.10593789186026,98.37406210813975,0.05661671062544953,1.0,0.15000000000000072,5880.0,False,False,False,100.0
2025-11-19,INTELLECT,EQ,1112.8,1172.4,1100.0,1142.8,1088.3,4203457,72.40000000000009,84.10000000000014,50.375000000000036,1121.42,1067.075,1024.3470000000002,1067.075,1206.679081244067,927.4709187559331,0.2616574865760456,0.5911602209944737,45.33750000000002,874281.5,False,False,False,9.61
2025-11-19,INTENTECH,BE,128.44,131.0,122.01,122.01,128.44,102455,8.989999999999995,8.989999999999995,6.984285714285714,124.93800000000002,126.45750000000001,120.406,126.45750000000001,136.94189387852302,115.973106121477,0.16581687726742989,0.0,6.765000000000001,90667.25,False,False,False,
2025-11-19,INTERARCH,EQ,2600.0,2613.5,2549.1,2576.5,2595.4,69437,64.40000000000009,64.40000000000009,131.27857142857144,2512.34,2279.6699999999996,2119.822,2279.6699999999996,2802.1042909878743,1757.235709012125,0.45834203282744845,0.4254658385093176,108.88,139260.95,False,False,False,46.41
2025-11-19,INTERNET,EQ,14.64,14.71,14.53,14.67,14.57,84625,0.1800000000000015,0.1800000000000015,0.2407142857142859,14.523,14.64,14.561000000000002,14.64,14.985600925924714,14.294399074075287,0.04721324124654561,0.7777777777777745,0.2285000000000003,74323.9,False,False,False,85.48
2025-11-19,INTLCONV,EQ,87.0,90.01,86.86,89.42,87.49,196316,3.1500000000000057,3.1500000000000057,4.06,91.292,94.50750000000001,97.59,94.50750000000001,102.1238741373439,86.89112586265611,0.16118031134764746,0.8126984126984119,3.7074999999999996,206637.95,False,False,False,65.85
2025-11-19,INVENTURE,EQ,1.35,1.35,1.31,1.31,1.33,658543,0.040000000000000036,0.040000000000000036,0.042857142857142864,1.367,1.4165,1.4894,1.4165,1.5436652468247574,1.2893347531752428,0.17954853063855597,0.0,0.040000000000000015,1159329.4,False,False,True,63.41
2025-11-19,IOB,T0,39.89,39.89,39.89,40.12,39.89,3,0.0,0.0,0.8249999999999993,39.409,39.752500000000005,39.587,39.752500000000005,41.031184871264216,38.473815128735794,0.0643322996674026,0.5,0.9964999999999996,9437481.75,False,False,True,25.36
2025-11-19,IOB,T0,39.89,39.89,39.89,40.12,39.89,3,0.0,0.0,0.8249999999999993,39.409,39.752500000000005,39.587,39.752500000000005,41.031184871264216,38.473815128735794,0.0643322996674026,0.5,0.9964999999999996,9437481.75,False,False,True,100.0
2025-11-19,IOC,EQ,171.51,172.23,168.85,169.33,171.59,10315121,3.3799999999999955,3.3799999999999955,4.099285714285713,170.949,163.6545,154.2766,163.6545,180.27046518412286,147.03853481587717,0.2030615129327069,0.1420118343195322,3.649499999999999,17412604.45,False,False,False,59.8
2025-11-19,IOLCP,EQ,93.8,93.8,92.2,92.34,93.54,551086,1.5999999999999943,1.5999999999999943,3.1285714285714286,93.52000000000001,93.8575,102.2122,93.8575,98.96723140194275,88.74776859805725,0.10888275102027548,0.08750000000000066,2.691,2451258.7,False,False,False,44.08
2025-11-19,IONEXCHANG,EQ,365.1,365.1,359.55,361.4,364.45,150472,5.550000000000011,5.550000000000011,9.728571428571428,372.375,386.3075,401.15200000000004,386.3075,418.03550458585835,354.57949541414166,0.16426294900232766,0.3333333333333265,9.420000000000002,107889.4,False,False,True,69.02
2025-11-19,IPCALAB,EQ,1430.0,1458.7,1410.0,1447.4,1422.9,326575,48.700000000000045,48.700000000000045,58.35714285714289,1372.4,1327.1,1331.9379999999999,1327.1,1461.211804103888,1192.9881958961118,0.20211258247892105,0.7679671457905556,47.950000000000024,407544.35,False,True,False,44.52
2025-11-19,IPHL,SM,62.0,71.75,62.0,71.75,59.8,223200,9.75,11.950000000000003,3.8678571428571416,55.489999999999995,53.777499999999996,53.215,53.777499999999996,64.69828179435886,42.85671820564113,0.40614687534224786,1.0,2.374999999999999,46920.0,True,True,False,78.49
2025-11-19,IPL,EQ,178.75,182.4,176.68,177.3,177.81,121303,5.719999999999999,5.719999999999999,5.766428571428577,183.532,187.63150000000002,202.6534,187.63150000000002,198.66948219784751,176.59351780215252,0.11765596072991472,0.1083916083916092,6.059000000000003,227257.0,False,False,False,42.2
2025-11-19,IPSL,SM,294.0,309.0,290.0,300.0,279.95,16500,19.0,29.05000000000001,10.992857142857142,287.95,291.92999999999995,329.23,291.92999999999995,311.5991992719594,272.2608007280405,0.1347528467232517,0.5263157894736842,3.7275000000000036,3450.0,False,False,False,96.97
2025-11-19,IRB,EQ,44.1,44.2,43.65,43.96,44.11,6429552,0.5500000000000043,0.5500000000000043,1.1185714285714294,43.739999999999995,43.8435,43.0158,43.8435,45.39746621584901,42.28953378415099,0.07088696002139468,0.5636363636363634,0.884500000000001,12391966.55,False,True,True,45.29
2025-11-19,IRBINVIT,IV,61.49,61.49,60.25,60.41,61.02,953574,1.240000000000002,1.240000000000002,0.9842857142857143,61.72800000000001,62.177,62.5766,62.177,63.66021407760312,60.69378592239688,0.047709412728279665,0.12903225806451318,0.8805000000000007,3361312.75,False,False,False,88.45
2025-11-19,IRCON,EQ,168.1,168.3,165.33,166.28,167.9,1452276,2.969999999999999,2.969999999999999,4.527857142857146,165.253,167.728,172.51080000000002,167.728,173.94310289536642,161.5128971046336,0.07410930667946215,0.31986531986531613,3.956500000000001,2492461.1,False,False,True,31.94
2025-11-19,IRCTC,EQ,705.5,707.1,702.0,705.0,703.8,643975,5.100000000000023,5.100000000000023,10.092857142857147,708.98,715.26,715.4810000000001,715.26,731.1808228430579,699.3391771569421,0.04451758197874301,0.5882352941176444,9.75,748807.2,False,False,True,48.78
2025-11-19,IREDA,EQ,148.0,148.37,146.5,147.1,148.08,3350146,1.8700000000000045,1.8700000000000045,3.17142857142857,149.304,151.175,151.0746,151.175,155.64847515920204,146.701524840798,0.05918273734681031,0.3208556149732582,2.9929999999999977,5714788.35,False,False,True,36.57
2025-11-19,IRFC,EQ,120.82,121.14,119.8,120.85,120.82,4336986,1.3400000000000034,1.3400000000000034,1.9192857142857125,121.23899999999999,122.6795,124.5168,122.6795,125.95451740453552,119.40448259546449,0.05339143711109872,0.7835820895522347,1.8014999999999994,5877920.05,False,False,False,34.89
2025-11-19,IRIS,EQ,317.05,334.75,310.1,324.3,322.8,32830,24.649999999999977,24.649999999999977,17.525,350.065,333.1125,326.35,333.1125,375.6863872432387,290.5386127567613,0.255612666851221,0.5760649087221096,12.607499999999996,23031.0,False,False,False,51.66
2025-11-19,IRISDOREME,EQ,32.84,33.51,32.28,32.76,32.35,423688,1.2299999999999969,1.2299999999999969,1.4442857142857128,32.731,32.9465,32.5344,32.9465,34.18893752358013,31.70406247641987,0.07542151813273819,0.39024390243902285,1.6040000000000003,358042.8,False,False,False,7.82
2025-11-19,IRMENERGY,EQ,313.6,315.9,309.6,311.35,314.0,27338,6.2999999999999545,6.2999999999999545,12.232142857142858,311.18500000000006,315.96,323.86600000000004,315.96,333.74321118358625,298.1767888164137,0.1125662184047745,0.2777777777777798,11.3075,132829.0,False,False,True,46.36
2025-11-19,ISFT,EQ,95.0,95.0,92.05,92.7,93.41,14382,2.950000000000003,2.950000000000003,2.624285714285714,94.62100000000001,96.589,98.77600000000001,96.589,101.41075445247878,91.76724554752121,0.09984065374895248,0.22033898305084917,2.6219999999999986,19520.0,False,False,False,44.47
2025-11-19,ISGEC,EQ,871.0,877.1,865.05,869.95,877.0,14176,12.050000000000068,12.050000000000068,23.414285714285718,869.3549999999999,874.2974999999999,913.7180000000001,874.2974999999999,903.3212743065998,845.2737256934,0.06639335994120966,0.40663900414938287,22.690000000000005,43801.3,False,False,True,63.94
2025-11-19,ISHAN,SM,0.8,0.85,0.8,0.85,0.8,576000,0.04999999999999993,0.04999999999999993,0.046428571428571444,0.86,0.86,0.88,0.86,0.9109901951359284,0.8090098048640716,0.11858184915332186,1.0,0.03000000000000001,223200.0,False,False,False,75.0
2025-11-19,ISHANCH,BE,69.05,69.5,67.5,68.19,69.1,12798,2.0,2.0,3.2842857142857125,71.14699999999999,70.4105,67.282,70.4105,74.09647056417957,66.72452943582043,0.10469945715992841,0.34499999999999886,3.4855000000000005,33803.0,False,False,True,
2025-11-19,IT,EQ,39.42,40.64,39.42,40.55,39.42,489071,1.2199999999999989,1.2199999999999989,0.808571428571429,39.564,39.2755,38.6774,39.2755,40.51466867294159,38.03633132705841,0.06310135697529443,0.9262295081967185,0.8705000000000002,332606.25,True,True,False,77.37
2025-11-19,ITALIANE,SM,32.0,32.45,32.0,32.45,32.5,4000,0.45000000000000284,0.5,0.9428571428571431,32.315,32.7325,33.891999999999996,32.7325,34.07796460377046,31.387035396229546,0.08220970618012417,1.0,0.5700000000000005,6600.0,False,False,False,100.0
2025-11-19,ITBEES,EQ,39.58,40.77,39.57,40.72,39.57,27287469,1.2000000000000028,1.2000000000000028,0.8400000000000004,39.767999999999994,39.464999999999996,38.835,39.464999999999996,40.73965289392838,38.19034710607161,0.06459662454977239,0.9583333333333299,0.8470000000000006,11474703.9,False,False,False,58.71
2025-11-19,ITC,EQ,404.85,405.55,402.8,403.55,405.85,7882450,2.75,3.0500000000000114,5.282142857142857,406.615,411.80999999999995,408.306,411.80999999999995,423.36489506659393,400.25510493340596,0.05611760310140107,0.2727272727272727,5.244999999999996,14358764.25,False,False,False,64.24
2025-11-19,ITCHOTELS,EQ,207.28,210.5,206.75,209.48,207.29,1533095,3.75,3.75,3.6692857142857145,209.262,214.506,224.0782,214.506,225.9182239725652,203.0937760274348,0.10640470637245752,0.7279999999999973,4.206999999999998,2533658.45,False,False,False,50.38
2025-11-19,ITDC,EQ,591.2,594.05,584.95,585.8,594.6,11225,9.099999999999909,9.649999999999977,16.339285714285698,594.25,606.0025,611.767,606.0025,633.773464603341,578.2315353966591,0.09165297041956422,0.09340659340658435,14.692499999999985,29072.3,False,False,True,56.29
2025-11-19,ITETF,EQ,37.64,38.84,37.64,38.73,37.64,400934,1.2000000000000028,1.2000000000000028,0.6692857142857136,37.839,37.55800000000001,36.9608,37.55800000000001,38.749043240189025,36.36695675981099,0.06342421003189826,0.9083333333333281,0.6370000000000001,291174.45,True,True,False,79.9
2025-11-19,ITETFADD,EQ,37.97,38.77,37.92,38.66,37.65,91468,0.8500000000000014,1.1200000000000045,0.5371428571428584,37.799,37.5305,36.940799999999996,37.5305,38.70080722462079,36.36019277537922,0.062365661241965076,0.8705882352941102,0.5455000000000005,47593.35,True,True,False,62.46
2025-11-19,ITI,EQ,313.95,313.95,305.0,308.15,311.95,262131,8.949999999999989,8.949999999999989,7.857142857142849,317.075,324.195,321.23900000000003,324.195,340.51939585405796,307.870604145942,0.10070726478852524,0.35195530726256774,8.107499999999996,660016.9,False,False,False,38.77
2025-11-19,ITIETF,EQ,39.56,40.79,39.53,40.75,39.45,2553471,1.259999999999998,1.3399999999999963,0.7228571428571422,39.694,39.41,38.7862,39.41,40.66801430834467,38.15198569165533,0.06384239067975997,0.9682539682539689,0.7089999999999993,774246.45,False,True,False,58.99
2025-11-19,ITTL,ST,112.0,113.05,112.0,113.05,110.85,420,1.0499999999999972,2.200000000000003,2.153571428571429,104.22999999999999,96.99999999999999,102.97599999999998,96.99999999999999,113.72106455941145,80.27893544058853,0.34476421771982396,1.0,0.7425000000000004,572.25,False,False,False,100.0
2025-11-19,IVALUE,EQ,324.0,329.8,317.0,323.6,322.4,417989,12.800000000000011,12.800000000000011,15.42142857142858,308.35,289.5325,,289.5325,336.4843931993163,242.58060680068374,0.3243290007119496,0.5156250000000013,13.512500000000008,790444.6,False,False,False,48.98
2025-11-19,IVC,EQ,9.28,9.55,8.72,9.19,9.34,1509605,0.8300000000000001,0.8300000000000001,0.4335714285714284,8.249,7.995,8.1476,7.995,9.267312854607683,6.722687145392317,0.31827713686245973,0.5662650602409625,0.35849999999999993,727197.85,False,True,False,58.35
2025-11-19,IVP,EQ,167.48,168.0,163.25,164.48,166.65,5523,4.75,4.75,7.736428571428574,170.588,166.0765,164.89579999999998,166.0765,177.30135683650337,154.85164316349665,0.13517694359531135,0.2589473684210505,6.816,10695.15,False,False,False,67.23
2025-11-19,IVZINGOLD,EQ,10600.0,10795.0,10600.0,10793.9,10508.4,4208,195.0,286.60000000000036,260.3607142857145,10714.064999999999,10696.384999999998,10339.815999999999,10696.384999999998,11282.41502064739,10110.354979352607,0.1095753416967305,0.9943589743589725,276.5350000000002,1549.55,False,False,False,93.92
2025-11-19,IVZINNIFTY,EQ,2957.36,2957.36,2942.58,2949.92,2949.0,31,14.7800000000002,14.7800000000002,31.623571428571495,2931.254,2926.3045,2869.3686,2926.3045,2969.8938773642058,2882.7151226357946,0.029791416008966648,0.4966170500676621,33.81050000000009,73.1,False,False,False,51.61
2025-11-19,IWARE,ST,191.0,202.95,191.0,202.95,196.05,36000,11.949999999999989,11.949999999999989,10.842857142857145,191.685,179.45250000000001,151.182,179.45250000000001,219.5428538896824,139.36214611031764,0.4468074157750087,1.0,6.67,54900.0,False,False,False,86.67
2025-11-19,IXIGO,EQ,269.35,270.25,262.65,269.15,267.7,1481159,7.600000000000023,7.600000000000023,12.964285714285717,273.27,293.3825,294.20799999999997,293.3825,344.5220568518152,242.24294314818482,0.348620363190137,0.8552631578947343,10.102499999999996,3477400.75,False,False,False,58.2
2025-11-19,IZMO,BE,950.0,990.0,930.0,981.5,948.4,109389,60.0,60.0,49.57142857142856,885.1899999999999,859.9799999999999,952.0369999999999,859.9799999999999,962.8980275753498,757.06197242465,0.23934981645003356,0.8583333333333333,47.23749999999999,95855.6,False,False,False,
2025-11-19,J&KBANK,EQ,107.03,109.65,106.01,108.87,107.1,4943611,3.6400000000000006,3.6400000000000006,2.4664285714285703,106.81800000000001,106.763,104.66279999999999,106.763,109.56461453451449,103.96138546548552,0.052482873926631604,0.7857142857142855,2.6739999999999995,3367818.25,False,True,False,52.89
2025-11-19,JAGRAN,EQ,69.9,70.26,69.86,69.98,69.88,94302,0.4000000000000057,0.4000000000000057,1.2207142857142859,70.306,71.25450000000001,71.5012,71.25450000000001,73.64247382732711,68.8665261726729,0.06702661101620533,0.3000000000000071,1.1985000000000006,150429.0,False,False,True,81.39
2025-11-19,JAGSNPHARM,EQ,211.0,211.0,208.8,209.35,211.21,14664,2.1999999999999886,2.4099999999999966,5.203571428571428,212.21599999999998,215.8995,224.8898,215.8995,224.93082210698154,206.86817789301844,0.0836622790416981,0.24999999999999353,4.849000000000001,50667.45,False,False,True,58.46
2025-11-19,JAIBALAJI,EQ,82.0,82.01,76.25,77.75,81.16,2493900,5.760000000000005,5.760000000000005,3.5364285714285706,86.128,90.639,95.6142,90.639,101.39103404012397,79.88696595987602,0.23724961749630896,0.26041666666666646,3.160000000000001,731820.2,False,False,False,74.1
2025-11-19,JAICORPLTD,EQ,147.55,147.55,143.05,144.05,145.72,538873,4.5,4.5,5.855000000000002,151.125,157.13,156.3684,157.13,173.25021215741273,141.00978784258726,0.20518312425905605,0.2222222222222222,6.257000000000001,2037774.25,False,False,False,25.54
2025-11-19,JAINAM,SM,275.0,275.0,275.0,275.0,275.0,1000,0.0,0.0,5.317857142857142,278.2,280.185,279.32300000000004,280.185,310.0784959481154,250.2915040518846,0.21338398521059587,0.5,1.1724999999999994,6300.0,False,False,True,100.0
2025-11-19,JAINIK,ST,138.0,139.7,138.0,138.9,140.4,8400,1.6999999999999886,2.4000000000000057,6.571428571428576,138.0,133.2875,134.298,133.2875,145.29528393376503,121.27971606623495,0.18017869543303072,0.5294117647058892,5.7825000000000015,25020.0,False,False,True,100.0
2025-11-19,JAINREC,EQ,458.95,458.95,442.9,444.45,457.9,1549483,16.05000000000001,16.05000000000001,21.432142857142846,426.1,401.6885,,401.6885,470.367853600627,333.009146399373,0.34195329764544913,0.09657320872274207,22.582499999999992,5055238.65,False,False,False,40.74
2025-11-19,JAIPURKURT,EQ,34.24,34.69,33.0,33.32,33.57,9483,1.6899999999999977,1.6899999999999977,2.4171428571428573,34.58,35.248000000000005,36.609,35.248000000000005,38.24479562199346,32.25120437800655,0.17004060497012347,0.18934911242603591,2.4330000000000007,14600.05,False,False,False,79.66
2025-11-19,JALAN,SM,3.1,3.1,3.1,3.1,3.05,9000,0.0,0.050000000000000266,0.13214285714285712,3.25,3.5025,4.194,3.5025,4.067721195639352,2.9372788043606475,0.32275300250641115,0.5,0.11249999999999998,43650.0,False,False,True,100.0
2025-11-19,JAMNAAUTO,EQ,108.0,111.5,107.61,110.03,109.54,1584797,3.8900000000000006,3.8900000000000006,3.105000000000001,102.521,98.753,101.34800000000001,98.753,111.30290852556301,86.20309147443699,0.25416764099446115,0.6221079691516713,2.7119999999999997,1298016.35,False,False,False,50.01
2025-11-19,JARO,EQ,688.0,698.55,663.0,668.85,688.0,140954,35.549999999999955,35.549999999999955,29.350000000000016,645.775,642.5,,642.5,699.7723842702575,585.2276157297425,0.1782797953937976,0.1645569620253173,29.235000000000014,363099.0,False,False,False,34.98
2025-11-19,JASH,EQ,463.45,473.8,456.75,465.85,469.3,61816,17.05000000000001,17.05000000000001,17.953571428571433,478.86499999999995,483.785,492.75800000000004,483.785,505.6303221537231,461.93967784627694,0.09031004331975191,0.533724340175954,18.047500000000007,75540.25,False,False,False,59.3
2025-11-19,JAYAGROGN,EQ,222.8,223.0,216.25,217.07,221.97,8956,6.75,6.75,7.794285714285713,219.965,224.52000000000004,232.6318,224.52000000000004,237.53593945898598,211.5040605410141,0.11594458809002262,0.12148148148148047,6.852499999999997,9104.0,False,False,False,32.22
2025-11-19,JAYBARMARU,EQ,92.6,94.5,91.3,92.29,93.22,87084,3.200000000000003,3.200000000000003,4.663571428571427,91.08399999999999,91.34700000000001,96.04119999999999,91.34700000000001,96.03677227592172,86.6572277240783,0.10268037868614648,0.30937500000000256,4.236499999999999,139279.45,False,False,False,63.67
2025-11-19,JAYBEE,SM,138.8,142.0,138.6,139.4,140.25,6500,3.4000000000000057,3.4000000000000057,9.817857142857141,139.725,159.9975,188.70600000000002,159.9975,201.7492122403382,118.2457877596618,0.5219045577629426,0.23529411764706176,8.195,116975.0,False,False,True,100.0
2025-11-19,JAYESH,SM,122.85,123.25,119.6,121.25,121.9,40000,3.6500000000000057,3.6500000000000057,,118.81500000000001,,,,,,,0.4520547945205488,,,False,False,False,80.0
2025-11-19,JAYNECOIND,EQ,75.13,76.94,74.36,75.07,75.86,5051313,2.5799999999999983,2.5799999999999983,2.7657142857142847,74.675,75.1725,71.5984,75.1725,80.68253765867352,69.66246234132647,0.14659716408722673,0.27519379844961017,3.1815000000000007,9243009.75,False,False,False,41.27
2025-11-19,JAYSREETEA,EQ,95.01,95.49,94.51,94.92,95.5,16461,0.9799999999999898,0.9899999999999949,2.643571428571428,94.59400000000001,95.8065,96.20640000000002,95.8065,99.31003121864245,92.30296878135755,0.07313765180112937,0.4183673469387764,2.3285000000000005,30870.25,False,False,True,82.78
2025-11-19,JBCHEPHARM,EQ,1797.0,1800.0,1747.4,1752.0,1797.6,274374,52.59999999999991,52.59999999999991,37.88571428571431,1786.4099999999999,1741.1650000000002,1710.89,1741.1650000000002,1856.7665099382343,1625.563490061766,0.13278639294751976,0.08745247148288815,34.28000000000003,212274.5,False,False,False,73.14
2025-11-19,JBMA,EQ,629.0,632.7,623.7,624.95,630.8,137047,9.0,9.0,14.496428571428583,634.7149999999999,647.185,665.587,647.185,677.945316968458,616.4246830315419,0.09505880688970861,0.1388888888888889,14.0125,274408.1,False,False,False,49.48
2025-11-19,JCHAC,EQ,1751.6,1755.0,1751.2,1752.1,1752.3,24633,3.7999999999999545,3.7999999999999545,11.392857142857192,1749.98,1735.0199999999998,1736.152,1735.0199999999998,1765.3929879992097,1704.6470120007898,0.03501168631970808,0.23684210526312482,12.515000000000054,24946.6,False,False,True,92.63
2025-11-19,JETFREIGHT,EQ,14.47,14.47,14.01,14.27,14.23,45795,0.46000000000000085,0.46000000000000085,0.7985714285714284,13.599,13.106,13.1514,13.106,14.591804832405652,11.620195167594348,0.22673658361142254,0.5652173913043463,0.7705,82663.15,False,True,False,64.11
2025-11-19,JEYYAM,ST,63.25,66.4,63.25,66.4,63.25,46000,3.1500000000000057,3.1500000000000057,3.1035714285714313,67.44500000000001,67.9225,62.17100000000001,67.9225,72.60015699896852,63.244843001031484,0.13773512456015358,1.0,3.047500000000002,119600.0,False,False,False,91.3
2025-11-19,JGCHEM,EQ,386.0,395.8,379.0,387.95,389.15,114557,16.80000000000001,16.80000000000001,14.464285714285714,411.08000000000004,420.14,433.287,420.14,452.91689124978245,387.3631087502175,0.15602842504775774,0.5327380952380942,15.107499999999998,296458.25,False,False,False,48.28
2025-11-19,JHS,EQ,12.0,12.0,11.16,11.46,11.77,67330,0.8399999999999999,0.8399999999999999,0.8907142857142857,11.926,12.552499999999998,11.807,12.552499999999998,13.915920331372526,11.189079668627471,0.21723486657996852,0.35714285714285804,0.8065,111589.9,False,False,False,64.86
2025-11-19,JINDALPHOT,EQ,1355.4,1510.0,1354.7,1460.5,1353.2,69310,155.29999999999995,156.79999999999995,66.99285714285716,1375.91,1377.955,1267.0359999999998,1377.955,1452.0256007806076,1303.8843992193922,0.10750801119137812,0.6812620734063103,66.05000000000003,10757.5,False,False,False,26.77
2025-11-19,JINDALPOLY,EQ,549.0,557.0,541.0,547.35,549.35,26112,16.0,16.0,10.825000000000005,552.5899999999999,557.98,572.7080000000001,557.98,571.2417645884703,544.7182354115297,0.04753491017050908,0.3968750000000014,10.52,22023.95,False,False,False,31.54
2025-11-19,JINDALSAW,EQ,166.0,167.2,164.55,166.87,165.4,955138,2.6499999999999773,2.6499999999999773,3.9271428571428566,169.473,175.926,193.9756,175.926,191.43463295071433,160.41736704928564,0.17630859509923882,0.8754716981132125,4.947500000000001,2643020.6,False,False,False,54.69
2025-11-19,JINDALSTEL,EQ,1066.0,1076.0,1059.3,1071.0,1066.3,933058,16.700000000000045,16.700000000000045,24.200000000000014,1073.9,1054.7350000000001,1044.993,1054.7350000000001,1113.4187379518373,996.0512620481629,0.11127674335607939,0.7005988023952104,22.545000000000005,1514200.0,False,True,False,43.57
2025-11-19,JINDRILL,EQ,592.7,593.8,582.5,588.0,586.0,91686,11.299999999999955,11.299999999999955,17.217857142857138,571.8349999999999,568.8725000000001,585.024,568.8725000000001,593.2490968707701,544.49590312923,0.08570144231183638,0.48672566371681614,16.714999999999996,89254.35,False,False,False,63.79
2025-11-19,JINDWORLD,EQ,34.01,35.26,33.57,34.14,33.9,1037750,1.6899999999999977,1.6899999999999977,0.9650000000000004,34.638999999999996,35.791999999999994,36.4618,35.791999999999994,38.30435029404722,33.27964970595277,0.14038613623419893,0.33727810650887635,0.9344999999999999,486956.0,False,False,False,27.95
2025-11-19,JIOFIN,EQ,305.85,306.4,303.6,304.45,305.95,5882303,2.7999999999999545,2.7999999999999545,5.182142857142854,306.435,307.55,307.93399999999997,307.55,315.4215945017513,299.6784054982487,0.051189039192009775,0.30357142857142133,5.1,9805813.25,False,False,True,42.0
2025-11-19,JISLDVREQS,EQ,29.1,29.8,29.0,29.37,29.5,12088,0.8000000000000007,0.8000000000000007,1.3757142857142861,30.033000000000005,30.625999999999998,32.0998,30.625999999999998,32.27119178213351,28.980808217866485,0.10743758780993366,0.46250000000000085,1.3824999999999998,21072.1,False,False,True,79.86
2025-11-19,JISLJALEQS,EQ,47.6,47.65,46.4,46.63,47.67,1921262,1.25,1.2700000000000031,1.828571428571428,48.071999999999996,49.361000000000004,51.772000000000006,49.361000000000004,52.59776319801139,46.124236801988616,0.1311465812285565,0.1840000000000032,1.6494999999999997,2151947.4,False,False,False,68.4
2025-11-19,JITFINFRA,BE,280.65,289.5,280.65,288.15,286.25,13072,8.850000000000023,8.850000000000023,12.442857142857147,298.955,314.125,349.03100000000006,314.125,352.16520898996134,276.08479101003866,0.24219790841201014,0.8474576271186419,14.002500000000001,23855.25,False,False,False,
2025-11-19,JIWANRAM,SM,6.9,6.9,6.9,6.9,7.0,6000,0.0,0.09999999999999964,0.20000000000000004,6.975,7.0200000000000005,7.617000000000001,7.0200000000000005,7.320665927567428,6.719334072432573,0.08565980842376858,0.5,0.125,26400.0,False,False,True,100.0
2025-11-19,JKCEMENT,EQ,5520.0,5724.5,5500.0,5707.0,5487.0,161698,224.5,237.5,146.71428571428572,5609.85,5985.55,6345.81,5985.55,6758.757533589787,5212.342466410213,0.25835805685017654,0.9220489977728286,145.5,111616.9,False,False,False,60.64
2025-11-19,JKIL,EQ,620.5,620.6,610.05,613.15,620.0,37599,10.550000000000068,10.550000000000068,16.18214285714286,620.8050000000001,627.8075000000001,631.726,627.8075000000001,657.5483519548453,598.0666480451549,0.09474513112648444,0.29383886255924196,13.945000000000016,106359.25,False,False,False,65.15
2025-11-19,JKIPL,EQ,117.07,123.9,115.13,122.67,117.39,1085907,8.77000000000001,8.77000000000001,6.002857142857144,117.46100000000001,115.34550000000002,,115.34550000000002,123.75694095859917,106.93405904140086,0.14584775233709432,0.8597491448118583,5.8975,594742.2,False,False,False,69.05
2025-11-19,JKLAKSHMI,EQ,827.7,830.0,815.55,818.85,823.5,64594,14.450000000000045,14.450000000000045,21.4892857142857,836.5600000000001,841.025,863.063,841.025,871.721245698785,810.328754301215,0.07299722528767871,0.22837370242214933,19.844999999999988,138680.4,False,False,False,51.28
2025-11-19,JKPAPER,EQ,373.0,373.05,368.1,370.35,373.15,145855,4.949999999999989,5.0499999999999545,9.446428571428559,380.32,389.4375,394.78200000000004,389.4375,410.46179249701316,368.41320750298684,0.10797261433227752,0.4545454545454556,10.564999999999994,293592.7,False,False,False,53.44
2025-11-19,JKTYRE,EQ,456.0,457.3,444.2,446.6,455.8,598599,13.100000000000023,13.100000000000023,16.12142857142857,456.65999999999997,438.01750000000004,397.085,438.01750000000004,480.1229185942842,395.91208140571587,0.19225450396061422,0.18320610687023128,14.969999999999995,2586244.9,False,True,False,44.3
2025-11-19,JLHL,EQ,1430.1,1465.0,1416.0,1455.4,1433.3,24070,49.0,49.0,51.07857142857146,1491.4599999999998,1520.59,1501.422,1520.59,1611.4707768452686,1429.7092231547313,0.11953357163373252,0.8040816326530631,47.53000000000001,160428.1,False,False,False,44.25
2025-11-19,JMA,EQ,86.88,88.1,85.1,86.37,86.88,6618,3.0,3.0,3.094285714285717,87.02,88.80850000000001,90.1464,88.80850000000001,92.92603943514827,84.69096056485175,0.09272849862678142,0.4233333333333367,3.372000000000001,10530.2,False,False,False,68.27
2025-11-19,JMFINANCIL,EQ,146.8,151.35,146.6,147.52,146.71,3004924,4.75,4.75,6.44285714285714,152.18099999999998,161.142,169.33100000000002,161.142,181.4114564307973,140.8725435692027,0.2515726059102817,0.19368421052631915,5.955499999999996,4128494.2,False,False,False,30.76
2025-11-19,JNKINDIA,EQ,292.2,292.2,280.0,282.15,289.9,80223,12.199999999999989,12.199999999999989,13.414285714285715,281.285,288.49249999999995,292.563,288.49249999999995,306.2662524175397,270.7187475824602,0.12321812468289302,0.17622950819671962,11.4125,75042.2,False,False,False,52.03
2025-11-19,JOCIL,EQ,150.98,150.98,146.78,149.94,150.35,1120,4.199999999999989,4.199999999999989,5.0457142857142845,150.405,150.815,153.9642,150.815,154.2367217888076,147.39327821119238,0.04537641201216877,0.7523809523809536,4.886999999999999,1608.95,False,False,False,94.02
2025-11-19,JPOLYINVST,EQ,937.05,999.9,937.05,975.05,944.0,11824,62.85000000000002,62.85000000000002,32.89285714285713,960.49,980.2950000000001,966.753,980.2950000000001,1027.7483866020127,932.8416133979874,0.09681450298535163,0.6046141607000793,35.96,8249.85,False,False,False,39.91
2025-11-19,JPPOWER,EQ,17.8,20.75,17.8,20.27,17.64,652366086,2.9499999999999993,3.1099999999999994,0.6035714285714275,18.095,18.03,18.2634,18.03,19.08487440010645,16.975125599893552,0.11701324460415409,0.8372881355932201,0.4899999999999995,51837897.65,True,True,False,18.28
2025-11-19,JSFB,EQ,460.0,460.0,450.0,457.15,456.6,89130,10.0,10.0,15.957142857142859,462.21500000000003,455.8825,465.256,455.8825,477.37938989133096,434.385610108669,0.09430890587522428,0.7149999999999977,17.747499999999995,475650.35,False,False,False,48.91
2025-11-19,JSL,EQ,754.0,774.0,751.8,771.3,751.0,527606,22.200000000000045,23.0,23.000000000000018,740.8599999999999,767.0,767.8379999999999,767.0,826.7162373228567,707.2837626771433,0.15571378702179067,0.8783783783783766,21.01000000000002,647919.9,False,False,False,55.2
2025-11-19,JSLL,EQ,715.95,724.95,705.0,706.9,711.65,129001,19.950000000000045,19.950000000000045,30.674999999999986,737.355,739.4424999999999,767.568,739.4424999999999,779.6565805564396,699.2284194435601,0.10876864815435884,0.09523809523809389,29.335,219777.4,False,False,True,43.21
2025-11-19,JSWCEMENT,EQ,126.0,127.95,125.55,127.36,126.28,1154582,2.4000000000000057,2.4000000000000057,3.6464285714285674,127.027,131.6925,139.0978,131.6925,142.25971131614207,121.12528868385792,0.1604831150770481,0.7541666666666659,3.3434999999999966,2141033.35,False,False,False,45.12
2025-11-19,JSWENERGY,EQ,526.05,528.7,512.35,513.65,526.95,2913764,16.350000000000023,16.350000000000023,11.40000000000001,524.8199999999999,528.625,531.012,528.625,541.0447222191175,516.2052777808825,0.04698878115532746,0.07951070336391149,11.847500000000014,2165508.8,False,False,False,57.36
2025-11-19,JSWHL,EQ,17650.0,17881.0,17100.0,17239.0,17593.0,2593,781.0,781.0,577.8571428571429,17058.7,17004.0,17400.02,17004.0,17697.164626910693,16310.835373089305,0.08152959620215174,0.17797695262483995,589.4,2806.7,False,False,False,45.28
2025-11-19,JSWINFRA,EQ,276.2,280.45,276.15,277.3,276.15,1103353,4.300000000000011,4.300000000000011,6.010714285714288,281.75,288.63,305.843,288.63,303.812272557165,273.447727442835,0.10520231824249034,0.2674418604651235,6.107500000000002,1455262.9,False,False,True,50.61
2025-11-19,JSWSTEEL,EQ,1167.5,1170.9,1157.6,1164.9,1163.0,522344,13.300000000000182,13.300000000000182,23.60714285714289,1175.79,1172.8600000000001,1147.646,1172.8600000000001,1214.4890475509626,1131.2309524490377,0.07098724067827783,0.548872180451134,22.900000000000034,1475065.15,False,False,False,43.07
2025-11-19,JTEKTINDIA,EQ,157.0,160.0,154.5,157.23,158.29,108098,5.5,5.5,5.8164285714285695,159.116,157.1275,161.565,157.1275,165.30713293797544,148.94786706202456,0.10411459404592374,0.4963636363636345,5.419999999999997,167381.2,False,False,False,53.67
2025-11-19,JTLIND,EQ,68.01,69.3,66.25,68.52,68.12,2149402,3.049999999999997,3.049999999999997,2.8735714285714278,62.463,65.419,70.3438,65.419,73.20363332469812,57.634366675301884,0.23799303947471276,0.7442622950819666,2.6669999999999994,1860225.25,False,False,False,50.79
2025-11-19,JUBLCPL,BE,2403.4,2448.9,2335.0,2440.9,2403.4,2280,113.90000000000009,113.90000000000009,94.77857142857144,2473.49,2456.9849999999997,2469.772,2456.9849999999997,2546.8173165681405,2367.152683431859,0.07312402523266595,0.9297629499561019,89.61000000000001,2339.85,False,False,False,
2025-11-19,JUBLFOOD,EQ,600.35,603.25,593.5,595.15,600.35,1189327,9.75,9.75,16.182142857142846,591.39,594.9275,611.895,594.9275,616.4838325962454,573.3711674037546,0.07246709085139079,0.1692307692307669,13.024999999999988,2022789.4,False,False,False,61.48
2025-11-19,JUBLINGREA,EQ,704.5,720.1,699.95,713.7,706.2,306020,20.149999999999977,20.149999999999977,22.814285714285713,686.0649999999999,686.62,686.1080000000001,686.62,716.2416204823464,656.9983795176536,0.0862824283660436,0.682382133995038,21.59499999999999,291386.8,False,False,False,63.45
2025-11-19,JUBLPHARMA,EQ,1142.0,1142.0,1104.2,1108.0,1135.2,96643,37.799999999999955,37.799999999999955,34.699999999999996,1139.75,1128.27,1108.922,1128.27,1173.6566103603225,1082.8833896396775,0.08045345592867398,0.10052910052909944,34.459999999999994,173094.25,False,False,False,57.58
2025-11-19,JUNIORBEES,EQ,755.0,755.0,745.61,749.41,749.6,203290,9.389999999999986,9.389999999999986,14.277142857142865,750.664,749.484,740.7228,749.484,755.2118456683104,743.7561543316897,0.015284771037968391,0.4046858359957359,15.240000000000004,271806.65,False,False,False,72.65
2025-11-19,JUNIPER,EQ,245.0,246.5,242.05,243.7,245.0,78008,4.449999999999989,4.449999999999989,10.082142857142857,251.295,261.71500000000003,277.078,261.71500000000003,286.7350139888062,236.6949860111939,0.19120045842849018,0.37078651685392844,9.027499999999996,190832.2,False,False,True,52.41
2025-11-19,JUSTDIAL,EQ,775.0,775.0,760.1,767.15,777.3,85093,14.899999999999977,17.199999999999932,15.35357142857144,753.4350000000001,769.1800000000001,807.539,769.1800000000001,807.9934950758136,730.3665049241865,0.10092174803248533,0.47315436241610503,14.897500000000008,122909.35,False,False,False,44.13
2025-11-19,JWL,EQ,305.0,306.25,301.65,302.85,304.7,421167,4.600000000000023,4.600000000000023,8.039285714285711,309.71999999999997,316.46500000000003,326.377,316.46500000000003,332.5620214636129,300.36797853638717,0.10173018478260067,0.2608695652173999,7.072499999999996,639660.15,False,False,True,49.63
2025-11-19,JYOTHYLAB,EQ,309.25,309.85,307.1,308.2,309.55,186352,2.75,2.75,5.90714285714286,311.64,314.90999999999997,317.432,314.90999999999997,322.94869392376506,306.8713060762349,0.05105391333247655,0.3999999999999876,5.782499999999999,290398.35,False,False,True,67.11
2025-11-19,JYOTICNC,EQ,982.0,995.0,970.0,976.9,982.45,269197,25.0,25.0,42.00000000000001,951.9,925.325,917.6840000000001,925.325,1001.947284617466,848.702715382534,0.16561161671297325,0.2759999999999991,34.297500000000014,902471.25,False,False,False,32.81
2025-11-19,JYOTIGLOBL,SM,58.0,58.0,58.0,58.0,58.0,4000,0.0,0.0,3.4892857142857143,57.879999999999995,58.955,58.348,58.955,65.45353060314409,52.45646939685591,0.22045731840027444,0.5,2.8350000000000004,40300.0,False,False,True,100.0
2025-11-19,JYOTISTRUC,EQ,12.67,12.67,11.91,12.01,12.42,9206512,0.7599999999999998,0.7599999999999998,0.7807142857142857,11.862,12.705000000000002,14.381200000000002,12.705000000000002,14.646344894654208,10.763655105345796,0.30560328920176394,0.13157894736842063,0.6855,10232113.65,False,False,False,38.76
2025-11-19,K2INFRA,SM,67.75,67.75,67.75,67.75,64.55,36600,0.0,3.200000000000003,3.032142857142857,58.25,58.532500000000006,62.643,58.532500000000006,66.14329989225809,50.92170010774193,0.26005381257448695,0.5,2.3549999999999995,30900.0,False,False,True,100.0
2025-11-19,KABRAEXTRU,EQ,235.85,240.0,230.0,233.64,233.53,70940,10.0,10.0,8.751428571428567,229.118,236.6415,254.7276,236.6415,255.7626519265971,217.52034807340291,0.16160438407123934,0.36399999999999866,7.655499999999998,42825.4,False,False,False,48.97
2025-11-19,KAJARIACER,EQ,1104.9,1114.9,1084.0,1086.9,1104.4,205319,30.90000000000009,30.90000000000009,25.407142857142862,1120.72,1169.895,1198.096,1169.895,1273.6327939807873,1066.1572060192127,0.17734547798013886,0.09385113268608682,27.130000000000017,163072.95,False,False,False,56.49
2025-11-19,KAKATCEM,EQ,137.0,140.0,137.0,138.07,137.93,2751,3.0,3.0,4.111428571428568,139.859,142.309,146.78599999999997,142.309,147.97266630372835,136.64533369627165,0.07959674094721132,0.3566666666666644,5.074999999999998,3616.5,False,False,True,43.77
2025-11-19,KALAMANDIR,EQ,168.17,176.54,168.0,170.24,175.59,1642063,8.539999999999992,8.539999999999992,10.057857142857143,173.346,179.918,174.0036,179.918,197.0264839772551,162.8095160227449,0.19018090438149718,0.2622950819672144,9.296499999999998,6175098.3,False,False,False,41.07
2025-11-19,KALANA,SM,25.55,26.55,24.0,25.35,27.9,52000,2.5500000000000007,3.8999999999999986,1.2857142857142854,26.685000000000002,28.189999999999998,34.138000000000005,28.189999999999998,31.800900164779,24.579099835220994,0.2561830553230936,0.5294117647058828,0.9125,14100.0,False,False,False,61.54
2025-11-19,KALPATARU,EQ,368.85,370.85,363.05,364.2,364.85,13499,7.800000000000011,7.800000000000011,10.34999999999999,369.005,379.7275,382.468,379.7275,402.7520189960613,356.70298100393876,0.12126864130757588,0.1474358974358943,12.322499999999986,116313.9,False,False,False,55.03
2025-11-19,KALYANIFRG,EQ,698.55,718.7,681.2,689.75,694.15,544,37.5,37.5,38.846428571428575,693.23,714.4975000000001,708.7589999999999,714.4975000000001,771.3798037068649,657.6151962931352,0.15922324068835741,0.2279999999999988,35.832499999999996,2249.6,False,False,False,46.69
2025-11-19,KALYANKJIL,EQ,490.0,502.7,487.75,499.6,490.65,2396175,14.949999999999989,14.949999999999989,12.371428571428563,504.395,502.84,494.67699999999996,502.84,521.052512182569,484.627487817431,0.07243859749649585,0.7926421404682296,12.149999999999995,2909589.9,False,False,False,25.46
2025-11-19,KAMATHOTEL,EQ,239.0,245.4,235.6,239.55,239.1,86581,9.800000000000011,9.800000000000011,12.096428571428573,245.865,272.89,295.33099999999996,272.89,334.4326161289878,211.3473838710122,0.4510433957197977,0.4030612244897972,10.7375,131666.35,False,False,False,47.71
2025-11-19,KAMDHENU,EQ,27.08,27.26,26.5,26.77,27.09,1233344,0.7600000000000016,0.7600000000000016,0.9614285714285715,27.558999999999997,27.528000000000002,28.01,27.528000000000002,28.601547390663466,26.45445260933654,0.07799675898455855,0.35526315789473556,0.8895000000000003,959808.7,False,False,False,84.22
2025-11-19,KAMOPAINTS,EQ,7.6,7.6,7.25,7.27,7.5,467517,0.34999999999999964,0.34999999999999964,0.3185714285714284,7.819,7.95,8.508,7.95,8.39859781542051,7.50140218457949,0.1128547963322038,0.05714285714285598,0.2824999999999999,539584.45,False,False,False,65.61
2025-11-19,KANANIIND,EQ,1.82,1.84,1.79,1.8,1.81,151617,0.050000000000000044,0.050000000000000044,0.05857142857142857,1.8199999999999998,1.8645,1.9173999999999998,1.8645,1.9679359705325068,1.7610640294674933,0.11095303891928855,0.2,0.05350000000000001,184342.65,False,False,False,72.57
2025-11-19,KANDARP,ST,118.85,118.85,118.85,118.85,121.25,21000,0.0,2.4000000000000057,2.742857142857144,117.72999999999999,109.23500000000001,109.12299999999999,109.23500000000001,131.10518747061855,87.36481252938148,0.4004245428776222,0.5,0.9525000000000006,59400.0,False,True,True,100.0
2025-11-19,KANORICHEM,EQ,76.44,77.28,75.61,76.26,76.44,1476,1.6700000000000017,1.6700000000000017,2.902857142857144,77.351,78.34100000000001,80.586,78.34100000000001,81.14311991178087,75.53888008821914,0.07153648566602068,0.38922155688623056,2.6960000000000006,19654.85,False,False,False,56.84
2025-11-19,KANPRPLA,EQ,203.59,203.59,198.44,199.82,201.54,13431,5.150000000000006,5.150000000000006,10.641428571428573,205.28400000000002,205.83249999999998,212.93759999999997,205.83249999999998,212.87389439315834,198.79110560684163,0.06841868405774945,0.2679611650485425,10.475000000000001,12663.4,False,False,False,63.32
2025-11-19,KANSAINER,EQ,246.97,246.97,243.5,244.87,246.97,449944,3.469999999999999,3.469999999999999,5.177857142857142,246.959,249.82250000000005,248.1216,249.82250000000005,257.034617234211,242.61038276578907,0.05773793180526945,0.3948126801152752,5.362499999999997,522374.65,False,False,True,75.35
2025-11-19,KAPSTON,EQ,338.0,356.75,336.6,344.95,334.9,67740,20.149999999999977,21.850000000000023,16.687857142857133,312.79499999999996,294.95099999999996,266.5224,294.95099999999996,344.9485358992823,244.9534641007176,0.33902265731787556,0.4143920595533486,16.798999999999985,43668.35,True,True,False,41.2
2025-11-19,KARMAENG,BE,52.92,54.99,52.92,53.77,54.0,1524,2.0700000000000003,2.0700000000000003,2.7264285714285736,53.782000000000004,55.7255,56.52080000000001,55.7255,60.01150734950366,51.439492650496334,0.15382571172994997,0.41062801932367216,3.1560000000000015,4579.15,False,False,False,
2025-11-19,KARNIKA,ST,144.0,144.0,144.0,144.0,144.9,5000,0.0,0.9000000000000057,8.896428571428576,146.88,160.6975,173.23699999999997,160.6975,192.22990357156044,129.16509642843954,0.39244423306598364,0.5,7.792500000000001,59100.0,False,False,True,100.0
2025-11-19,KARURVYSYA,EQ,253.31,254.0,250.7,253.7,253.39,994533,3.3000000000000114,3.3000000000000114,4.939999999999996,250.24499999999998,247.0375,227.29460000000003,247.0375,258.4123826367556,235.66261736324438,0.09209033152258747,0.909090909090906,5.962499999999997,2169140.7,False,False,True,60.82
2025-11-19,KATARIA,SM,95.5,95.5,95.05,95.05,95.65,1200,0.45000000000000284,0.6000000000000085,1.9071428571428595,97.485,98.3475,101.376,98.3475,102.25460570627392,94.44039429372607,0.07945510981517424,0.0,2.077500000000002,15900.0,False,False,False,50.0
2025-11-19,KAUSHALYA,BE,951.0,961.0,951.0,961.0,963.1,133,10.0,12.100000000000023,36.064285714285724,987.97,1002.3650000000001,1141.134,1002.3650000000001,1042.414483142725,962.3155168572752,0.07990997918467804,1.0,37.50000000000001,219.0,False,False,True,
2025-11-19,KAVDEFENCE,BE,101.8,101.8,101.8,101.8,103.88,9627,0.0,2.0799999999999983,4.666428571428574,103.33,107.631,112.971,107.631,125.19857228532122,90.06342771467878,0.3264407519268839,0.5,4.3450000000000015,175857.6,False,False,True,
2025-11-19,KAYA,EQ,395.4,410.0,393.5,399.65,410.75,18001,16.5,17.25,19.25,416.12,427.125,434.606,427.125,455.4919790425422,398.7580209574578,0.13282752844034978,0.37272727272727135,14.044999999999998,8976.45,False,False,False,77.01
2025-11-19,KAYNES,EQ,5889.0,5996.5,5778.5,5974.0,5889.0,702111,218.0,218.0,228.21428571428572,6319.65,6567.025,6914.79,6567.025,7169.983081047107,5964.066918952893,0.1836320346114434,0.8967889908256881,204.65,580321.9,False,False,False,26.75
2025-11-19,KAYTEX,SM,88.75,90.45,88.75,89.4,87.0,16000,1.7000000000000028,3.450000000000003,5.085714285714287,87.78,87.91999999999999,97.49700000000001,87.91999999999999,97.6535707733594,78.18642922664057,0.22141880740126066,0.3823529411764733,4.807500000000001,15040.0,False,False,False,100.0
2025-11-19,KCEIL,SM,185.0,189.85,183.0,185.7,190.5,31000,6.849999999999994,7.5,9.835714285714285,187.685,208.6275,219.79800000000003,208.6275,256.1918193475959,161.0631806524041,0.45597363096999116,0.3941605839416045,8.782500000000002,80000.0,False,False,False,69.35
2025-11-19,KCK,ST,26.9,28.95,26.9,27.9,28.3,70000,2.0500000000000007,2.0500000000000007,1.7321428571428572,28.18,31.47,35.505,31.47,38.71399061291494,24.226009387085057,0.4603743637060656,0.4878048780487803,1.7124999999999992,209750.0,False,False,False,85.71
2025-11-19,KCP,EQ,183.8,184.0,180.0,180.57,181.36,112155,4.0,4.0,6.129285714285719,193.498,196.492,198.66620000000003,196.492,210.75756917897084,182.22643082102914,0.1452025444188145,0.1424999999999983,5.636000000000003,196944.5,False,False,True,61.28
2025-11-19,KCPSUGIND,EQ,27.93,28.02,27.57,28.0,27.53,82868,0.4499999999999993,0.48999999999999844,0.843571428571428,28.583999999999996,29.8555,31.15,29.8555,32.876608902373434,26.83439109762656,0.2023820671148322,0.9555555555555564,0.8174999999999993,89056.35,False,False,False,76.57
2025-11-19,KDDL,EQ,2420.0,2541.4,2275.8,2527.7,2484.9,65825,265.5999999999999,265.5999999999999,85.65714285714297,2500.62,2506.6150000000002,2544.624,2506.6150000000002,2593.950199661986,2419.2798003380144,0.06968377645708321,0.9484186746987942,80.53500000000008,16122.95,False,False,False,48.29
2025-11-19,KDL,SM,186.0,188.7,183.15,188.7,179.75,23250,5.549999999999983,8.949999999999989,10.88928571428571,177.60999999999999,178.52,204.12600000000003,178.52,195.1270888478466,161.9129111521534,0.18605297835364773,1.0,10.417499999999999,35362.5,False,False,False,77.42
2025-11-19,KEC,EQ,747.65,747.65,697.4,710.35,781.7,8337682,50.25,84.30000000000007,28.67500000000001,773.75,806.2975,840.84,806.2975,886.272811659287,726.3221883407131,0.19837668269909542,0.25771144278607055,22.22,1241383.7,False,False,False,35.3
2025-11-19,KECL,EQ,113.5,113.61,112.0,112.84,112.68,87266,1.6099999999999994,1.6099999999999994,3.1100000000000017,114.602,116.99000000000001,118.33879999999999,116.99000000000001,122.64089373462363,111.33910626537639,0.09660473091073804,0.5217391304347849,3.0890000000000013,169789.5,False,False,True,45.86
2025-11-19,KEEPLEARN,EQ,2.8,2.8,2.34,2.5,2.61,404876,0.45999999999999996,0.45999999999999996,0.24571428571428575,2.696,2.7855,2.7914,2.7855,3.0165389577538853,2.5544610422461145,0.16588688404515198,0.34782608695652206,0.25499999999999995,64778.3,False,False,False,61.92
2025-11-19,KEI,EQ,4125.9,4149.9,4093.1,4119.1,4125.9,57883,56.79999999999973,56.79999999999973,66.87857142857135,4070.8299999999995,4085.6700000000005,4123.968,4085.6700000000005,4195.854265664385,3975.485734335616,0.05393693845287768,0.45774647887324965,76.47499999999994,188472.2,False,False,False,38.4
2025-11-19,KEL,SM,109.0,113.9,105.25,112.95,102.0,52800,8.650000000000006,11.900000000000006,8.053571428571429,106.665,99.53,97.795,99.53,117.25612196731142,81.80387803268859,0.3561965631932365,0.890173410404624,5.65,23220.0,False,False,False,70.45
2025-11-19,KELLTONTEC,EQ,20.24,20.75,19.93,20.58,20.24,3157255,0.8200000000000003,0.8200000000000003,0.9164285714285708,21.022,21.273,23.5218,21.273,22.978263615977248,19.56773638402275,0.1603218742986178,0.7926829268292663,0.9834999999999994,5830037.65,False,False,False,49.84
2025-11-19,KEN,SM,48.0,49.0,47.5,47.75,47.05,93600,1.5,1.9500000000000028,2.0392857142857146,47.325,47.13,47.882,47.13,48.42745905523041,45.8325409447696,0.05505873351285402,0.16666666666666666,1.8000000000000003,19080.0,False,False,False,91.03
2025-11-19,KERNEX,EQ,1320.6,1376.0,1315.0,1348.0,1317.8,273132,61.0,61.0,66.24285714285713,1301.7900000000002,1291.955,1194.756,1291.955,1370.7016437379898,1213.20835626201,0.12190307516591503,0.5409836065573771,62.52,200772.55,False,False,False,44.65
2025-11-19,KESORAMIND,EQ,4.9,4.9,4.55,4.69,4.86,585617,0.35000000000000053,0.35000000000000053,0.14928571428571452,4.987,5.093,5.3262,5.093,5.376626514980517,4.809373485019483,0.11137895738484856,0.400000000000001,0.16500000000000017,631392.9,False,False,False,60.32
2025-11-19,KEYFINSERV,EQ,306.45,321.45,306.45,310.9,305.75,5708,15.0,15.699999999999989,28.072142857142858,338.87,306.864,277.9936,306.864,382.5640532100209,231.16394678997904,0.4933785208432462,0.2966666666666659,23.9475,41993.4,False,False,False,32.99
2025-11-19,KFINTECH,EQ,1091.9,1093.3,1072.2,1081.9,1089.0,461199,21.09999999999991,21.09999999999991,32.52857142857145,1083.4199999999998,1108.94,1097.428,1108.94,1171.238648460456,1046.641351539544,0.11235711302767684,0.4597156398104307,29.64500000000004,848082.25,False,False,False,41.53
2025-11-19,KHADIM,EQ,220.34,221.25,217.4,218.31,218.87,9253,3.8499999999999943,3.8499999999999943,8.690000000000001,227.01200000000003,238.57600000000002,249.13459999999998,238.57600000000002,264.982356356,212.16964364400002,0.2213664103346523,0.23636363636363583,7.646000000000001,22414.45,False,False,True,71.77
2025-11-19,KHAICHEM,EQ,91.52,93.99,90.61,92.43,91.38,192286,3.3799999999999955,3.3799999999999955,6.747142857142857,96.85,108.7055,118.8636,108.7055,135.65857290458734,81.75242709541264,0.4958916136642093,0.5384615384615413,6.195500000000001,824212.9,False,False,False,46.17
2025-11-19,KHAITANLTD,EQ,104.0,106.6,100.75,104.32,102.54,2126,5.849999999999994,5.849999999999994,5.432857142857141,110.968,118.708,123.95480000000002,118.708,137.21097878721142,100.20502121278858,0.31173937371047306,0.6102564102564096,6.626499999999998,4456.6,False,False,False,68.96
2025-11-19,KHANDSE,EQ,21.86,22.2,21.75,22.01,22.07,9967,0.4499999999999993,0.4499999999999993,1.574285714285714,22.463,22.512,23.106199999999998,22.512,23.798477360857973,21.225522639142028,0.11429258714090018,0.5777777777777822,1.4784999999999995,22985.95,False,False,True,97.65
2025-11-19,KHFM,SM,68.25,71.75,68.25,70.0,71.95,7750,3.5,3.700000000000003,4.164285714285716,71.0,71.3625,73.73400000000001,71.3625,75.02376685725005,67.70123314274994,0.10261038661061637,0.5,3.1350000000000007,8292.5,False,False,False,80.0
2025-11-19,KICL,EQ,5000.0,5175.0,4996.5,5148.0,5060.0,2725,178.5,178.5,234.78571428571422,5090.45,5480.035,5174.556,5480.035,6379.31775925874,4580.75224074126,0.3282032904018825,0.8487394957983193,253.70499999999998,11651.5,False,False,False,69.61
2025-11-19,KILITCH,EQ,355.0,360.0,354.0,355.35,355.45,14942,6.0,6.0,19.664285714285707,366.09499999999997,374.1875,364.07,374.1875,401.6734941606613,346.7015058393387,0.14691027445150506,0.22500000000000378,20.067499999999992,67308.95,False,False,True,59.39
2025-11-19,KIMS,EQ,672.25,672.25,653.65,663.75,668.2,360581,18.600000000000023,18.600000000000023,21.05357142857142,684.6899999999999,703.92,718.3380000000001,703.92,752.2068657090108,655.6331342909891,0.13719418601264588,0.5430107526881726,18.77999999999999,327066.35,False,False,False,55.95
2025-11-19,KINGFA,BE,4200.0,4375.0,4180.0,4197.2,4178.0,4002,195.0,197.0,163.04999999999993,4366.66,4489.879999999999,4488.704000000001,4489.879999999999,4818.776777728205,4160.983222271793,0.14650582096991724,0.08820512820512727,167.89499999999992,3931.0,False,False,False,
2025-11-19,KIOCL,BE,351.4,374.0,342.5,371.0,358.8,69354,31.5,31.5,19.989285714285717,387.565,414.055,446.46600000000007,414.055,473.1924069434888,354.91759305651124,0.28565000757623393,0.9047619047619048,18.964999999999996,90262.3,False,False,False,
2025-11-19,KIRIINDUS,EQ,535.0,560.0,534.7,547.0,532.75,361993,25.299999999999955,27.25,16.171428571428596,531.37,549.575,565.736,549.575,592.4904459373315,506.6595540626686,0.1561768491555528,0.4861660079051374,15.34500000000001,229634.2,False,False,False,46.62
2025-11-19,KIRLOSBROS,EQ,1743.0,1758.0,1734.7,1752.0,1744.7,28053,23.299999999999955,23.299999999999955,57.86428571428569,1755.1200000000001,1842.0050000000003,1928.806,1842.0050000000003,2033.3387238962343,1650.6712761037663,0.20774506464014372,0.7424892703862656,52.49000000000001,51117.8,False,False,True,46.61
2025-11-19,KIRLOSENG,EQ,1145.0,1185.5,1136.6,1177.2,1141.6,1203236,48.90000000000009,48.90000000000009,47.707142857142856,1056.795,1000.6075000000001,943.5169999999999,1000.6075000000001,1173.8506449581766,827.3643550418235,0.34627592729052414,0.8302658486707579,37.769999999999996,1191652.4,True,True,False,36.78
2025-11-19,KIRLOSIND,EQ,3665.0,3773.3,3612.7,3733.7,3662.7,3091,160.60000000000036,160.60000000000036,120.89285714285721,3687.53,3780.96,3886.954,3780.96,3988.229953442369,3573.690046557631,0.10963879725909247,0.7534246575342449,108.39000000000006,6291.95,False,False,False,54.45
2025-11-19,KIRLPNU,EQ,1129.3,1141.1,1116.1,1131.6,1124.3,35974,25.0,25.0,43.42142857142858,1099.83,1129.35,1186.928,1129.35,1203.1641043432642,1055.5358956567356,0.13071962517069866,0.62,39.08,92552.95,False,False,False,69.64
2025-11-19,KITEX,EQ,213.3,216.8,211.55,214.17,212.86,1044963,5.25,5.25,8.57071428571428,206.696,205.81150000000002,198.5936,205.81150000000002,225.1982751573078,186.42472484269226,0.18839350723655154,0.4990476190476145,9.506999999999998,2447357.7,False,False,False,34.2
2025-11-19,KKCL,EQ,506.0,538.65,506.0,529.25,507.4,87969,32.64999999999998,32.64999999999998,21.592857142857145,516.7650000000001,522.4275,537.617,522.4275,541.0170259487695,503.8379740512305,0.07116595488855203,0.7120980091883619,19.919999999999998,27204.15,False,False,False,26.98
2025-11-19,KKJEWELS,SM,90.95,90.95,89.2,90.45,91.15,9000,1.75,1.9500000000000028,4.710714285714286,95.935,96.46,95.806,96.46,107.05785827419845,85.86214172580154,0.21973581327386396,0.7142857142857143,3.7424999999999997,26650.0,False,False,False,88.89
2025-11-19,KKVAPOW,SM,592.2,592.2,592.2,592.2,564.0,171,0.0,28.200000000000045,36.010714285714286,620.76,,,,,,,0.5,,,False,False,True,100.0
2025-11-19,KLL,SM,42.0,43.0,41.5,41.85,41.85,69600,1.5,1.5,3.7464285714285714,45.21,50.285000000000004,58.971,50.285000000000004,61.50177761213073,39.06822238786928,0.44612817389403303,0.23333333333333428,3.5525000000000007,47880.0,False,False,False,89.66
2025-11-19,KMEW,EQ,2687.1,2859.5,2687.1,2813.2,2710.0,104469,172.4000000000001,172.4000000000001,165.42857142857147,2741.39,2522.17,2362.972,2522.17,2982.8633821968815,2061.4766178031186,0.36531509152585384,0.7314385150812056,148.09000000000006,88322.6,False,False,False,26.86
2025-11-19,KMSUGAR,EQ,27.7,28.04,27.7,27.85,27.93,84876,0.33999999999999986,0.33999999999999986,0.9457142857142858,27.7,27.762999999999998,28.037799999999997,27.762999999999998,28.19437454723239,27.331625452767607,0.031075499566501526,0.4411764705882417,0.8290000000000001,135019.0,False,False,True,69.57
2025-11-19,KNAGRI,SM,206.0,210.0,200.0,208.15,203.9,32000,10.0,10.0,8.560714285714282,218.64000000000001,227.16749999999996,219.97,227.16749999999996,249.04758855100906,205.28741144899087,0.19263396877642355,0.8150000000000006,9.992499999999996,21720.0,False,False,False,67.5
2025-11-19,KNRCON,EQ,169.99,169.99,167.55,168.19,170.38,752092,2.4399999999999977,2.829999999999984,4.644999999999996,174.18,180.719,190.76440000000002,180.719,195.75492883728842,165.68307116271157,0.16640119563840464,0.26229508196720774,3.995499999999997,1012089.6,False,False,False,42.4
2025-11-19,KODYTECH,SM,759.0,765.0,742.25,743.7,765.15,8400,22.75,22.899999999999977,40.35714285714285,723.675,663.215,681.697,663.215,793.0112445527609,533.4187554472392,0.39141528630311695,0.06373626373626573,32.989999999999995,16235.0,False,True,False,83.33
2025-11-19,KOHINOOR,EQ,30.4,30.4,29.31,29.57,29.8,52977,1.0899999999999999,1.0899999999999999,1.4357142857142855,30.452000000000005,31.296499999999998,32.6628,31.296499999999998,33.403490982420095,29.1895090175799,0.1346470680376462,0.23853211009174458,1.3734999999999997,61968.4,False,False,False,63.15
2025-11-19,KOKUYOCMLN,EQ,98.45,100.0,96.5,97.17,98.48,44650,3.5,3.5,3.0721428571428575,99.946,101.1955,107.0256,101.1955,105.22937394448469,97.1616260555153,0.07972437399854138,0.19142857142857192,3.127499999999999,41315.1,False,False,False,69.35
2025-11-19,KOLTEPATIL,EQ,406.1,408.95,399.1,401.55,409.3,61761,9.849999999999966,10.199999999999989,11.492857142857146,414.2,423.80999999999995,438.397,423.80999999999995,446.60630671841363,401.01369328158626,0.10757795577458622,0.2487309644670048,10.282499999999999,46688.7,False,False,False,55.76
2025-11-19,KONSTELEC,SM,61.1,61.1,56.2,56.2,59.0,13000,4.899999999999999,4.899999999999999,2.492857142857141,60.89000000000001,64.3,62.656000000000006,64.3,73.69824451692972,54.90175548307027,0.29232486833373955,0.0,1.8475000000000001,9750.0,False,False,False,92.31
2025-11-19,KONTOR,SM,66.1,66.1,65.0,65.0,63.1,14400,1.0999999999999943,2.999999999999993,4.425000000000001,68.355,70.26,70.996,70.26,79.00600480219396,61.513995197806054,0.24896113869040565,0.0,3.6774999999999998,11670.0,False,False,False,87.5
2025-11-19,KOPRAN,EQ,137.0,137.0,131.1,132.85,135.87,309486,5.900000000000006,5.900000000000006,5.239285714285712,148.991,158.07049999999998,168.4884,158.07049999999998,182.12280756081407,134.0181924391859,0.3043237993276935,0.29661016949152513,4.825499999999996,188666.15,False,False,False,52.13
2025-11-19,KORE,ST,181.0,187.1,178.05,187.1,181.0,2750,9.049999999999983,9.049999999999983,10.732142857142856,182.755,169.2525,162.41899999999998,169.2525,205.72193206303038,132.78306793696962,0.43094704140890544,1.0,8.575,10500.0,False,True,False,100.0
2025-11-19,KOTAKBANK,EQ,2099.5,2110.0,2089.5,2105.9,2093.1,2492900,20.5,20.5,28.135714285714325,2090.07,2131.46,2081.652,2131.46,2230.4319637069025,2032.4880362930974,0.09286776548178484,0.8000000000000045,33.33000000000004,2742317.1,False,False,False,80.68
2025-11-19,KOTARISUG,EQ,29.44,29.83,29.29,29.6,29.44,23877,0.5399999999999991,0.5399999999999991,0.8857142857142851,29.929999999999996,30.579500000000003,31.0884,30.579500000000003,32.12169940344981,29.0373005965502,0.1008649195343158,0.5740740740740792,0.9284999999999997,40699.55,False,False,False,62.05
2025-11-19,KOTHARIPET,EQ,144.5,144.5,140.81,141.65,143.14,55407,3.6899999999999977,3.6899999999999977,4.784285714285708,143.977,143.022,146.7234,143.022,146.93645832778626,139.10754167221373,0.0547392474973957,0.2276422764227653,4.196499999999998,39684.75,False,False,False,44.11
2025-11-19,KOTHARIPRO,EQ,85.2,85.2,83.2,83.84,83.96,8478,2.0,2.0,3.0707142857142884,86.68599999999999,88.669,87.5208,88.669,94.01242175015201,83.32557824984798,0.12052513843963546,0.3200000000000003,3.2295000000000016,28968.75,False,False,False,49.07
2025-11-19,KOTYARK,ST,235.6,243.3,235.6,242.15,233.25,4200,7.700000000000017,10.050000000000011,10.05357142857143,263.94,276.4875,294.87100000000004,276.4875,312.99099127138436,239.98400872861566,0.2640516571012024,0.8506493506493502,8.809999999999999,6505.0,False,False,False,95.24
2025-11-19,KPEL,EQ,409.65,424.95,403.0,408.4,393.65,1549208,21.94999999999999,31.30000000000001,14.264285714285705,413.27,415.64750000000004,413.74699999999996,415.64750000000004,443.27620744352475,388.0187925564753,0.13294297424391927,0.2460136674259672,12.627499999999992,289630.95,False,False,False,18.89
2025-11-19,KPIGREEN,EQ,463.1,467.95,461.5,462.35,464.2,458770,6.449999999999989,6.449999999999989,14.510714285714275,483.41999999999996,499.34499999999997,477.60400000000004,499.34499999999997,549.5623963881043,449.1276036118957,0.201133069873952,0.13178294573643787,15.029999999999998,891624.75,False,False,True,37.99
2025-11-19,KPIL,EQ,1213.7,1245.0,1210.4,1233.5,1213.7,509885,34.59999999999991,34.59999999999991,34.642857142857096,1260.2900000000002,1259.8600000000001,1261.15,1259.8600000000001,1303.8195450385883,1215.900454961412,0.06978480948452717,0.6676300578034673,33.11499999999997,254188.45,False,False,False,69.37
2025-11-19,KPITTECH,EQ,1190.0,1218.9,1190.0,1203.1,1195.1,883112,28.90000000000009,28.90000000000009,31.735714285714298,1203.94,1187.625,1203.0259999999998,1187.625,1246.409993833462,1128.840006166538,0.09899588478427461,0.45328719723182936,28.025000000000023,740697.45,False,False,False,53.18
2025-11-19,KPRMILL,EQ,1126.9,1138.0,1099.1,1109.7,1121.6,382035,38.90000000000009,38.90000000000009,42.014285714285684,1084.9599999999998,1071.565,1058.258,1071.565,1123.1207668937177,1020.0092331062824,0.09622517886216449,0.27249357326478435,39.489999999999995,392021.4,False,False,False,49.13
2025-11-19,KRBL,EQ,428.0,434.05,424.1,428.35,428.35,761607,9.949999999999989,9.949999999999989,15.082142857142843,398.725,389.15500000000003,388.865,389.15500000000003,428.438863099242,349.8711369007581,0.2018931433451553,0.42713567839196026,12.617499999999989,1480565.5,False,False,False,26.12
2025-11-19,KREBSBIO,EQ,67.02,68.0,66.3,66.37,67.12,656,1.7000000000000028,1.7000000000000028,2.480714285714285,67.895,68.842,71.7316,68.842,71.35212828357406,66.33187171642594,0.07292432769454874,0.041176470588239575,2.751,6944.9,False,False,True,73.02
2025-11-19,KRIDHANINF,EQ,3.83,3.83,3.7,3.73,3.71,62685,0.1299999999999999,0.1299999999999999,0.18642857142857142,3.6049999999999995,3.6795,3.8097999999999996,3.6795,3.8682299658241712,3.4907700341758288,0.10258457172125084,0.23076923076922945,0.172,36075.25,False,False,True,78.26
2025-11-19,KRISHANA,EQ,525.95,542.0,513.8,523.1,521.7,119074,28.200000000000045,28.200000000000045,16.23214285714286,515.235,524.88,532.88,524.88,574.654063527102,475.105936472898,0.18965883069311848,0.32978723404255506,19.412500000000005,142671.65,False,False,False,34.74
2025-11-19,KRISHCA,SM,188.0,188.1,178.0,179.0,191.2,35500,10.099999999999994,13.199999999999989,8.228571428571428,191.82999999999998,199.47750000000002,207.386,199.47750000000002,218.30350528524158,180.65149471475846,0.18875317051037396,0.09900990099009907,7.760000000000001,15775.0,False,False,False,74.65
2025-11-19,KRISHIVAL,EQ,414.6,458.15,414.55,455.95,436.35,35413,43.599999999999966,43.599999999999966,15.171428571428558,477.14,486.175,472.806,486.175,519.8383108888568,452.5116891111433,0.13848227855754297,0.9495412844036699,13.829999999999988,44679.35,False,False,False,35.65
2025-11-19,KRISHNADEF,SM,795.05,820.0,780.0,803.8,802.95,45000,40.0,40.0,33.62857142857144,799.26,795.7750000000001,801.335,795.7750000000001,827.8515256846821,763.6984743153181,0.08061707312916841,0.5949999999999989,30.490000000000002,35037.5,False,True,False,65.56
2025-11-19,KRITI,EQ,94.8,99.99,93.1,97.37,95.34,29809,6.890000000000001,6.890000000000001,6.88642857142857,103.40599999999999,110.6345,123.64399999999999,110.6345,128.43498030250808,92.83401969749194,0.32178895918557177,0.619738751814225,6.127499999999999,24660.45,False,False,False,46.13
2025-11-19,KRITIKA,EQ,7.97,8.07,7.96,7.96,7.97,92920,0.11000000000000032,0.11000000000000032,0.17428571428571443,8.075,8.262,8.6522,8.262,8.673805779463997,7.850194220536003,0.0996867052684573,0.0,0.18600000000000017,172254.45,False,False,False,93.41
2025-11-19,KRITINUT,EQ,85.71,86.26,84.12,85.33,85.65,20017,2.1400000000000006,2.1400000000000006,3.5228571428571422,87.628,87.7865,91.7332,87.7865,90.94763444826368,84.62536555173632,0.07201869190054691,0.5654205607476605,3.2715000000000005,36403.65,False,False,True,62.04
2025-11-19,KRN,EQ,829.0,874.9,829.0,866.35,812.1,2443871,45.89999999999998,62.799999999999955,28.582142857142863,810.3399999999999,814.7,836.536,814.7,861.1224299234729,768.2775700765272,0.1139620226426238,0.8137254901960793,27.075,396565.8,False,False,False,24.71
2025-11-19,KRONOX,EQ,145.5,147.9,144.5,145.13,146.35,63675,3.4000000000000057,3.4000000000000057,4.013571428571426,147.51299999999998,149.562,157.1978,149.562,155.21645169755698,143.90754830244305,0.07561348066429928,0.18529411764705717,4.253999999999998,62142.4,False,False,False,48.08
2025-11-19,KROSS,EQ,171.5,171.5,163.72,164.48,169.25,302518,7.780000000000001,7.780000000000001,5.299285714285721,175.524,179.384,195.6138,179.384,190.79908195327477,167.9689180467252,0.1272697894268695,0.09768637532133558,4.996500000000003,217104.1,False,False,False,59.98
2025-11-19,KRSNAA,EQ,810.05,825.0,802.35,821.45,813.8,45197,22.649999999999977,22.649999999999977,31.95714285714285,801.735,797.0525,812.5939999999999,797.0525,835.3732838515863,758.7317161484137,0.09615623525824528,0.8432671081677723,29.19749999999999,227379.25,False,False,False,53.43
2025-11-19,KRT,RR,119.5,119.5,118.02,118.91,119.07,520033,1.480000000000004,1.480000000000004,2.482142857142858,118.69500000000001,117.20899999999999,114.80859999999998,117.20899999999999,120.84036282957298,113.577637170427,0.061963890649574575,0.6013513513513501,2.3480000000000003,543706.55,False,True,True,95.14
2025-11-19,KRYSTAL,EQ,526.35,539.4,519.0,529.95,523.3,10367,20.399999999999977,20.399999999999977,23.98214285714285,545.38,571.2549999999999,610.159,571.2549999999999,630.6364272310785,511.87357276892124,0.20789814437012774,0.5367647058823558,20.912499999999994,19406.1,False,False,False,50.75
2025-11-19,KSB,EQ,743.5,745.15,723.0,724.3,739.6,53697,22.149999999999977,22.149999999999977,20.37857142857144,755.4100000000001,778.3549999999999,805.3090000000001,778.3549999999999,829.3542539161114,727.3557460838884,0.13104368550625733,0.05869074492099124,19.755000000000006,61454.5,False,False,False,67.66
2025-11-19,KSCL,EQ,1064.5,1081.6,985.0,1003.3,1062.4,453881,96.59999999999991,96.59999999999991,41.835714285714296,1034.23,1043.4299999999998,1086.192,1043.4299999999998,1093.6551371327052,993.2048628672943,0.09626929862608029,0.1894409937888196,34.60500000000001,108350.4,False,False,False,35.04
2025-11-19,KSHITIJPOL,EQ,2.81,2.87,2.78,2.8,2.8,119642,0.0900000000000003,0.0900000000000003,0.10357142857142858,2.818,2.846,2.9532,2.846,2.93463407922464,2.75736592077536,0.06228677387536195,0.22222222222222168,0.11250000000000004,161186.75,False,False,False,68.54
2025-11-19,KSL,EQ,806.4,806.4,782.0,787.1,800.35,20484,24.399999999999977,24.399999999999977,23.957142857142856,809.8549999999999,825.3799999999999,813.908,825.3799999999999,868.6953944920261,782.0646055079736,0.10495867234976923,0.20901639344262407,22.80750000000001,39699.95,False,False,False,64.46
2025-11-19,KSOLVES,EQ,313.9,313.9,308.1,310.05,311.2,20382,5.7999999999999545,5.7999999999999545,6.717857142857135,312.59000000000003,316.5575,318.96,316.5575,327.45622813680455,305.65877186319545,0.06885781026704185,0.3362068965517248,6.507499999999993,33809.05,False,False,False,56.13
2025-11-19,KTKBANK,EQ,175.9,176.89,174.17,176.2,174.68,1120922,2.719999999999999,2.719999999999999,4.092857142857143,177.21999999999997,178.825,176.22080000000003,178.825,185.32577072353706,172.32422927646292,0.07270539044917738,0.7463235294117654,4.275000000000003,1588034.4,False,False,False,54.96
2025-11-19,KUANTUM,EQ,102.5,103.93,101.8,102.17,102.99,29911,2.1300000000000097,2.1300000000000097,2.711428571428572,103.02799999999999,105.5325,108.1892,105.5325,110.7249825469138,100.3400174530862,0.09840537364155676,0.17370892018779477,2.528000000000001,35593.35,False,False,False,70.2
2025-11-19,LAGNAM,EQ,68.01,69.95,67.0,67.36,68.61,17461,2.950000000000003,2.950000000000003,4.069285714285715,73.946,77.917,81.6212,77.917,87.54392702787317,68.29007297212684,0.24710723020324615,0.12203389830508443,3.7629999999999995,16038.25,False,False,False,76.55
2025-11-19,LAKPRE,BZ,5.01,5.01,5.0,5.0,5.22,1230,0.009999999999999787,0.21999999999999975,0.335,5.393,5.3865,5.638999999999999,5.3865,5.834619403730741,4.938380596269258,0.1663861148169466,0.0,0.282,2061.35,False,False,True,
2025-11-19,LAKSHYA,SM,123.1,128.2,123.0,124.6,126.15,13600,5.199999999999989,5.199999999999989,9.678571428571429,137.765,124.54,125.82599999999998,124.54,155.08207916956528,93.99792083043474,0.490478226586884,0.30769230769230727,7.474999999999999,33800.0,False,False,False,47.06
2025-11-19,LAL,EQ,9.89,9.9,9.35,9.43,9.84,78498,0.5500000000000007,0.5500000000000007,0.5364285714285714,9.911,10.142,10.6676,10.142,10.72442939486262,9.55957060513738,0.11485493884098211,0.1454545454545454,0.548,29185.35,False,False,False,63.14
2025-11-19,LALPATHLAB,EQ,3182.6,3309.2,3182.6,3208.1,3182.6,307690,126.59999999999991,126.59999999999991,82.11428571428577,3134.1699999999996,3120.18,3181.5820000000003,3120.18,3202.4166730844627,3037.943326915537,0.05271277495815167,0.20142180094786744,85.60000000000005,126845.15,False,False,False,24.48
2025-11-19,LAMBODHARA,EQ,138.4,139.9,135.1,138.08,136.34,45256,4.800000000000011,4.800000000000011,4.114285714285716,133.467,133.07150000000001,133.1906,133.07150000000001,136.7883119403597,129.35468805964032,0.055861877868058754,0.6208333333333357,4.214500000000004,29829.8,False,False,False,55.93
2025-11-19,LAMOSAIC,SM,38.0,38.0,36.3,36.85,37.0,19200,1.7000000000000028,1.7000000000000028,1.4928571428571449,39.155,40.7625,39.45,40.7625,44.92793815222365,36.59706184777635,0.20437599029616194,0.32352941176470784,1.5250000000000008,13710.0,False,False,False,56.25
2025-11-19,LANCORHOL,BE,29.99,31.45,29.5,29.68,29.96,132757,1.9499999999999993,1.9499999999999993,2.232857142857143,29.991000000000003,26.421000000000003,24.2678,26.421000000000003,33.977003970353664,18.864996029646345,0.5719695674163475,0.0923076923076922,1.8790000000000007,289432.4,False,False,False,
2025-11-19,LANDMARK,EQ,545.5,551.95,525.0,546.85,542.6,83060,26.950000000000045,26.950000000000045,23.81428571428572,581.85,604.595,614.448,604.595,667.697598203246,541.492401796754,0.20874336771969987,0.8107606679035245,24.25000000000001,97724.05,False,False,False,74.02
2025-11-19,LAOPALA,EQ,219.0,222.87,218.11,220.81,218.19,46365,4.759999999999991,4.759999999999991,5.074285714285717,224.98499999999999,228.11700000000002,238.017,228.11700000000002,237.08013806654674,219.1538619334533,0.07858369228550892,0.5672268907563012,4.773000000000003,42198.8,False,False,False,60.42
2025-11-19,LASA,BE,9.7,10.4,9.7,9.85,10.11,48214,0.7000000000000011,0.7000000000000011,0.6007142857142859,10.610999999999999,10.709,11.2372,10.709,11.669497787608089,9.74850221239191,0.17938141518500125,0.21428571428571447,0.6140000000000002,39948.15,False,False,False,
2025-11-19,LATENTVIEW,EQ,472.0,500.8,471.15,494.25,469.9,4694054,29.650000000000034,30.900000000000034,19.814285714285717,477.41499999999996,452.9,433.66900000000004,452.9,505.83701918317655,399.9629808168234,0.23376912865169608,0.7790893760539628,17.630000000000003,958360.8,True,True,False,13.81
2025-11-19,LATTEYS,BE,24.6,24.95,23.32,24.07,24.23,41627,1.629999999999999,1.629999999999999,1.536428571428571,26.308,27.718,23.657999999999998,27.718,32.894375565972766,22.541624434027234,0.37350281881613145,0.46012269938650335,2.1804999999999994,462237.1,False,False,False,
2025-11-19,LAURUSLABS,EQ,1010.0,1010.0,982.15,987.5,1006.9,1288996,27.850000000000023,27.850000000000023,22.85714285714285,995.125,967.1074999999998,916.31,967.1074999999998,1032.7858166273306,901.4291833726692,0.13582423179911382,0.1921005385996416,23.649999999999988,2435501.25,False,True,False,43.26
2025-11-19,LAWSIKHO,SM,127.0,132.65,127.0,128.6,128.2,14000,5.650000000000006,5.650000000000006,2.5071428571428576,136.39000000000001,137.98250000000002,141.86700000000002,137.98250000000002,144.67916148166327,131.28583851833676,0.09706537396645597,0.2831858407079633,2.5725000000000016,14025.0,False,False,False,82.14
2025-11-19,LAXMICOT,EQ,21.19,21.19,20.7,20.96,20.99,3218,0.490000000000002,0.490000000000002,0.7492857142857142,20.992,21.47,22.677200000000003,21.47,22.455636849960573,20.484363150039425,0.09181526315422212,0.5306122448979602,0.7210000000000001,15433.7,False,False,False,49.1
2025-11-19,LAXMIDENTL,EQ,304.45,305.65,292.0,293.0,303.45,208115,13.649999999999977,13.649999999999977,12.310714285714283,315.52000000000004,314.805,322.02299999999997,314.805,335.24894531395563,294.3610546860444,0.12988323129528198,0.07326007326007339,10.072499999999996,155017.65,False,False,False,56.73
2025-11-19,LAXMIINDIA,EQ,131.6,148.9,131.0,143.78,131.07,9706600,17.900000000000006,17.900000000000006,8.616428571428573,142.302,146.977,152.57,146.977,161.41684362796204,132.53715637203797,0.19649120104454484,0.7139664804469272,7.624,850495.05,False,False,False,8.43
2025-11-19,LCCINFOTEC,EQ,4.94,4.94,4.94,4.94,4.71,28338,0.0,0.23000000000000043,0.27285714285714296,4.301,4.303,4.4006,4.303,4.74608464202678,3.85991535797322,0.20594219940821754,0.5,0.25250000000000006,105827.4,False,False,True,100.0
2025-11-19,LEMERITE,SM,505.5,505.5,493.0,495.8,497.35,22400,12.5,12.5,14.53214285714286,493.11499999999995,485.4375,440.42199999999997,485.4375,510.5391508421262,460.3358491578738,0.10341867219621978,0.22400000000000092,16.044999999999998,46720.0,False,True,False,89.29
2025-11-19,LEMONTREE,EQ,155.89,155.9,150.1,150.98,155.12,3035709,5.800000000000011,5.800000000000011,4.214999999999997,159.259,162.7975,167.0902,162.7975,173.0219273678281,152.57307263217191,0.1256091447083413,0.1517241379310334,3.7069999999999994,2068040.35,False,False,False,59.19
2025-11-19,LENSKART,EQ,421.95,432.7,409.3,428.75,424.8,6471692,23.399999999999977,23.399999999999977,,,,,,,,,0.8311965811965815,,,False,False,False,22.64
2025-11-19,LEXUS,BE,28.5,29.0,27.26,27.99,28.69,19910,1.7399999999999984,1.7399999999999984,1.5607142857142855,28.828999999999997,30.211499999999994,28.897000000000002,30.211499999999994,35.22873539411895,25.194264605881038,0.33214076719917623,0.41954022988505607,2.0419999999999994,100889.8,False,False,False,
2025-11-19,LFIC,EQ,201.75,201.75,198.15,198.66,198.64,112,3.5999999999999943,3.5999999999999943,6.7435714285714266,200.35999999999999,203.903,207.07299999999998,203.903,215.35752242566278,192.4484775743372,0.11235266205659346,0.14166666666666436,6.8424999999999985,3156.0,False,False,False,71.43
2025-11-19,LGBBROSLTD,EQ,1826.4,1857.2,1784.5,1799.5,1824.6,46736,72.70000000000005,72.70000000000005,77.51428571428572,1819.4899999999998,1598.8300000000002,1465.2219999999998,1598.8300000000002,2044.0734709234919,1153.5865290765084,0.5569616168366764,0.20632737276478666,63.249999999999986,191551.15,False,True,False,38.85
2025-11-19,LGEINDIA,EQ,1650.0,1690.9,1642.0,1668.1,1624.1,2706977,48.90000000000009,66.80000000000018,42.964285714285744,1642.55,1651.0400000000002,,1651.0400000000002,1686.6885848246463,1615.391415175354,0.04318318735420843,0.5337423312883407,39.550000000000026,1776546.2,False,False,False,41.62
2025-11-19,LGHL,EQ,274.45,284.95,262.0,266.7,274.5,164135,22.94999999999999,22.94999999999999,17.517857142857142,268.57,280.43,598.03,280.43,318.0686025245015,242.7913974754985,0.26843492154549436,0.2047930283224397,18.929999999999996,78642.65,False,False,False,14.9
2025-11-19,LIBAS,EQ,11.3,11.7,11.25,11.55,11.59,51579,0.4499999999999993,0.4499999999999993,0.5528571428571427,11.635000000000002,11.811499999999999,12.21,11.811499999999999,12.296114279608048,11.32688572039195,0.08205804167261556,0.6666666666666693,0.6334999999999998,30488.25,False,False,False,78.84
2025-11-19,LIBERTSHOE,EQ,298.55,306.35,298.05,303.3,298.55,13699,8.300000000000011,8.300000000000011,8.692857142857147,307.4,315.8725,331.119,315.8725,334.43203865266946,297.31296134733054,0.11751284871376558,0.6325301204819268,9.1,15499.1,False,False,False,57.66
2025-11-19,LICHSGFIN,EQ,568.0,568.65,562.1,563.6,567.55,940685,6.5499999999999545,6.5499999999999545,8.360714285714275,569.79,573.9100000000001,571.604,573.9100000000001,588.2078529856759,559.6121470143243,0.04982611554311941,0.22900763358778786,8.135000000000002,1225562.1,False,False,False,40.79
2025-11-19,LICI,EQ,915.5,921.0,910.5,914.05,915.5,923863,10.5,10.5,16.175000000000004,905.945,901.0125,895.0290000000001,901.0125,917.4765479530398,884.5484520469603,0.03654565936219479,0.3380952380952338,15.035000000000002,1419126.05,False,False,False,54.18
2025-11-19,LICMFGOLD,EQ,11015.05,11135.0,10974.15,11086.35,10958.35,5658,160.85000000000036,176.64999999999964,250.1714285714284,11120.42,11079.98,10715.881,11079.98,11738.110554981255,10421.849445018745,0.1187963434918213,0.697544295927886,310.495,4386.95,False,False,False,84.48
2025-11-19,LICNETFGSC,EQ,28.72,28.83,28.57,28.76,28.72,58332,0.259999999999998,0.259999999999998,0.29571428571428576,28.717000000000002,28.657,28.5068,28.657,28.834324561186584,28.479675438813416,0.01237565419873566,0.7307692307692413,0.3530000000000003,85862.0,False,False,False,58.0
2025-11-19,LICNETFN50,EQ,287.82,289.0,287.69,288.48,287.82,1771,1.3100000000000023,1.3100000000000023,2.2921428571428595,286.456,286.762,282.1228,286.762,289.4777289997314,284.0462710002686,0.018940647643212315,0.6030534351145184,2.279000000000005,893.7,False,True,False,64.26
2025-11-19,LICNETFSEN,EQ,950.41,950.41,942.97,942.97,943.3,11,7.439999999999941,7.439999999999941,12.276428571428571,940.6110000000001,941.2545,925.7816,941.2545,955.1774701931713,927.3315298068287,0.029583858973680967,0.0,12.909500000000008,102.15,False,True,False,100.0
2025-11-19,LICNFNHGP,EQ,285.68,288.63,280.26,284.18,284.69,3119,8.370000000000005,8.370000000000005,5.410000000000009,284.723,285.119,282.10740000000004,285.119,288.5431489453568,281.69485105464327,0.024019086383978355,0.46833930704898613,5.2695000000000025,1168.8,False,True,False,42.19
2025-11-19,LICNMID100,EQ,60.71,61.09,59.95,60.36,60.25,24673,1.1400000000000006,1.1400000000000006,1.0292857142857135,60.162,59.687,58.7838,59.687,60.88728496616416,58.486715033835836,0.040219309603905774,0.3596491228070144,1.0544999999999987,13918.75,False,False,False,54.27
2025-11-19,LIKHITHA,EQ,210.1,212.3,207.0,207.87,210.42,47152,5.300000000000011,5.300000000000011,7.406428571428577,218.11599999999999,225.18199999999996,233.98860000000002,225.18199999999996,244.50246748916726,205.86153251083266,0.17159868452333937,0.16415094339622693,6.6715000000000035,51843.6,False,False,False,59.81
2025-11-19,LINC,EQ,124.0,125.75,119.87,121.57,125.04,52602,5.8799999999999955,5.8799999999999955,4.087142857142857,124.327,125.74549999999999,126.428,125.74549999999999,131.40979333632984,120.08120666367013,0.0900913883412107,0.28911564625850167,4.461000000000001,35077.05,False,False,False,81.71
2025-11-19,LINCOLN,EQ,533.95,542.9,527.0,537.85,534.0,18557,15.899999999999977,15.899999999999977,13.632142857142854,525.8,526.7099999999999,535.724,526.7099999999999,539.4932155579123,513.9267844420875,0.048539862762857745,0.6823899371069206,13.184999999999999,25896.2,False,False,False,60.62
2025-11-19,LINDEINDIA,EQ,5707.0,6122.5,5678.0,6076.5,5695.5,234547,444.5,444.5,117.42857142857143,5826.3,5957.625,6179.17,5957.625,6269.850699614883,5645.399300385117,0.10481549262160093,0.8965129358830146,106.075,32355.15,False,False,False,20.72
2025-11-19,LIQGRWBEES,EQ,1016.6,1016.6,1016.58,1016.58,1016.46,11291,0.01999999999998181,0.13999999999998636,0.19214285714285292,1015.757,1014.5634999999999,1011.3918000000001,1014.5634999999999,1017.2256966493879,1011.9013033506118,0.0052479645668074585,0.0,1.6344999999999914,45116.2,False,False,True,83.19
2025-11-19,LIQUID,EQ,999.99,1000.0,999.99,999.99,999.99,31417,0.009999999999990905,0.009999999999990905,0.009999999999990905,999.99,999.99,999.99,999.99,999.99,999.99,0.0,0.0,0.009999999999990905,140142.45,True,True,True,49.32
2025-11-19,LIQUID1,EQ,1078.0,1078.52,1077.58,1078.51,1078.36,433053,0.9400000000000546,0.9400000000000546,1.3428571428571396,1077.5610000000001,1076.2115,1072.6385999999998,1076.2115,1079.2196640580241,1073.2033359419756,0.005590284173741406,0.9893617021276698,1.6844999999999914,444049.8,False,True,False,90.63
2025-11-19,LIQUIDADD,EQ,1100.67,1100.69,1100.67,1100.68,1100.52,320724,0.01999999999998181,0.17000000000007276,0.4914285714285955,1099.732,1098.389,1094.8158,1098.389,1101.3846561885525,1095.3933438114473,0.005454636178171176,0.5,0.6175000000000181,617962.05,False,False,True,67.88
2025-11-19,LIQUIDBEES,EQ,999.99,1000.01,999.99,1000.0,1000.0,2664301,0.01999999999998181,0.01999999999998181,2.267857142857127,999.9960000000001,999.9959999999999,999.9956,999.9959999999999,1000.005797958971,999.9862020410287,1.95959963262824e-05,0.5,1.7344999999999913,2720912.7,False,False,True,85.49
2025-11-19,LIQUIDBETF,EQ,1057.17,1057.19,1057.17,1057.18,1057.05,278034,0.01999999999998181,0.14000000000010004,0.5842857142857026,1056.3229999999999,1055.0720000000001,1051.7278,1055.0720000000001,1057.85871562955,1052.2852843704502,0.005282512718657905,0.5,0.47549999999999953,372302.0,False,False,True,66.84
2025-11-19,LIQUIDCASE,EQ,111.45,111.45,111.43,111.44,111.43,11229815,0.01999999999999602,0.01999999999999602,0.0992857142857123,111.348,111.21,110.8434,111.21,111.5171156134094,110.90288438659059,0.005523165424141861,0.49999999999964473,0.17899999999999922,9085571.05,False,False,True,72.11
2025-11-19,LIQUIDETF,EQ,1000.01,1000.01,999.99,999.99,1000.0,60921,0.01999999999998181,0.01999999999998181,0.01999999999998181,999.9980000000002,999.9965,999.995,999.9965,1000.0060393920141,999.9869606079858,1.9078850804329762e-05,0.0,0.01999999999998181,77174.4,True,True,True,93.07
2025-11-19,LIQUIDIETF,EQ,1000.0,1000.01,999.99,999.99,999.99,368604,0.01999999999998181,0.01999999999998181,0.01999999999998181,999.99,999.99,999.9902000000001,999.99,999.99,999.99,0.0,0.0,0.01999999999998181,398704.5,False,False,True,94.02
2025-11-19,LIQUIDPLUS,EQ,1060.13,1060.15,1060.13,1060.14,1059.99,62110,0.01999999999998181,0.16000000000008185,0.4857142857142825,1059.219,1057.901,1054.3856,1057.901,1060.8395567886328,1054.9624432113674,0.00555544760546156,0.5,0.21099999999997862,63834.65,False,False,True,83.83
2025-11-19,LIQUIDSBI,EQ,1000.01,1000.01,999.99,999.99,1000.0,19924,0.01999999999998181,0.01999999999998181,0.01999999999998181,1000.0,999.997,999.9967999999999,999.997,1000.011282856857,999.982717143143,2.8565799411386095e-05,0.0,0.5694999999999822,9822.75,False,False,True,100.0
2025-11-19,LIQUIDSHRI,EQ,1079.93,1079.95,1079.93,1079.94,1079.79,5248,0.01999999999998181,0.16000000000008185,0.20785714285711623,1079.041,1077.7635,1074.363,1077.7635,1080.6116662521756,1074.9153337478244,0.005285326979760565,0.5,0.01999999999998181,9776.55,True,True,True,65.74
2025-11-19,LLOYDPP,E1,43.15,43.37,42.35,42.69,43.11,98095,1.019999999999996,1.019999999999996,1.512857142857143,44.894999999999996,46.238,,46.238,49.621534246908105,42.854465753091894,0.146352967122631,0.33333333333333104,1.5425,403576.85,False,False,True,84.08
2025-11-19,LLOYDSENGG,EQ,56.13,56.2,55.1,55.19,56.13,1376906,1.1000000000000014,1.1000000000000014,1.7749999999999997,57.785000000000004,58.533500000000004,60.5822,58.533500000000004,61.046253668785965,56.02074633121404,0.08585694239319233,0.08181818181817835,1.6994999999999998,1682453.35,False,False,False,48.68
2025-11-19,LLOYDSENPP,E1,39.06,39.4,37.75,38.07,39.2,274940,1.6499999999999986,1.6499999999999986,1.8078571428571426,40.38100000000001,40.8095,41.8612,40.8095,42.70673456641513,38.91226543358487,0.09298004466681185,0.19393939393939427,1.7465,152209.95,False,False,False,87.18
2025-11-19,LLOYDSENT,EQ,63.4,63.56,62.0,62.34,63.38,709375,1.5600000000000023,1.5600000000000023,2.2107142857142854,65.148,66.876,67.7344,66.876,71.51166780518209,62.240332194817924,0.13863472113111072,0.2179487179487198,2.1345,974699.4,False,False,False,53.31
2025-11-19,LLOYDSME,EQ,1249.6,1276.0,1241.4,1264.8,1249.6,305534,34.59999999999991,34.59999999999991,32.66428571428571,1292.0700000000002,1307.9850000000001,1306.558,1307.9850000000001,1360.6703404658203,1255.29965953418,0.0805595484135066,0.6763005780346799,31.59499999999999,302289.7,False,False,False,42.87
2025-11-19,LMW,EQ,15151.0,15486.0,15100.0,15310.0,15276.0,2556,386.0,386.0,340.0,15560.9,15612.5,15122.76,15612.5,15970.24544022255,15254.75455977745,0.045828078811535666,0.5440414507772021,347.7,3642.65,False,False,False,46.52
2025-11-19,LODHA,EQ,1192.1,1206.4,1176.7,1202.0,1192.0,849225,29.700000000000045,29.700000000000045,26.485714285714298,1214.11,1197.0549999999998,1179.468,1197.0549999999998,1236.4526382540894,1157.6573617459103,0.06582427416299091,0.851851851851849,24.255000000000017,1267069.75,False,False,False,55.25
2025-11-19,LOKESHMACH,EQ,180.06,182.71,177.0,177.74,177.38,43047,5.710000000000008,5.710000000000008,8.017142857142858,181.472,187.08100000000002,190.625,187.08100000000002,200.41285043420459,173.74914956579545,0.14252490027533066,0.12959719789842522,8.078499999999998,44034.05,False,False,False,51.99
2025-11-19,LORDSCHLO,EQ,185.41,185.41,180.05,181.55,184.04,20297,5.359999999999985,5.359999999999985,12.972142857142858,197.387,207.858,192.2746,207.858,240.65197359272003,175.06402640727998,0.3155420873165336,0.27985074626865747,12.005500000000001,78598.75,False,False,False,67.83
2025-11-19,LOTUSDEV,EQ,171.0,171.66,168.5,169.15,171.05,1033899,3.1599999999999966,3.1599999999999966,4.421428571428572,172.53699999999998,178.549,183.18880000000001,178.549,191.65772518592087,165.44027481407915,0.14683616470460054,0.20569620253164758,4.727999999999997,805633.7,False,False,False,79.7
2025-11-19,LOTUSEYE,BE,105.78,106.6,104.02,105.21,103.75,3795,2.5799999999999983,2.8499999999999943,4.759285714285714,114.199,116.915,119.844,116.915,128.72579252209573,105.10420747790428,0.2020406709506175,0.4612403100775188,4.6770000000000005,20634.0,False,False,False,
2025-11-19,LOVABLE,EQ,84.65,85.58,83.25,84.65,84.65,21939,2.3299999999999983,2.3299999999999983,3.9385714285714295,90.55,92.72149999999999,94.2004,92.72149999999999,100.09066080703899,85.352339192961,0.15895257965065265,0.6008583690987154,3.868000000000001,23426.65,False,False,False,64.87
2025-11-19,LOWVOL,EQ,214.8,214.81,214.7,214.73,213.97,9977,0.11000000000001364,0.8400000000000034,1.3314285714285685,212.92999999999998,213.1525,210.4366,213.1525,215.70382808552716,210.60117191447284,0.02393899283871557,0.2727272727272492,1.1005000000000025,1109.7,False,False,True,100.0
2025-11-19,LOWVOL1,EQ,21.78,21.92,21.65,21.85,21.78,20205,0.2700000000000031,0.2700000000000031,0.3357142857142864,21.682,21.69,21.4302,21.69,21.94814724480423,21.431852755195774,0.023803342075078622,0.7407407407407427,0.3845000000000006,174353.65,False,False,False,68.79
2025-11-19,LOWVOLIETF,EQ,23.17,23.17,22.89,23.12,22.92,713722,0.28000000000000114,0.28000000000000114,0.48928571428571516,22.828,22.8495,22.581999999999997,22.8495,23.12651804995349,22.57248195004651,0.024247187024091576,0.8214285714285696,0.4525000000000009,3219180.65,False,False,False,86.5
2025-11-19,LOYALTEX,EQ,225.0,227.0,210.41,218.13,220.74,4101,16.590000000000003,16.590000000000003,12.20214285714286,232.0,244.70250000000001,274.882,244.70250000000001,275.5476992212703,213.85730077872972,0.2521036705490977,0.4653405666063892,12.970999999999998,1185.0,False,False,False,80.0
2025-11-19,LPDC,EQ,7.35,7.6,7.11,7.28,7.33,28048,0.4899999999999993,0.4899999999999993,0.42785714285714277,7.552,7.8605,7.912999999999999,7.8605,8.54899037756531,7.17200962243469,0.1751772476471752,0.3469387755102044,0.40149999999999997,31168.7,False,False,False,71.57
2025-11-19,LRRPL,SM,86.95,86.95,86.75,86.75,88.2,3000,0.20000000000000284,1.4500000000000028,3.392857142857143,88.5,83.755,81.891,83.755,94.52787798130102,72.98212201869897,0.25724739970869853,0.0,2.3099999999999996,10350.0,False,False,False,100.0
2025-11-19,LT,EQ,4007.0,4026.5,3980.3,4019.6,3999.6,923032,46.19999999999982,46.19999999999982,67.4857142857143,3968.79,3949.2450000000003,3784.2139999999995,3949.2450000000003,4058.4985486837795,3839.991451316221,0.05532882800827964,0.8506493506493481,58.69500000000003,1832997.6,False,False,False,58.73
2025-11-19,LTF,EQ,296.55,301.6,295.85,297.65,296.5,3905961,5.75,5.75,6.390000000000007,292.59499999999997,280.1805,260.87440000000004,280.1805,307.4770026880726,252.88399731192737,0.19484941091955094,0.31304347826086165,5.846000000000001,6946916.25,False,False,False,46.21
2025-11-19,LTFOODS,EQ,407.95,421.0,407.95,414.6,407.9,703088,13.050000000000011,13.100000000000023,11.27857142857142,409.765,416.03249999999997,423.401,416.03249999999997,431.05276214818406,401.0122378518159,0.07220715760515868,0.5095785440613049,11.049999999999994,638291.3,False,False,False,39.71
2025-11-19,LTGILTBEES,EQ,29.17,29.2,29.15,29.18,29.16,1369177,0.05000000000000071,0.05000000000000071,0.18142857142857136,29.156,29.088500000000003,28.9656,29.088500000000003,29.234551360828977,28.94244863917103,0.010041862648742543,0.6000000000000142,0.22500000000000017,2022983.9,False,True,False,94.28
2025-11-19,LTGILTCASE,EQ,29.77,29.77,29.66,29.7,29.68,151081,0.10999999999999943,0.10999999999999943,0.7757142857142851,29.703000000000003,29.6515,29.5422,29.6515,29.777876421851513,29.525123578148484,0.008524116611403417,0.36363636363635776,0.8114999999999997,109752.65,False,False,True,86.0
2025-11-19,LTIM,EQ,5791.0,6039.0,5789.0,5972.0,5756.0,868072,250.0,283.0,118.35714285714286,5775.15,5698.525,5466.45,5698.525,5929.661642486643,5467.388357513356,0.08112156829588138,0.732,116.525,275606.05,True,True,False,36.35
2025-11-19,LTTS,EQ,4085.0,4460.0,4085.0,4440.0,4074.5,1180329,375.0,385.5,89.12142857142855,4142.530000000001,4151.255,4181.005999999999,4151.255,4309.109419957121,3993.400580042879,0.07605142057383651,0.9466666666666667,81.20500000000001,121433.25,False,False,False,20.02
2025-11-19,LUMAXIND,EQ,5050.1,5140.1,5050.0,5096.2,5112.2,4207,90.10000000000036,90.10000000000036,195.0714285714287,4984.23,5003.115,4776.822,5003.115,5206.839463675842,4799.390536324157,0.08143904894284555,0.5127635960044354,185.68000000000006,16197.95,False,False,False,53.7
2025-11-19,LUMAXTECH,EQ,1370.0,1423.8,1368.0,1397.3,1366.7,215857,55.799999999999955,57.09999999999991,66.52857142857138,1367.0,1262.4299999999998,1211.474,1262.4299999999998,1515.1128613103806,1009.7471386896192,0.4003118767937719,0.5250896057347666,54.83999999999999,325941.0,False,True,False,32.36
2025-11-19,LUPIN,EQ,2055.0,2055.0,2019.7,2025.4,2047.4,684024,35.299999999999955,35.299999999999955,40.70000000000001,2018.5600000000002,1979.475,1975.808,1979.475,2073.354324134762,1885.5956758652376,0.09485275048663128,0.16147308781869837,37.040000000000006,963906.8,False,True,False,69.94
2025-11-19,LUXIND,EQ,1178.0,1194.1,1168.0,1185.5,1178.9,19071,26.09999999999991,26.09999999999991,29.14285714285716,1200.27,1242.31,1287.806,1242.31,1333.0528873245755,1151.5671126754244,0.14608734909092833,0.6704980842911901,29.045000000000005,25362.7,False,False,False,56.95
2025-11-19,LXCHEM,EQ,186.5,186.5,182.05,182.73,184.41,209182,4.449999999999989,4.449999999999989,4.660714285714284,189.232,195.3315,206.21739999999997,195.3315,209.60086757533406,181.06213242466595,0.14610411096350623,0.15280898876404048,4.580000000000001,328895.05,False,False,False,52.13
2025-11-19,LYKALABS,EQ,83.59,84.15,79.06,80.09,83.18,78952,5.090000000000003,5.090000000000003,3.2414285714285733,89.324,91.991,95.3444,91.991,100.6386422220164,83.3433577779836,0.1880106145604766,0.2023575638506877,2.9825000000000017,25444.1,False,False,False,69.62
2025-11-19,LYPSAGEMS,EQ,5.26,5.28,5.15,5.2,5.24,20309,0.1299999999999999,0.1299999999999999,0.2971428571428572,5.247999999999999,5.454,6.170400000000001,5.454,6.211083879104588,4.696916120895412,0.27762518485683463,0.3846153846153836,0.36750000000000005,152054.95,False,False,False,81.64
2025-11-19,M&M,EQ,3695.0,3746.5,3667.8,3722.5,3694.8,1626043,78.69999999999982,78.69999999999982,66.81428571428579,3691.7300000000005,3637.4049999999997,3574.446,3637.4049999999997,3789.4923364221977,3485.317663577802,0.0836240871842415,0.6950444726810666,62.85000000000002,2356538.25,False,False,False,65.93
2025-11-19,M&MFIN,EQ,324.35,333.5,321.2,329.85,322.9,4931759,12.300000000000011,12.300000000000011,7.410000000000013,898.1630000000001,794.559,1261.2995999999998,794.559,2474.9894333461743,-885.8714333461744,4.229844311992374,0.7032520325203273,6.845999999999987,2535439.95,False,False,False,41.59
2025-11-19,MAANALU,EQ,136.4,141.5,136.4,139.35,138.03,146246,5.099999999999994,5.099999999999994,8.06642857142857,138.01600000000002,138.68699999999998,124.42880000000001,138.68699999999998,151.68109419698015,125.69290580301981,0.187387342677831,0.578431372549018,7.409499999999999,284913.3,False,False,False,61.58
2025-11-19,MACOBSTECH,SM,223.05,223.25,220.0,221.0,218.0,7200,3.25,5.25,10.010714285714283,213.685,210.4975,206.187,210.4975,224.11941157657375,196.87558842342625,0.129425875144111,0.3076923076923077,7.892499999999998,29800.0,False,False,False,22.22
2025-11-19,MACPOWER,EQ,957.6,973.9,919.9,960.95,950.0,32450,54.0,54.0,52.664285714285725,861.2800000000001,851.5,854.067,851.5,954.4356060845803,748.5643939154197,0.2417747647318386,0.7601851851851864,46.11500000000001,29137.85,False,True,False,39.74
2025-11-19,MADHAV,EQ,41.5,42.53,41.25,42.5,42.32,2498,1.2800000000000011,1.2800000000000011,1.6400000000000017,41.222,42.4865,43.7204,42.4865,45.397371175438614,39.575628824561385,0.13702569877201534,0.9765624999999991,1.820000000000001,5336.1,False,False,False,65.29
2025-11-19,MADHAVBAUG,SM,276.65,280.0,276.65,277.0,276.65,1200,3.3500000000000227,3.3500000000000227,8.232142857142852,273.84499999999997,269.91999999999996,279.337,269.91999999999996,283.5846770909535,256.2553229090464,0.10124983025306424,0.10447761194030458,6.484999999999997,7140.0,False,False,False,66.67
2025-11-19,MADHUCON,EQ,6.7,6.7,6.32,6.34,6.66,114904,0.3799999999999999,0.3799999999999999,0.40214285714285714,6.968000000000001,7.089,7.2589999999999995,7.089,7.5863489720508275,6.591651027949173,0.14031569249564876,0.052631578947367315,0.4229999999999999,35376.25,False,False,False,82.39
2025-11-19,MADHUSUDAN,SM,121.3,124.8,120.0,121.6,121.1,18000,4.799999999999997,4.799999999999997,5.80357142857143,122.94000000000001,128.94,137.154,128.94,144.68838404408544,113.19161595591456,0.24427460902877993,0.33333333333333237,3.9699999999999998,16400.0,False,False,False,88.89
2025-11-19,MADRASFERT,EQ,80.73,80.73,79.52,79.86,80.75,35241,1.210000000000008,1.230000000000004,2.277857142857145,80.777,81.2295,84.9892,81.2295,83.18344447208615,79.27555552791385,0.04810923302706897,0.28099173553719103,2.206500000000002,115574.7,False,False,True,73.71
2025-11-19,MAFANG,EQ,169.69,169.77,166.61,167.19,170.02,1274895,3.1599999999999966,3.4099999999999966,2.462142857142857,172.983,172.11550000000003,169.533,172.11550000000003,179.4132214937258,164.81777850627424,0.08480028229561878,0.1835443037974635,1.3260000000000005,540738.15,False,False,False,61.72
2025-11-19,MAGADSUGAR,EQ,505.5,510.25,500.0,501.9,505.5,2818,10.25,10.25,16.367857142857126,513.06,532.8349999999999,553.576,532.8349999999999,579.0730481854538,486.59695181454606,0.17355484600468765,0.18536585365853436,16.74749999999999,4179.25,False,False,True,61.92
2025-11-19,MAGNUM,EQ,23.26,24.4,22.8,23.24,23.47,44565,1.5999999999999979,1.5999999999999979,0.850714285714285,24.226999999999997,24.3775,25.1514,24.3775,25.20240908589985,23.552590914100154,0.06767790675006437,0.27499999999999897,0.8544999999999998,51480.45,False,False,False,80.81
2025-11-19,MAGSON,SM,109.05,112.0,106.5,112.0,112.0,11000,5.5,5.5,3.5821428571428577,110.64500000000001,109.30499999999999,113.21599999999998,109.30499999999999,118.35806025606819,100.2519397439318,0.16564768777399375,1.0,1.6950000000000003,4550.0,False,False,False,63.64
2025-11-19,MAHABANK,EQ,60.45,61.56,59.65,61.14,60.43,26939648,1.9100000000000037,1.9100000000000037,1.7528571428571433,58.527,58.824,56.9858,58.824,61.19668118380839,56.45131881619161,0.08067051488536614,0.7801047120418844,1.6995000000000011,19464370.55,True,True,False,37.59
2025-11-19,MAHAPEXLTD,EQ,92.48,94.89,91.11,92.39,92.48,1185,3.780000000000001,3.780000000000001,3.2528571428571422,93.091,95.194,98.53020000000001,95.194,99.9352673411227,90.45273265887731,0.09961273485981666,0.3386243386243388,3.3999999999999995,4500.05,False,False,False,59.24
2025-11-19,MAHASTEEL,BE,745.5,745.5,745.5,745.5,760.7,1335,0.0,15.200000000000045,24.592857142857138,728.83,656.4375,526.5029999999999,656.4375,827.253895217205,485.621104782795,0.5204346041084034,0.5,21.110000000000003,27698.55,False,True,True,
2025-11-19,MAHEPC,EQ,132.65,134.99,130.2,130.85,132.65,19299,4.7900000000000205,4.7900000000000205,4.612142857142858,134.322,137.1865,146.20420000000001,137.1865,145.20156150943183,129.17143849056816,0.11684912887830554,0.13569937369519894,4.9719999999999995,42002.25,False,False,False,69.5
2025-11-19,MAHESHWARI,EQ,55.01,55.01,54.02,54.04,54.58,3193,0.9899999999999949,0.9899999999999949,1.3364285714285715,54.644000000000005,55.398,57.38700000000001,55.398,57.082892874933044,53.71310712506696,0.06082865355908304,0.020202020202016287,1.3505000000000007,8229.15,False,False,True,61.35
2025-11-19,MAHKTECH,EQ,26.37,26.37,26.13,26.36,26.66,1844226,0.240000000000002,0.5300000000000011,0.37214285714285744,27.011000000000003,27.177500000000002,27.871000000000002,27.177500000000002,28.10946298209743,26.245537017902574,0.06858342247060456,0.9583333333333272,0.06800000000000014,839786.7,False,False,False,94.83
2025-11-19,MAHLIFE,EQ,392.9,395.8,385.1,387.45,393.7,97007,10.699999999999989,10.699999999999989,10.228571428571431,394.75,390.39500000000004,377.277,390.39500000000004,403.63399165344657,377.1560083465535,0.06782357178471309,0.21962616822429612,10.414999999999997,142193.1,False,False,False,50.48
2025-11-19,MAHLOG,EQ,327.15,335.05,324.05,330.55,327.55,67392,11.0,11.0,11.900000000000006,336.625,346.7475,346.745,346.7475,370.1114139486516,323.3835860513484,0.1347603887477291,0.5909090909090909,11.312500000000005,136119.85,False,False,False,57.34
2025-11-19,MAHSCOOTER,EQ,14909.0,14909.0,14567.0,14710.0,14875.0,2259,342.0,342.0,523.2142857142857,14618.7,15651.75,16665.02,15651.75,17955.15095293892,13348.34904706108,0.2943314265738872,0.41812865497076024,477.75,4220.8,False,False,False,61.62
2025-11-19,MAHSEAMLES,EQ,565.15,571.25,562.6,565.45,565.2,175978,8.649999999999977,8.649999999999977,11.617857142857149,560.72,567.21,592.441,567.21,585.2373569887635,549.1826430112366,0.06356501820758968,0.32947976878613067,11.32750000000001,207582.4,False,False,False,66.42
2025-11-19,MAITHANALL,EQ,990.5,1006.4,982.0,990.7,991.2,35034,24.399999999999977,24.399999999999977,34.72142857142863,1065.08,1078.2350000000001,1108.828,1078.2350000000001,1151.8756755808208,1004.5943244191794,0.1365948528489999,0.3565573770491825,31.485000000000024,38404.0,False,False,True,56.8
2025-11-19,MAITREYA,SM,283.0,283.0,252.0,261.05,268.9,14000,31.0,31.0,18.314285714285713,258.83000000000004,251.86499999999995,248.901,251.86499999999995,283.9609670363741,219.76903296362582,0.2548664327030285,0.2919354838709681,15.497499999999997,8700.0,False,True,False,42.86
2025-11-19,MAKEINDIA,EQ,159.98,159.98,154.87,155.41,155.32,7830,5.109999999999985,5.109999999999985,2.232142857142855,155.278,154.766,153.026,154.766,156.64105093264274,152.89094906735724,0.024230786253346997,0.10567514677103593,2.157000000000001,23589.1,False,True,False,77.31
2025-11-19,MALLCOM,EQ,1240.8,1286.6,1234.3,1280.0,1234.6,11198,52.299999999999955,52.299999999999955,56.06428571428574,1335.58,1386.81,1354.5180000000003,1386.81,1535.462304388464,1238.157695611536,0.21438020260664983,0.8738049713193133,54.26500000000001,11056.2,False,False,False,59.5
2025-11-19,MALUPAPER,EQ,37.3,38.14,37.09,37.94,37.6,6087,1.0499999999999972,1.0499999999999972,1.0392857142857141,37.664,37.980000000000004,38.467600000000004,37.980000000000004,38.79657822650351,37.163421773496495,0.04300043320186988,0.8095238095238063,1.0515,10908.95,False,False,False,30.89
2025-11-19,MAMATA,EQ,428.0,428.0,420.0,422.4,426.05,89096,8.0,8.0,12.492857142857137,426.93,436.17249999999996,446.619,436.17249999999996,461.4190735298876,410.9259264701123,0.11576416912981748,0.29999999999999716,12.227499999999996,178421.45,False,False,False,38.17
2025-11-19,MANAKALUCO,BE,26.85,27.2,26.85,26.93,27.33,9569,0.34999999999999787,0.4799999999999969,0.9864285714285711,27.383999999999997,28.021500000000003,29.2834,28.021500000000003,29.50176045005602,26.541239549943985,0.10565176382820465,0.2285714285714251,1.0305,19508.3,False,False,True,
2025-11-19,MANAKCOAT,EQ,142.18,142.18,138.0,138.29,141.92,128336,4.180000000000007,4.180000000000007,8.07357142857143,143.06799999999998,152.15550000000002,147.2362,152.15550000000002,175.49175117708484,128.8192488229152,0.30674213126814104,0.06937799043062,8.995000000000001,1250505.1,False,False,False,42.87
2025-11-19,MANAKSIA,EQ,66.01,67.9,65.22,65.91,65.87,21533,2.680000000000007,2.680000000000007,2.2757142857142827,65.691,66.5035,67.8822,66.5035,68.64444628610845,64.36255371389156,0.06438597325278955,0.2574626865671627,2.256499999999998,33595.45,False,False,False,63.65
2025-11-19,MANAKSTEEL,EQ,64.03,66.5,62.16,64.53,64.04,29228,4.340000000000003,4.340000000000003,2.9135714285714296,61.48499999999999,59.911,60.0276,59.911,65.04887855053039,54.77312144946961,0.17151703528668819,0.5460829493087563,2.8700000000000006,35890.15,False,True,False,67.33
2025-11-19,MANALIPETC,EQ,70.17,70.68,67.35,67.83,67.86,711359,3.3300000000000125,3.3300000000000125,2.605000000000004,69.077,70.888,69.7264,70.888,75.53621944404522,66.2397805559548,0.13114263187126765,0.1441441441441448,2.6620000000000013,640363.5,False,False,False,21.77
2025-11-19,MANAPPURAM,EQ,280.35,282.15,275.9,280.35,280.35,2344692,6.25,6.25,7.960714285714289,276.57,277.955,284.096,277.955,288.3501863860156,267.5598136139844,0.07479762109705247,0.7120000000000073,7.150000000000003,4409780.05,False,False,False,41.78
2025-11-19,MANAV,ST,20.5,21.15,20.5,21.15,20.15,16000,0.6499999999999986,1.0,1.2035714285714287,21.835,24.015,,24.015,30.400538348487107,17.629461651512894,0.5317958233176853,1.0,0.16000000000000014,11200.0,False,False,False,100.0
2025-11-19,MANBA,EQ,140.0,141.69,138.0,139.51,139.8,56979,3.6899999999999977,3.6899999999999977,5.207857142857138,139.933,138.095,137.4132,138.095,143.2456523858634,132.9443476141366,0.07459578385695928,0.4092140921409192,5.037499999999997,46953.95,False,False,False,50.21
2025-11-19,MANCREDIT,EQ,179.59,180.74,174.1,174.99,177.14,19619,6.640000000000015,6.640000000000015,6.0800000000000045,178.824,180.1875,182.88620000000003,180.1875,185.26035669026834,175.11464330973166,0.056306421813592376,0.13403614457831517,5.648000000000003,37247.2,False,False,False,29.32
2025-11-19,MANGALAM,EQ,62.4,62.4,54.0,54.38,61.19,147784,8.399999999999999,8.399999999999999,3.4621428571428576,61.511,64.6775,69.9654,64.6775,72.70129679453609,56.6537032054639,0.2481170977398971,0.04523809523809555,3.4264999999999985,29185.75,False,False,False,61.31
2025-11-19,MANGLMCEM,EQ,742.0,742.0,717.25,720.75,736.7,47681,24.75,24.75,19.617857142857158,745.8799999999999,759.6875,749.7330000000001,759.6875,797.3210870599659,722.0539129400341,0.09907649411097554,0.1414141414141414,21.492500000000007,69970.15,False,False,False,73.73
2025-11-19,MANINDS,EQ,451.9,451.9,437.15,447.0,450.2,487793,14.75,14.75,18.032142857142855,405.23,406.53249999999997,405.586,406.53249999999997,446.27195489057465,366.7930451094253,0.19550444252587273,0.6677966101694931,15.752499999999998,716765.4,False,False,False,45.14
2025-11-19,MANINFRA,EQ,129.7,131.75,125.8,127.9,130.07,1185398,5.950000000000003,5.950000000000003,4.793571428571433,134.38000000000002,140.099,147.0716,140.099,153.20424307290796,126.99375692709202,0.18708546203624535,0.3529411764705895,4.275000000000002,506081.15,False,False,False,51.1
2025-11-19,MANKIND,EQ,2225.8,2228.2,2206.3,2223.1,2226.9,252790,21.899999999999636,21.899999999999636,47.571428571428605,2262.68,2349.25,2453.614,2349.25,2536.638009221512,2161.861990778488,0.15953007063659655,0.7671232876712332,46.67500000000005,427665.6,False,False,True,61.28
2025-11-19,MANOMAY,EQ,221.4,235.0,220.3,233.16,224.76,156696,14.699999999999989,14.699999999999989,9.14857142857143,223.11999999999998,215.4,194.15919999999997,215.4,233.30423301903744,197.49576698096257,0.1662417179112111,0.8748299319727888,8.4985,55509.0,True,True,False,27.78
2025-11-19,MANORAMA,EQ,1321.0,1350.0,1320.1,1342.1,1331.0,42757,29.90000000000009,29.90000000000009,39.442857142857164,1314.3400000000001,1378.355,1404.0840000000003,1378.355,1527.0428135557863,1229.6671864442137,0.21574676125640535,0.7357859531772553,46.14000000000004,116188.55,False,False,False,59.21
2025-11-19,MANORG,EQ,489.0,489.0,441.45,445.35,475.15,16492,47.55000000000001,47.55000000000001,23.450000000000017,505.16499999999996,508.9049999999999,530.186,508.9049999999999,553.1522134715835,464.6577865284163,0.173891840212156,0.08201892744479565,19.480000000000015,5348.0,False,False,False,47.63
2025-11-19,MANUFGBEES,EQ,153.27,154.02,152.49,153.4,153.39,4437,1.5300000000000011,1.5300000000000011,2.2585714285714267,153.15800000000002,152.749,151.03300000000002,152.749,154.7711266033562,150.72687339664378,0.02647646273764428,0.5947712418300627,2.0629999999999966,4834.35,False,False,False,77.46
2025-11-19,MANUGRAPH,BE,18.25,18.29,17.71,17.78,18.02,14991,0.5799999999999983,0.5799999999999983,0.8435714285714282,19.062,20.423499999999997,21.631000000000004,20.423499999999997,23.582007717261398,17.264992282738596,0.3093013163523785,0.12068965517241464,0.8879999999999997,11803.7,False,False,False,
2025-11-19,MANYAVAR,EQ,622.4,622.7,610.35,617.5,619.1,269182,12.350000000000023,12.350000000000023,14.814285714285713,628.705,654.955,687.3539999999999,654.955,712.2917761563191,597.618223843681,0.17508615448792372,0.5789473684210498,14.502499999999998,158390.4,False,False,False,65.79
2025-11-19,MAPMYINDIA,EQ,1683.6,1705.0,1683.2,1694.5,1693.0,37392,21.799999999999955,21.799999999999955,43.9357142857143,1731.75,1776.6199999999997,1719.1219999999998,1776.6199999999997,1889.2829415557717,1663.9570584442276,0.12682840624981373,0.51834862385321,42.27500000000001,87549.8,False,False,False,65.32
2025-11-19,MARALOVER,EQ,50.11,51.0,48.55,50.35,50.4,14254,2.450000000000003,2.450000000000003,2.594285714285714,49.726,48.169,47.864200000000004,48.169,52.16662379420688,44.171376205793116,0.16598325870194028,0.7346938775510213,2.4190000000000005,25156.95,False,False,False,70.4
2025-11-19,MARATHON,EQ,557.15,564.95,546.2,549.25,556.6,60617,18.75,18.75,16.04642857142857,573.395,597.175,604.929,597.175,656.3668702188054,537.9831297811945,0.19823961223696718,0.16266666666666424,22.78499999999999,163679.7,False,False,False,66.92
2025-11-19,MARCO,SM,38.5,38.9,37.9,38.9,38.5,4500,1.0,1.0,1.5214285714285718,39.245,40.497499999999995,40.487,40.497499999999995,43.77812113021301,37.21687886978698,0.16201598272550227,1.0,1.4100000000000006,13875.0,False,False,True,66.67
2025-11-19,MARICO,EQ,753.9,756.4,745.85,748.15,756.45,2500810,10.549999999999955,10.600000000000023,12.785714285714278,730.9649999999999,727.5875,721.2320000000001,727.5875,753.8475242764554,701.3274757235446,0.07218382469862497,0.2180094786729824,12.409999999999986,1613634.75,False,True,False,74.83
2025-11-19,MARINE,EQ,245.8,254.0,242.2,252.6,245.8,662379,11.800000000000011,11.800000000000011,13.036428571428571,241.76499999999996,238.471,219.76480000000004,238.471,256.29522385407006,220.64677614592995,0.14948755910840358,0.8813559322033895,12.497499999999997,787474.75,False,False,False,41.96
2025-11-19,MARINETRAN,SM,15.2,15.2,15.2,15.2,16.0,4000,0.0,0.8000000000000007,0.6214285714285711,14.845000000000002,15.392500000000002,,15.392500000000002,17.001933130018145,13.783066869981857,0.2091191333465186,0.5,0.14500000000000002,6200.0,False,False,True,100.0
2025-11-19,MARKOLINES,EQ,156.6,158.27,149.0,151.76,155.83,187489,9.27000000000001,9.27000000000001,6.544285714285719,161.447,165.6605,,165.6605,177.48838311575662,153.8326168842434,0.14279666083051307,0.2977346278317139,6.712500000000004,159844.3,False,False,False,36.01
2025-11-19,MARKSANS,EQ,192.2,192.2,188.4,189.15,192.34,702461,3.799999999999983,3.9399999999999977,7.112142857142863,190.661,185.3175,177.5168,185.3175,197.94813874077784,172.68686125922216,0.13631350240293377,0.19736842105263247,6.014000000000001,1026748.85,False,True,True,40.62
2025-11-19,MARUTI,EQ,15950.0,15950.0,15715.0,15768.0,15930.0,286434,235.0,235.0,253.64285714285714,15675.9,15993.8,15877.34,15993.8,16685.242723585954,15302.357276414044,0.0864638451882548,0.225531914893617,236.6,332206.1,False,False,False,62.41
2025-11-19,MASFIN,EQ,315.05,317.55,308.65,314.05,317.3,161637,8.900000000000034,8.900000000000034,8.485714285714275,309.18500000000006,306.825,308.563,306.825,316.23385221480237,297.4161477851976,0.06133041450209325,0.6067415730337093,8.497499999999992,89751.95,False,False,False,71.88
2025-11-19,MASKINVEST,BE,162.29,164.9,154.17,164.75,162.29,481,10.730000000000018,10.730000000000018,7.771428571428572,160.035,179.976,166.8396,179.976,227.28879251957147,132.66320748042853,0.5257677970348432,0.9860205032618821,11.077000000000002,7921.3,False,False,False,
2025-11-19,MASON,SM,201.55,201.55,201.0,201.25,201.55,2500,0.5500000000000114,0.5500000000000114,5.753571428571427,203.73,203.605,203.264,203.605,207.90766196673604,199.30233803326394,0.042264796706721876,0.45454545454544515,4.889999999999999,15550.0,False,False,True,100.0
2025-11-19,MASPTOP50,EQ,69.24,69.24,66.85,67.46,68.88,622799,2.3900000000000006,2.3900000000000006,1.2085714285714266,70.149,69.69,68.455,69.69,72.38688709441075,66.99311290558924,0.0773966736808941,0.2552301255230123,0.9975000000000002,275992.6,False,False,False,72.94
2025-11-19,MASTEK,EQ,2299.8,2310.0,2265.0,2301.5,2286.6,88766,45.0,45.0,59.278571428571404,2227.3,2179.88,2251.244,2179.88,2334.6919323566467,2025.0680676433533,0.14203711429679314,0.8111111111111111,63.37499999999998,144033.45,False,False,False,43.32
2025-11-19,MASTER,SM,362.0,362.0,362.0,362.0,370.0,500,0.0,8.0,13.878571428571433,372.26,362.8775,361.81399999999996,362.8775,393.6197099888733,332.1352900111267,0.16943574616157409,0.5,8.072500000000002,2275.0,False,False,True,100.0
2025-11-19,MASTERTR,EQ,103.5,105.5,101.87,104.8,104.34,217526,3.6299999999999955,3.6299999999999955,6.319999999999999,115.46200000000002,124.02450000000002,136.4648,124.02450000000002,146.98251600748574,101.06648399251428,0.37021743296664333,0.8071625344352606,6.458999999999999,675036.0,False,False,True,35.53
2025-11-19,MATRIMONY,EQ,501.0,509.35,498.0,500.55,505.4,12150,11.350000000000023,11.350000000000023,13.614285714285712,509.395,508.745,512.6139999999999,508.745,520.3216532296658,497.1683467703342,0.045510631965585094,0.22466960352422963,12.055000000000001,10085.65,False,False,False,80.85
2025-11-19,MAWANASUG,EQ,83.73,84.45,83.69,84.04,83.73,16459,0.7600000000000051,0.7600000000000051,1.4442857142857173,84.647,85.88,88.7298,85.88,88.98349480424861,82.77650519575138,0.07227514681529139,0.4605263157894818,1.5700000000000032,28526.4,False,False,True,83.52
2025-11-19,MAXESTATES,EQ,458.0,469.0,450.0,462.25,460.35,75175,19.0,19.0,13.971428571428564,470.485,471.965,465.76,471.965,484.95334477522135,458.9766552247786,0.055039440531485934,0.6447368421052632,14.092499999999996,60043.4,False,False,False,53.27
2025-11-19,MAXHEALTH,EQ,1115.0,1170.4,1104.9,1164.4,1116.7,5964536,65.5,65.5,30.83571428571429,1116.46,1152.895,1151.014,1152.895,1235.5391643432902,1070.2508356567098,0.14336806793904075,0.9083969465648855,27.935000000000002,2699432.7,False,False,False,60.56
2025-11-19,MAXIND,EQ,201.99,203.49,198.0,199.44,201.57,22855,5.490000000000009,5.490000000000009,6.560714285714288,206.85,210.494,212.429,210.494,220.41674840958913,200.57125159041087,0.09428058196042768,0.26229508196721224,7.113000000000002,29724.05,False,False,False,62.6
2025-11-19,MAXPOSURE,SM,50.0,50.5,47.15,50.25,49.55,37000,3.3500000000000014,3.3500000000000014,1.5857142857142854,50.925,51.697500000000005,54.63,51.697500000000005,53.87016541372585,49.52483458627416,0.08405301663429933,0.9253731343283582,1.3375,10800.0,False,False,False,91.89
2025-11-19,MAXVOLT,ST,467.0,472.8,438.1,472.15,450.3,111200,34.69999999999999,34.69999999999999,25.739285714285717,399.4,348.9275,292.171,348.9275,469.99179479825966,227.86320520174036,0.693922346609308,0.9812680115273765,23.1475,137560.0,True,True,False,89.21
2025-11-19,MAYASHEEL,ST,65.5,65.5,65.05,65.05,66.25,6000,0.45000000000000284,1.2000000000000028,2.946428571428572,67.715,69.3625,63.114,69.3625,76.43179098283557,62.29320901716443,0.20383610691182033,0.0,3.6375,135750.0,False,False,False,100.0
2025-11-19,MAYURUNIQ,EQ,514.9,516.1,499.0,500.4,514.15,75299,17.100000000000023,17.100000000000023,20.17857142857144,531.255,522.3149999999999,516.802,522.3149999999999,556.0707417338134,488.55925826618653,0.12925434549577722,0.08187134502923833,17.612500000000008,58982.0,False,False,False,77.36
2025-11-19,MAZDA,EQ,250.05,252.6,246.0,246.35,250.05,9978,6.599999999999994,6.599999999999994,9.15,257.32,267.4325,274.35400000000004,267.4325,290.7678010479834,244.09719895201656,0.17451357668184259,0.05303030303030221,8.84,14827.95,False,False,False,71.5
2025-11-19,MAZDOCK,EQ,2796.0,2798.0,2765.0,2783.4,2799.3,447300,33.0,34.30000000000018,61.88571428571436,2743.0600000000004,2768.565,2817.5879999999997,2768.565,2871.10219861591,2666.0278013840903,0.0740724516967525,0.5575757575757603,57.55000000000007,929856.45,False,False,True,23.59
2025-11-19,MBAPL,EQ,411.4,413.9,403.3,409.95,411.05,52334,10.599999999999966,10.599999999999966,9.77857142857142,411.13,417.1325,418.42,417.1325,449.0705537133992,385.1944462866008,0.15313145685555166,0.6273584905660377,14.084999999999988,132903.1,False,False,False,33.16
2025-11-19,MBEL,EQ,420.35,422.5,401.1,405.4,420.35,388960,21.399999999999977,21.399999999999977,25.524999999999984,440.7049999999999,448.50250000000005,423.28100000000006,448.50250000000005,492.11773214428683,404.8872678557133,0.19449270469746222,0.20093457943925042,22.137499999999992,841084.15,False,False,False,51.3
2025-11-19,MBLINFRA,EQ,39.19,39.21,37.26,37.9,38.9,117989,1.9500000000000028,1.9500000000000028,1.7657142857142856,39.648,40.824,42.312599999999996,40.824,43.63579942385648,38.01220057614351,0.1377522743413916,0.32820512820512804,1.6794999999999998,59516.65,False,False,False,85.9
2025-11-19,MCL,BE,46.9,46.9,45.81,46.27,46.51,24943,1.0899999999999963,1.0899999999999963,1.9207142857142863,47.592,48.794,49.94520000000001,48.794,51.60412739924741,45.98387260075258,0.11518331759017147,0.4220183486238554,1.9320000000000004,50013.75,False,False,True,
2025-11-19,MCLEODRUSS,BE,52.79,52.79,52.79,52.79,53.87,185324,0.0,1.0799999999999983,1.1771428571428564,57.778,60.9255,49.71060000000001,60.9255,69.9971249371323,51.85387506286771,0.29779402506773994,0.5,0.2564999999999998,570745.35,False,False,True,
2025-11-19,MCLOUD,EQ,65.5,68.08,63.65,66.9,64.31,4017684,4.43,4.43,3.64642857142857,61.274,59.5595,70.2808,59.5595,66.07981126557573,53.03918873442428,0.21895117539857537,0.733634311512417,3.9304999999999994,4881307.45,False,False,False,25.59
2025-11-19,MCON,SM,61.2,61.2,57.2,57.5,60.0,8000,4.0,4.0,3.5571428571428556,63.235,67.5925,68.745,67.5925,79.82043011919848,55.36456988080152,0.36181322244919123,0.07499999999999929,2.6349999999999993,13450.0,False,False,False,75.0
2025-11-19,MCX,EQ,9665.0,9839.0,9650.0,9799.0,9665.0,477308,189.0,189.0,229.96428571428572,9545.9,9368.725,8623.06,9368.725,9812.881557420915,8924.568442579086,0.09481686300343203,0.7883597883597884,235.4,467047.25,True,True,False,31.14
2025-11-19,MEDANTA,EQ,1196.0,1204.0,1187.1,1199.0,1189.7,103699,16.90000000000009,16.90000000000009,39.09999999999996,1202.81,1282.025,1324.4980000000003,1282.025,1450.369953889329,1113.6800461106711,0.26262351184934607,0.7041420118343211,35.54499999999998,271962.1,False,False,True,62.68
2025-11-19,MEDIASSIST,EQ,461.05,467.05,457.05,466.15,458.8,261127,10.0,10.0,18.528571428571418,480.28999999999996,516.59,525.351,516.59,601.9085478076132,431.2714521923869,0.33031436074106413,0.9099999999999966,16.392499999999995,240493.5,False,False,True,78.37
2025-11-19,MEDICAMEQ,EQ,399.0,407.0,399.0,404.65,399.8,32328,8.0,8.0,14.639285714285705,401.59499999999997,375.43,344.28299999999996,375.43,435.42837831141804,315.43162168858197,0.3196248478353783,0.7062499999999972,16.972499999999993,53874.1,False,True,True,59.47
2025-11-19,MEDICO,BE,52.85,52.85,51.05,51.9,51.48,68438,1.8000000000000043,1.8000000000000043,2.1585714285714284,51.998000000000005,50.524,47.07900000000001,50.524,54.30790486138281,46.74009513861719,0.14978643264123223,0.4722222222222219,2.23,291395.95,False,False,False,
2025-11-19,MEDIORG,SM,27.4,27.4,27.4,27.4,28.85,24000,0.0,1.4500000000000028,1.542857142857143,29.080000000000002,32.4225,34.361,32.4225,39.83185051134706,25.01314948865294,0.45704991973765496,0.5,0.6675000000000001,11300.0,False,False,True,91.67
2025-11-19,MEDISTEP,SM,29.5,29.5,29.4,29.4,29.15,9000,0.10000000000000142,0.3500000000000014,1.2642857142857142,26.68,27.01,30.121,27.01,31.063714346127533,22.95628565387247,0.30016396491133146,0.0,0.6549999999999999,20850.0,False,False,True,100.0
2025-11-19,MEDPLUS,EQ,785.6,797.05,785.6,790.1,787.3,68776,11.449999999999932,11.449999999999932,19.13214285714286,783.0550000000001,770.8050000000001,787.5290000000001,770.8050000000001,802.091752787722,739.5182472122781,0.08117942355776617,0.3930131004366836,18.1775,164649.6,False,False,False,60.03
2025-11-19,MEGAFLEX,SM,91.4,91.4,91.4,91.4,87.05,33000,0.0,4.3500000000000085,3.2214285714285715,75.81,62.357499999999995,61.54900000000001,62.357499999999995,92.61149601705533,32.10350398294466,0.970340248311922,0.5,1.0574999999999988,18000.0,True,True,True,81.82
2025-11-19,MEGASOFT,BE,198.0,198.9,189.0,190.3,198.9,108850,9.900000000000006,9.900000000000006,12.700000000000001,203.336,191.72449999999998,169.54719999999998,191.72449999999998,232.04198229986608,151.40701770013388,0.42057725851277333,0.13131313131313238,10.0705,411378.0,False,False,False,
2025-11-19,MEGASTAR,BE,259.85,259.85,250.05,257.15,259.85,1668,9.800000000000011,9.800000000000011,18.62357142857142,270.755,254.49949999999998,236.38460000000003,254.49949999999998,305.8693828011124,203.1296171988876,0.4036933887973251,0.724489795918363,14.606999999999996,85424.4,False,False,False,
2025-11-19,MEGATHERM,SM,241.55,241.55,231.05,231.45,233.0,25600,10.5,10.5,9.924999999999997,243.98499999999999,250.26999999999998,273.036,250.26999999999998,270.1864605289133,230.35353947108666,0.15915979165631775,0.03809523809523593,9.564999999999992,21120.0,False,False,False,79.69
2025-11-19,MEIL,EQ,449.2,449.2,441.1,442.45,446.2,26396,8.099999999999966,8.099999999999966,12.549999999999995,451.43999999999994,461.195,479.582,461.195,485.534985620375,436.855014379625,0.10555181916705511,0.16666666666666316,14.029999999999998,65377.65,False,False,False,63.34
2025-11-19,MENONBE,EQ,115.49,117.2,114.02,114.31,115.47,23639,3.180000000000007,3.180000000000007,4.142857142857144,114.819,117.62100000000001,123.8704,117.62100000000001,124.52080260587215,110.72119739412787,0.11732263126265104,0.09119496855346089,3.935,42890.6,False,False,False,32.66
2025-11-19,MEP,BZ,2.36,2.36,2.36,2.36,2.41,31577,0.0,0.050000000000000266,0.05714285714285713,2.602,2.534,2.0831999999999997,2.534,2.843347700815762,2.2246522991842377,0.24415761706058575,0.5,0.010000000000000009,69846.9,False,False,True,
2025-11-19,METAL,EQ,10.47,10.48,10.4,10.43,10.43,518777,0.08000000000000007,0.08000000000000007,0.3764285714285714,10.520999999999999,10.5045,10.2502,10.5045,10.841514836468665,10.167485163531335,0.06416580255484124,0.3749999999999917,0.3544999999999999,2163887.4,False,False,True,59.43
2025-11-19,METALIETF,EQ,10.44,10.47,10.4,10.42,10.44,9024489,0.07000000000000028,0.07000000000000028,0.24714285714285733,10.523,10.5135,10.239600000000001,10.5135,10.840747612672775,10.186252387327226,0.062252839239601385,0.2857142857142785,0.2295000000000001,13798145.7,False,False,True,72.96
2025-11-19,METROBRAND,EQ,1127.3,1132.4,1104.8,1108.0,1127.2,19036,27.600000000000136,27.600000000000136,31.79285714285717,1113.1100000000001,1133.1000000000001,1204.774,1133.1000000000001,1186.55794608849,1079.6420539115102,0.0943569783575853,0.11594202898550832,38.52500000000001,56137.4,False,False,False,51.18
2025-11-19,METROPOLIS,EQ,1932.0,1955.0,1931.4,1942.3,1929.0,17753,23.59999999999991,26.0,45.87142857142861,1969.1899999999998,1954.325,2016.944,1954.325,2012.8447359870963,1895.8052640129038,0.05988741482311927,0.461864406779657,43.21,63835.8,False,False,True,60.04
2025-11-19,MFML,EQ,28.67,28.67,26.0,27.0,27.07,3065,2.6700000000000017,2.6700000000000017,1.8457142857142854,27.689,28.478,29.48,28.478,30.777622577728746,26.178377422271257,0.16150169097048558,0.37453183520599226,1.704,9828.75,False,False,False,67.41
2025-11-19,MFSL,EQ,1676.0,1688.5,1656.0,1668.0,1679.8,609918,32.5,32.5,41.17142857142859,1657.69,1595.3799999999999,1587.0479999999998,1595.3799999999999,1736.7098920964713,1454.0501079035284,0.17717395491540755,0.36923076923076925,36.625000000000036,835466.25,False,True,False,78.06
2025-11-19,MGEL,EQ,14.95,15.16,14.5,14.64,14.95,263646,0.6600000000000001,0.6600000000000001,0.5935714285714285,14.232,14.619499999999999,15.613800000000001,14.619499999999999,15.67557717521034,13.563422824789658,0.14447514281751642,0.21212121212121293,0.5945,1046714.7,False,False,False,54.72
2025-11-19,MGL,EQ,1260.9,1263.5,1216.0,1222.2,1252.0,365616,47.5,47.5,26.157142857142894,1235.17,1261.535,1282.598,1261.535,1320.5338228696125,1202.5361771303876,0.09353497583438028,0.13052631578947463,23.170000000000037,234429.0,False,False,False,58.5
2025-11-19,MGSL,SM,99.75,100.0,98.0,99.0,99.85,22800,2.0,2.0,5.260714285714287,95.715,98.9675,,98.9675,108.11038111045971,89.82461888954029,0.18476532418136685,0.5,4.085000000000001,32280.0,False,False,True,100.0
2025-11-19,MHHL,SM,41.55,41.55,41.55,41.55,41.5,4500,0.0,0.04999999999999716,1.7714285714285718,45.68,47.772499999999994,51.295,47.772499999999994,53.50097929209834,42.044020707901645,0.23982329968489613,0.5,0.7050000000000007,6525.0,False,False,True,100.0
2025-11-19,MHLXMIRU,EQ,229.6,235.51,223.89,229.66,233.08,9065,11.620000000000005,11.620000000000005,11.61571428571429,217.60299999999998,214.25650000000002,216.739,214.25650000000002,231.48342923883993,197.0295707611601,0.16080659619512047,0.4965576592082623,9.664000000000003,16309.9,False,True,False,52.02
2025-11-19,MHRIL,EQ,334.9,337.0,321.8,323.45,333.1,186538,15.199999999999989,15.199999999999989,8.878571428571421,319.81,326.6925,340.98699999999997,326.6925,344.47350882964895,308.91149117035104,0.10885471095693322,0.10855263157894596,8.092499999999996,97470.85,False,False,False,50.55
2025-11-19,MICEL,EQ,46.9,47.5,46.15,47.14,46.65,1168424,1.3500000000000014,1.3500000000000014,1.6557142857142868,48.956,52.0115,58.4412,52.0115,58.78720151349649,45.235798486503505,0.260546283552541,0.7333333333333341,1.8355000000000008,2467747.1,False,False,False,45.13
2025-11-19,MICROPRO,SM,20.0,20.0,19.55,19.55,20.1,4800,0.4499999999999993,0.5500000000000007,0.464285714285714,20.830000000000002,21.115,22.363000000000003,21.115,22.46225647150053,19.767743528499466,0.12761131626810635,0.0,0.45499999999999974,6480.0,False,False,False,100.0
2025-11-19,MID150,EQ,22.61,22.9,22.59,22.72,22.62,47629,0.3099999999999987,0.3099999999999987,0.4649999999999996,22.553,22.4085,22.022999999999996,22.4085,22.793741482709233,22.023258517290767,0.0343835136407375,0.41935483870967594,0.42699999999999977,28185.05,False,False,False,41.71
2025-11-19,MID150BEES,EQ,232.6,232.6,229.85,231.33,230.64,578097,2.75,2.75,4.482857142857142,229.737,228.247,224.3898,228.247,232.53736641791824,223.9566335820818,0.03759406623454609,0.5381818181818248,4.1395,701859.1,False,True,False,73.81
2025-11-19,MID150CASE,EQ,11.34,11.34,11.1,11.19,11.16,1128770,0.2400000000000002,0.2400000000000002,0.38785714285714284,11.117999999999999,11.0475,10.8598,11.0475,11.242423061744894,10.852576938255105,0.03528817592123009,0.37499999999999906,0.4135,1468029.95,False,False,False,63.89
2025-11-19,MIDCAP,EQ,176.87,178.8,175.75,177.8,176.87,18756,3.0500000000000114,3.0500000000000114,2.5628571428571467,175.759,173.78850000000003,169.62279999999998,173.78850000000003,178.7286954414782,168.84830455852185,0.056852961403984506,0.6721311475409848,2.429000000000002,50032.4,False,True,False,62.33
2025-11-19,MIDCAPETF,EQ,22.9,22.9,22.71,22.83,22.75,1409098,0.18999999999999773,0.18999999999999773,0.3685714285714286,22.663,22.530499999999996,22.152599999999996,22.530499999999996,22.92690761849408,22.134092381505912,0.03518853274397678,0.6315789473684151,0.41750000000000026,2365278.2,False,True,False,66.87
2025-11-19,MIDCAPIETF,EQ,23.05,23.15,22.98,23.11,22.99,991031,0.16999999999999815,0.16999999999999815,0.392142857142857,22.945999999999998,22.8185,22.447599999999998,22.8185,23.191073482685027,22.445926517314973,0.03265538774985447,0.7647058823529437,0.3754999999999999,1335212.7,False,False,True,71.02
2025-11-19,MIDHANI,EQ,352.95,353.3,349.8,351.5,352.7,167943,3.5,3.5,10.367857142857146,371.555,376.56000000000006,384.64899999999994,376.56000000000006,397.3279946070874,355.7920053929127,0.11030377420377818,0.4857142857142825,9.105,317601.15,False,False,True,40.0
2025-11-19,MIDQ50ADD,EQ,250.66,251.85,250.01,251.84,250.66,12710,1.8400000000000034,1.8400000000000034,2.4364285714285723,250.497,250.575,249.9496,250.575,253.10778108015734,248.04221891984264,0.02021575241071415,0.9945652173913093,2.603999999999999,8027.5,False,False,False,36.16
2025-11-19,MIDSELIETF,EQ,18.68,18.68,18.52,18.61,18.56,79522,0.16000000000000014,0.16000000000000014,0.5835714285714282,18.564,18.357,17.9032,18.357,18.892055137345555,17.821944862654444,0.05829439857771479,0.5624999999999987,0.5409999999999998,218344.7,False,False,True,65.16
2025-11-19,MIDSMALL,EQ,49.55,49.85,49.4,49.74,49.5,156195,0.45000000000000284,0.45000000000000284,0.5085714285714289,49.282000000000004,49.0785,48.7012,49.0785,49.88480701348798,48.27219298651202,0.032857850728444465,0.7555555555555583,0.5230000000000004,205781.75,False,False,False,63.93
2025-11-19,MIDWESTLTD,EQ,1266.0,1266.3,1202.8,1209.7,1272.8,131645,63.5,70.0,53.90000000000003,1156.56,,,,,,,0.10866141732283607,,,False,False,False,40.03
2025-11-19,MIEL,ST,21.75,21.75,21.75,21.75,20.75,6000,0.0,1.0,0.9249999999999995,21.835,21.8875,24.305,21.8875,23.120332105357466,20.654667894642532,0.11265170580079652,0.5,0.4450000000000001,12600.0,False,False,True,100.0
2025-11-19,MINDACORP,EQ,593.0,619.0,593.0,605.3,595.25,802110,26.0,26.0,18.0107142857143,597.26,583.255,563.7589999999999,583.255,615.3840040306309,551.1259959693691,0.11017137969029286,0.47307692307692134,17.075000000000006,393627.2,False,True,False,36.68
2025-11-19,MINDSPACE,RR,472.6,474.9,462.0,463.62,469.11,115133,12.899999999999977,12.899999999999977,7.549285714285714,463.37299999999993,463.349,452.2226,463.349,469.8290984560457,456.8689015439543,0.027970702239761863,0.12558139534883778,7.678999999999999,105440.1,True,True,False,80.9
2025-11-19,MINDTECK,EQ,222.7,226.45,221.6,222.4,222.5,36362,4.849999999999994,4.849999999999994,10.78928571428572,237.75,258.2395,248.09,258.2395,304.75321603086536,211.72578396913468,0.3602370360139741,0.16494845360824997,11.393,135206.95,False,False,True,47.92
2025-11-19,MIRCELECTR,BE,25.55,26.41,25.51,25.62,25.9,311063,0.8999999999999986,0.8999999999999986,0.6507142857142851,26.15,27.345500000000005,27.200200000000006,27.345500000000005,30.00717973280043,24.68382026719958,0.19467040155056045,0.12222222222222179,0.35999999999999976,244676.35,False,False,False,
2025-11-19,MIRZAINT,EQ,40.0,40.39,39.05,39.2,40.0,109840,1.3400000000000034,1.3400000000000034,1.3164285714285724,37.807,38.022000000000006,37.8542,38.022000000000006,40.4803783272719,35.56362167272811,0.12931346732270235,0.11194029850746665,1.4595000000000007,321375.3,False,False,False,56.78
2025-11-19,MITCON,EQ,67.89,77.5,65.12,71.35,66.3,38718,12.379999999999995,12.379999999999995,3.4564285714285714,68.868,70.61449999999999,68.3968,70.61449999999999,77.10364624584781,64.12535375415217,0.18379075815442497,0.5032310177705971,4.710500000000001,50287.65,False,False,False,78.84
2025-11-19,MITTAL,EQ,1.31,1.4,1.3,1.32,1.34,1094310,0.09999999999999987,0.09999999999999987,0.07642857142857144,1.425,1.4585,1.5168000000000001,1.4585,1.568094707901434,1.3489052920985658,0.15028413836329668,0.20000000000000046,0.06500000000000003,811119.65,False,False,False,82.29
2025-11-19,MKPL,EQ,6.5,6.58,6.43,6.48,6.46,131355,0.15000000000000036,0.15000000000000036,0.2614285714285713,6.6,6.6819999999999995,6.8988,6.6819999999999995,6.926016392891968,6.437983607108031,0.07303693292187013,0.33333333333333726,0.35150000000000003,232247.55,False,False,False,72.98
2025-11-19,MMEL,SM,48.3,48.75,48.3,48.75,50.0,10000,0.45000000000000284,1.7000000000000028,4.110714285714286,54.855,59.105,64.19800000000001,59.105,71.20656601436377,47.00343398563623,0.4094938165760519,1.0,2.3825,19100.0,False,False,True,80.0
2025-11-19,MMFL,EQ,309.0,314.0,302.6,310.25,307.6,34564,11.399999999999977,11.399999999999977,8.324999999999992,304.53499999999997,305.4225,312.66,305.4225,315.2225242346645,295.62247576533554,0.06417355783980863,0.6710526315789467,8.557499999999994,34494.05,False,False,False,61.83
2025-11-19,MMP,EQ,265.7,265.85,258.3,260.85,261.75,7458,7.550000000000011,7.550000000000011,12.621428571428575,267.29,269.625,274.093,269.625,287.92403002893855,251.32596997106145,0.13573689404868647,0.33774834437086193,11.889999999999997,21240.8,False,False,False,53.62
2025-11-19,MMTC,EQ,64.55,64.72,63.72,64.3,64.62,667929,1.0,1.0,1.8057142857142858,65.94300000000001,66.961,67.1114,66.961,69.66217678059031,64.25982321940968,0.08067910516839104,0.5799999999999983,1.6469999999999991,1620143.1,False,False,False,45.81
2025-11-19,MNC,EQ,30.9,30.97,30.7,30.84,30.82,85255,0.2699999999999996,0.2699999999999996,0.3500000000000009,30.891999999999996,30.9065,30.796799999999998,30.9065,31.039807914243852,30.77319208575615,0.00862652932191291,0.5185185185185215,0.35100000000000053,70636.65,False,False,False,93.54
2025-11-19,MOALPHA50,EQ,51.71,52.07,51.7,52.04,51.81,2108,0.36999999999999744,0.36999999999999744,0.5942857142857149,51.63100000000001,51.4495,51.028400000000005,51.4495,52.19752339535608,50.70147660464392,0.029077965591738635,0.9189189189189153,0.7020000000000003,9867.55,False,False,False,67.69
2025-11-19,MOBIKWIK,EQ,257.25,259.05,251.7,253.2,256.75,999657,7.350000000000023,7.350000000000023,9.710714285714285,253.25,259.125,274.998,259.125,273.36640091423664,244.88359908576336,0.10991915804524176,0.2040816326530606,8.845000000000002,1278181.25,False,False,False,34.9
2025-11-19,MOCAPITAL,EQ,47.61,48.27,47.21,47.99,47.38,1761358,1.0600000000000023,1.0600000000000023,1.2950000000000006,46.818,46.553999999999995,44.757600000000004,46.553999999999995,48.08293950174632,45.02506049825367,0.06568455994098561,0.7358490566037731,1.217,721549.5,False,True,False,93.04
2025-11-19,MODEFENCE,EQ,90.49,90.8,89.85,90.34,90.4,1312451,0.9500000000000028,0.9500000000000028,1.6042857142857119,89.738,89.48299999999999,88.47900000000001,89.48299999999999,91.64138921420555,87.32461078579443,0.04824132436788119,0.5157894736842186,1.6559999999999981,2091689.95,False,False,True,60.81
2025-11-19,MODIRUBBER,EQ,115.5,115.5,114.1,115.2,115.53,1595,1.4000000000000057,1.4300000000000068,5.424285714285717,119.15700000000001,123.7365,120.9606,123.7365,134.47924690198,112.99375309802002,0.17363909439785324,0.7857142857142886,6.373500000000002,11119.75,False,False,True,64.33
2025-11-19,MODIS,EQ,389.05,389.5,375.95,376.9,384.4,32580,13.550000000000011,13.550000000000011,,,,,,,,,0.07011070110701018,,,False,False,False,85.08
2025-11-19,MODISONLTD,EQ,152.21,152.99,147.08,148.03,153.59,67640,5.909999999999997,6.509999999999991,5.963571428571432,146.452,150.124,156.8272,150.124,160.68985140913895,139.55814859086104,0.14076165581970848,0.16074450084602185,5.562500000000003,46755.15,False,False,False,56.4
2025-11-19,MODTHREAD,EQ,44.99,44.99,43.62,43.71,43.85,1814,1.3700000000000045,1.3700000000000045,2.3335714285714295,44.586,45.743,48.1758,45.743,48.72898124575487,42.75701875424513,0.13055467484663758,0.06569343065693657,2.3000000000000003,2553.7,False,False,True,56.45
2025-11-19,MOENERGY,EQ,36.37,36.4,36.03,36.18,36.36,425631,0.36999999999999744,0.36999999999999744,0.7721428571428568,36.269,36.1105,,36.1105,36.79139573357453,35.42960426642547,0.03771178652051511,0.4054054054054044,0.9420000000000002,103616.2,False,False,False,98.28
2025-11-19,MOGOLD,EQ,121.0,123.0,121.0,122.1,120.85,41547,2.0,2.1500000000000057,2.710714285714285,122.38,122.12249999999999,117.654,122.12249999999999,128.47997394803983,115.76502605196015,0.10411634134643231,0.5499999999999972,3.064999999999999,906405.5,False,False,False,38.68
2025-11-19,MOGSEC,EQ,62.63,62.85,62.45,62.69,62.79,34433,0.3999999999999986,0.3999999999999986,0.4571428571428581,62.722,62.706500000000005,62.4482,62.706500000000005,62.98052737089577,62.43247262910424,0.008739998912258407,0.5999999999999893,0.47300000000000003,21709.1,False,False,False,99.62
2025-11-19,MOHEALTH,EQ,45.45,45.45,44.86,45.18,45.17,55933,0.5900000000000034,0.5900000000000034,0.821428571428572,45.245,45.431,45.114200000000004,45.431,46.03845040949862,44.82354959050137,0.026741670203104723,0.5423728813559295,1.0240000000000002,80714.65,False,False,False,75.4
2025-11-19,MOHITIND,BE,30.8,31.49,30.17,30.24,31.64,13065,1.3199999999999967,1.4699999999999989,1.683571428571429,31.933,32.5255,33.1032,32.5255,34.38402064825766,30.666979351742338,0.11428083492998793,0.053030303030300686,1.5965,15831.2,False,False,False,
2025-11-19,MOIL,EQ,344.4,344.75,338.0,339.35,343.5,389092,6.75,6.75,10.08571428571428,358.74,364.59250000000003,364.961,364.59250000000003,383.7171248329225,345.4678751670776,0.10490958992805638,0.20000000000000337,10.122499999999997,652017.3,False,False,True,52.57
2025-11-19,MOINFRA,EQ,60.85,60.92,60.51,60.92,61.04,929,0.4100000000000037,0.5300000000000011,0.808571428571428,60.88900000000001,61.40500000000001,60.5282,61.40500000000001,62.709998084289644,60.10000191571037,0.042504619633242764,1.0,0.8879999999999996,4105.55,False,False,False,93.76
2025-11-19,MOKSH,EQ,14.63,14.95,14.52,14.57,14.98,398242,0.4299999999999997,0.46000000000000085,0.5499999999999999,14.683000000000002,14.462,14.454600000000001,14.462,15.183154629743173,13.740845370256826,0.0997309680186936,0.1162790697674436,0.5544999999999999,393054.4,False,True,True,91.34
2025-11-19,MOL,EQ,71.79,71.82,69.1,69.59,71.69,553420,2.719999999999999,2.719999999999999,2.210714285714286,72.933,76.9295,80.213,76.9295,85.56148812557124,68.29751187442876,0.22441295278329482,0.18014705882353282,2.0970000000000013,466533.15,False,False,False,69.1
2025-11-19,MOLDTECH,EQ,179.63,180.55,170.0,171.88,179.63,87029,10.550000000000011,10.550000000000011,9.39214285714286,182.86399999999998,191.5605,184.00599999999997,191.5605,211.67890100505022,171.44209899494976,0.2100474889661515,0.1781990521327008,9.141500000000002,76838.8,False,False,False,48.17
2025-11-19,MOLDTKPAC,EQ,680.0,680.0,660.0,661.2,682.45,32918,20.0,22.450000000000045,34.685714285714276,674.49,710.9649999999999,754.224,710.9649999999999,795.3677671347327,626.5622328652671,0.23743156733378668,0.060000000000002274,29.59499999999999,70909.1,False,False,False,56.33
2025-11-19,MOLOWVOL,EQ,38.9,39.04,38.81,38.89,38.9,44395,0.22999999999999687,0.22999999999999687,0.3907142857142856,38.663,38.6625,38.2112,38.6625,39.10299404082229,38.222005959177714,0.02278662998110764,0.34782608695651906,0.4269999999999996,38684.4,False,False,False,99.36
2025-11-19,MOM100,EQ,65.69,65.76,65.35,65.61,65.51,378832,0.4100000000000108,0.4100000000000108,1.0121428571428568,65.132,64.5655,63.254000000000005,64.5655,66.05839617857359,63.07260382142641,0.04624439301402724,0.6341463414634104,1.0569999999999993,453534.75,False,False,True,68.9
2025-11-19,MOM30IETF,EQ,32.47,32.59,32.26,32.52,32.32,429961,0.3300000000000054,0.3300000000000054,0.38642857142857195,32.238,32.275,31.6336,32.275,32.67682085560644,31.873179144393557,0.02489982064176234,0.7878787878787905,0.39550000000000035,1107307.8,False,True,False,68.32
2025-11-19,MOM50,EQ,268.35,270.35,268.12,270.26,269.5,2052,2.230000000000018,2.230000000000018,2.595714285714284,267.858,268.18850000000003,263.2344,268.18850000000003,271.17163442540016,265.2053655745999,0.022246549910977714,0.9596412556053672,2.9240000000000066,4659.0,False,False,False,94.2
2025-11-19,MOMENTUM,EQ,32.03,32.49,32.03,32.32,32.28,37808,0.46000000000000085,0.46000000000000085,0.4642857142857148,32.077,32.126,31.481199999999998,32.126,32.49355407765384,31.758445922346155,0.0228820318529442,0.6304347826086927,0.4985000000000005,91404.3,False,False,False,70.96
2025-11-19,MOMENTUM30,EQ,31.9,32.05,31.72,32.05,31.9,5581,0.3299999999999983,0.3299999999999983,0.49714285714285794,31.74,31.966,,31.966,32.919612080460396,31.012387919539606,0.05966414818622257,1.0,1.0205000000000013,39837.0,False,False,False,58.93
2025-11-19,MOMENTUM50,EQ,54.16,54.21,53.58,54.19,53.9,456963,0.6300000000000026,0.6300000000000026,0.8292857142857147,53.777,53.68000000000001,52.4896,53.68000000000001,54.275012604907715,53.0849873950923,0.022168874996561415,0.9682539682539634,0.8644999999999999,420332.6,False,False,False,88.61
2025-11-19,MOMGF,EQ,153.0,153.0,152.16,152.3,152.97,546,0.8400000000000034,0.8400000000000034,1.4242857142857182,152.312,151.947,150.8698,151.947,153.58260508680803,150.31139491319198,0.021528626255313068,0.1666666666666836,1.376500000000003,1418.5,False,False,False,95.6
2025-11-19,MOMIDMTM,EQ,65.0,65.0,64.1,64.72,64.19,38408,0.9000000000000057,0.9000000000000057,0.970714285714286,64.00699999999999,63.606500000000004,62.572399999999995,63.606500000000004,64.81747109792114,62.395528902078865,0.038076960622613676,0.6888888888888896,1.1624999999999992,54719.65,False,True,False,68.75
2025-11-19,MOMOMENTUM,EQ,65.2,65.2,64.22,64.74,64.52,200642,0.980000000000004,0.980000000000004,0.8535714285714278,64.301,64.33149999999999,63.047,64.33149999999999,65.10579387185967,63.557206128140315,0.02407199806812152,0.530612244897953,0.8679999999999989,111298.7,False,False,False,66.91
2025-11-19,MON100,EQ,234.78,234.78,231.26,233.55,234.28,656119,3.5200000000000102,3.5200000000000102,5.853571428571426,238.60499999999996,240.3,228.45940000000002,240.3,247.11364806839956,233.48635193160047,0.05670951367789883,0.6505681818181858,6.374499999999998,1171981.5,False,False,False,57.03
2025-11-19,MON50EQUAL,EQ,33.26,33.46,33.25,33.44,33.26,3328,0.21000000000000085,0.21000000000000085,0.4742857142857138,33.138999999999996,33.220000000000006,32.693200000000004,33.220000000000006,33.675850852801624,32.76414914719839,0.02744436199889329,0.9047619047618902,0.41149999999999987,7108.75,False,False,False,94.47
2025-11-19,MONARCH,EQ,321.0,324.45,315.7,317.35,320.75,82668,8.75,8.75,7.885714285714276,312.245,311.67,318.505,311.67,320.82392811857574,302.5160718814243,0.05874115647047018,0.18857142857143247,7.627499999999995,121263.25,False,False,False,51.3
2025-11-19,MONEXT50,EQ,69.25,69.76,68.85,69.32,69.35,7154,0.9100000000000108,0.9100000000000108,1.077142857142857,69.452,69.369,68.5994,69.369,69.90892221661935,68.82907778338065,0.015566671470522722,0.5164835164835091,1.263000000000001,5794.7,False,False,False,78.82
2025-11-19,MONEYBOXX,EQ,139.88,140.69,132.21,137.94,139.18,79078,8.47999999999999,8.47999999999999,8.758571428571427,147.179,156.37550000000002,,156.37550000000002,178.4326598126323,134.31834018736774,0.28210505881845016,0.675707547169811,10.541499999999997,23929.25,False,False,False,20.0
2025-11-19,MONIFTY100,EQ,26.64,26.67,26.53,26.66,26.71,4746,0.14000000000000057,0.17999999999999972,0.666428571428571,26.544999999999998,26.5865,,26.5865,27.028960167698745,26.144039832301257,0.033284574328982325,0.9285714285714177,0.5369999999999997,10884.45,False,False,True,99.89
2025-11-19,MONIFTY500,EQ,24.38,24.38,24.15,24.28,24.24,308487,0.23000000000000043,0.23000000000000043,0.29714285714285715,24.164,24.182,23.8244,24.182,24.390671991412454,23.973328008587544,0.01725845599309032,0.5652173913043579,0.34199999999999964,481407.8,False,False,False,68.63
2025-11-19,MONOLITH,SM,572.65,585.0,555.0,562.9,575.55,38250,30.0,30.0,30.985714285714277,549.1850000000001,501.50250000000005,480.76,501.50250000000005,601.5808266996411,401.42417330035903,0.3991139693207552,0.2633333333333326,27.0225,64100.0,False,False,False,81.7
2025-11-19,MONOPHARMA,SM,20.0,20.0,19.55,19.7,20.55,6000,0.4499999999999993,1.0,0.8178571428571433,20.465,21.232499999999998,22.92,21.232499999999998,23.309583291541294,19.155416708458702,0.1956513167588646,0.3333333333333307,0.4800000000000004,11900.0,False,False,False,66.67
2025-11-19,MONQ50,EQ,97.49,97.49,95.25,96.53,97.57,267889,2.239999999999995,2.319999999999993,3.0071428571428567,98.36699999999999,99.5645,96.57440000000001,99.5645,102.69881635289022,96.43018364710977,0.06296052012293989,0.5714285714285733,2.4080000000000004,254445.6,False,False,False,59.64
2025-11-19,MONTECARLO,EQ,822.5,826.0,807.3,814.4,821.25,45456,18.700000000000045,18.700000000000045,28.750000000000007,758.925,729.4625,686.0640000000001,729.4625,814.7486235782226,644.1763764217774,0.23383278394221116,0.37967914438502703,24.605000000000018,78949.4,False,True,False,44.53
2025-11-19,MOPSE,EQ,100.91,100.91,100.36,100.83,101.19,500,0.5499999999999972,0.8299999999999983,1.4607142857142839,100.756,100.62899999999999,99.24400000000001,100.62899999999999,102.08214692994191,99.17585307005807,0.028881275376718897,0.8545454545454569,1.185499999999997,3204.0,False,False,False,100.0
2025-11-19,MOQUALITY,EQ,197.58,198.66,197.32,198.62,197.58,938,1.3400000000000034,1.3400000000000034,1.72071428571429,196.98399999999998,197.0265,195.5422,197.0265,199.21800427788853,194.83499572211147,0.022245781941906562,0.9701492537313493,1.4509999999999992,1254.45,False,False,False,99.36
2025-11-19,MORARJEE,BZ,7.9,7.9,7.5,7.7,7.9,979,0.40000000000000036,0.40000000000000036,0.4914285714285715,8.048,8.5125,8.8532,8.5125,9.615856243468075,7.409143756531924,0.25923201021276376,0.5,0.5540000000000002,6412.15,False,False,False,
2025-11-19,MOREALTY,EQ,92.89,93.79,91.93,92.57,92.88,473836,1.8599999999999994,1.8599999999999994,1.8257142857142838,94.219,94.3175,91.3294,94.3175,96.03103290017965,92.60396709982034,0.036335418139362426,0.3440860215053691,1.7149999999999992,810697.65,False,False,False,66.4
2025-11-19,MOREPENLAB,EQ,45.6,45.75,45.06,45.48,45.71,1272678,0.6899999999999977,0.6899999999999977,1.154285714285713,46.595,47.544500000000006,49.3284,47.544500000000006,49.819173383147785,45.26982661685223,0.09568607864833063,0.6086956521739072,1.0789999999999993,1312162.9,False,False,True,45.04
2025-11-19,MOS,SM,24.0,24.0,23.55,24.0,23.95,120000,0.4499999999999993,0.4499999999999993,1.0321428571428568,24.365,24.595,38.788,24.595,25.52284697010596,23.66715302989404,0.07545004839243429,1.0,1.1824999999999997,268400.0,False,False,False,80.0
2025-11-19,MOSCHIP,EQ,223.15,226.45,221.0,224.45,223.15,1064628,5.449999999999989,5.449999999999989,7.468571428571427,229.24,245.14499999999998,252.55719999999997,245.14499999999998,279.5763801640311,210.71361983596887,0.28090624050281354,0.633027522935779,8.364,2169422.1,False,False,True,28.1
2025-11-19,MOSILVER,EQ,151.83,156.89,151.83,154.44,151.65,34458,5.059999999999974,5.239999999999981,6.126428571428572,153.355,150.585,145.0538,150.585,164.4333753559756,136.7366246440244,0.1839276867679464,0.5158102766798417,6.1819999999999995,400222.8,False,False,False,45.36
2025-11-19,MOSMALL250,EQ,17.17,17.18,17.02,17.05,17.11,1197035,0.16000000000000014,0.16000000000000014,0.23857142857142857,17.157,17.246000000000002,17.1704,17.246000000000002,17.50702873405062,16.984971265949383,0.03027122046278777,0.18750000000000694,0.22449999999999976,1026408.25,False,False,False,81.47
2025-11-19,MOTHERSON,EQ,108.91,112.99,108.45,112.16,108.96,33900889,4.539999999999992,4.539999999999992,3.251428571428569,107.245,106.78800000000001,105.6016,106.78800000000001,111.34170881809617,102.23429118190386,0.0852850286192485,0.8171806167400881,2.924499999999999,18137453.8,False,True,False,29.77
2025-11-19,MOTILALOFS,EQ,973.95,982.0,963.0,967.55,972.1,428098,19.0,19.0,34.3142857142857,986.7150000000001,1006.8050000000001,963.3209999999999,1006.8050000000001,1066.1951245999703,947.4148754000298,0.11797741290512115,0.23947368421052392,26.392500000000005,1350312.5,False,False,False,49.68
2025-11-19,MOTISONS,EQ,16.6,16.69,15.95,16.0,16.6,2074813,0.740000000000002,0.740000000000002,0.5571428571428577,16.481,16.713500000000003,17.7416,16.713500000000003,17.324475449589006,16.102524550411,0.07311161032566514,0.06756756756756835,0.5495000000000004,2199393.25,False,False,False,75.73
2025-11-19,MOTOGENFIN,EQ,25.05,25.69,24.8,25.02,25.17,4908,0.8900000000000006,0.8900000000000006,1.369999999999999,25.644,26.068,26.3412,26.068,27.235212062994513,24.90078793700549,0.08955133213092772,0.24719101123595363,1.2589999999999995,32329.7,False,False,False,75.96
2025-11-19,MOTOUR,EQ,88.61,88.61,88.03,88.16,88.03,7241,0.5799999999999983,0.5799999999999983,1.5721428571428595,87.926,88.8135,89.8674,88.8135,90.94952691930669,86.67747308069332,0.04810140168570514,0.22413793103447557,1.545000000000001,12181.15,False,False,True,98.63
2025-11-19,MOVALUE,EQ,115.44,115.74,114.4,114.64,114.87,37100,1.3399999999999892,1.3399999999999892,1.8149999999999977,114.572,112.38499999999999,107.9376,112.38499999999999,117.85286064196929,106.9171393580307,0.0973058796453138,0.17910447761193793,1.8259999999999992,78852.8,False,True,False,77.28
2025-11-19,MOXSH,ST,87.75,87.75,87.75,87.75,89.5,6400,0.0,1.75,3.0607142857142855,83.055,71.865,52.124,71.865,99.26246521121996,44.46753478878002,0.7624703321845119,0.5,0.4674999999999997,37280.0,False,False,True,100.0
2025-11-19,MPEL,SM,109.9,109.9,109.9,109.9,108.5,6400,0.0,1.4000000000000057,6.982142857142859,112.35499999999999,114.67750000000001,,114.67750000000001,125.68079382503267,103.67420617496735,0.19189978548595243,0.5,7.5625,125360.0,False,False,True,100.0
2025-11-19,MPHASIS,EQ,2674.5,2725.9,2665.4,2713.7,2658.5,814207,60.5,67.40000000000009,82.61428571428574,2757.5,2781.3650000000002,2802.57,2781.3650000000002,2907.915278940821,2654.8147210591796,0.09099868513540696,0.7983471074380121,73.44500000000002,684711.45,False,False,False,44.92
2025-11-19,MPSLTD,EQ,2151.2,2209.1,2130.0,2138.1,2155.1,19795,79.09999999999991,79.09999999999991,95.07142857142857,2240.17,2248.48,2227.276,2248.48,2360.992818825249,2135.967181174751,0.10007900343809935,0.10240202275600402,83.16499999999999,25112.65,False,False,False,58.75
2025-11-19,MPTODAY,SM,41.3,45.55,41.3,45.55,43.45,4000,4.25,4.25,2.282142857142857,39.34,43.222500000000004,,43.222500000000004,53.30324774012325,33.14175225987676,0.46645833721433244,1.0,0.7674999999999997,3200.0,False,False,False,100.0
2025-11-19,MRF,EQ,155600.0,155655.0,153100.0,153355.0,155210.0,4529,2555.0,2555.0,2407.5,157035.0,158261.5,153965.6,158261.5,162509.71150603378,154013.28849396622,0.05368597550299702,0.09980430528375733,2676.25,5432.95,False,False,False,44.36
2025-11-19,MRIL,SM,68.5,69.9,66.95,67.1,66.95,80000,2.950000000000003,2.950000000000003,3.6321428571428576,73.05999999999999,73.485,62.597,73.485,82.86530383303241,64.10469616696759,0.2552984645310584,0.050847457627115705,4.25,116240.0,False,False,False,98.0
2025-11-19,MRPL,EQ,178.5,178.5,173.1,174.09,178.39,3829133,5.400000000000006,5.400000000000006,9.025714285714287,175.067,163.793,145.907,163.793,189.4136932771147,138.1723067228853,0.3128423470736197,0.18333333333333482,8.2715,14478585.3,False,True,False,32.92
2025-11-19,MSCIINDIA,EQ,30.85,30.99,30.7,30.89,30.85,6740,0.28999999999999915,0.28999999999999915,0.4742857142857143,30.724,30.688500000000005,30.1512,30.688500000000005,31.04223860405654,30.33476139594347,0.02305349587347276,0.6551724137931098,0.4604999999999997,18460.65,False,False,False,92.67
2025-11-19,MSPL,EQ,35.4,35.4,34.1,34.18,35.35,590739,1.2999999999999972,1.2999999999999972,1.3407142857142857,33.887,34.093,35.4544,34.093,36.01488553249141,32.171114467508595,0.11274370295904781,0.06153846153846036,1.2565,971883.5,False,False,False,55.58
2025-11-19,MSTCLTD,EQ,509.9,511.8,500.0,500.95,508.75,113703,11.800000000000011,11.800000000000011,14.171428571428565,525.865,533.3599999999999,525.304,533.3599999999999,558.4371529484519,508.2828470515479,0.09403462182560367,0.08050847457627014,13.570000000000002,224992.1,False,False,False,56.42
2025-11-19,MSUMI,EQ,48.45,48.95,47.81,48.64,48.42,9989905,1.1400000000000006,1.1400000000000006,1.227142857142859,47.483999999999995,47.199,47.023199999999996,47.199,48.94915313615656,45.448846863843436,0.07416060239227791,0.7280701754385946,1.1970000000000016,4266950.75,False,False,False,73.68
2025-11-19,MTARTECH,EQ,2583.9,2628.2,2556.8,2595.9,2583.9,191355,71.39999999999964,71.39999999999964,112.35714285714282,2554.07,2429.46,2056.102,2429.46,2750.7650351301772,2108.154964869823,0.264507367999619,0.5476190476190491,99.95,653839.4,False,True,False,33.31
2025-11-19,MTEDUCARE,BE,1.99,1.99,1.8,1.9,1.9,25047,0.18999999999999995,0.18999999999999995,0.12285714285714285,1.9549999999999996,2.0105,2.0284,2.0105,2.1734079494684067,1.847592050531593,0.16205714943387894,0.5263157894736836,0.13649999999999998,19739.15,False,False,False,
2025-11-19,MTNL,EQ,40.18,40.33,39.31,39.57,40.19,934162,1.019999999999996,1.019999999999996,0.8578571428571422,40.809999999999995,41.357,42.7748,41.357,42.77420993504835,39.93979006495165,0.06853543221453914,0.25490196078431276,0.8654999999999997,1067848.3,False,False,False,61.06
2025-11-19,MUFIN,EQ,116.5,116.88,113.0,113.64,114.86,529917,3.8799999999999955,3.8799999999999955,7.088571428571428,114.23800000000001,107.002,96.021,107.002,124.94528799300764,89.05871200699235,0.3353822917890814,0.16494845360824775,6.2665000000000015,2869608.9,False,False,False,50.29
2025-11-19,MUFTI,EQ,99.06,103.0,99.0,100.43,99.06,265422,4.0,4.0,3.424285714285712,103.84200000000001,108.37100000000001,112.68699999999998,108.37100000000001,119.1877091113714,97.55429088862861,0.19962368366761207,0.3575000000000017,3.026999999999999,141741.25,False,False,False,36.13
2025-11-19,MUKANDLTD,EQ,137.08,138.87,134.6,137.52,137.22,75397,4.27000000000001,4.27000000000001,6.118571428571434,134.885,134.823,134.6684,134.823,144.63891177629478,125.00708822370524,0.1456118284906102,0.683840749414522,5.0945,218490.35,False,False,False,44.4
2025-11-19,MUKKA,EQ,25.36,25.69,24.6,24.88,25.38,471607,1.0899999999999999,1.0899999999999999,0.7985714285714286,25.131,25.083999999999996,26.295800000000003,25.083999999999996,26.1996952989055,23.968304701094493,0.08895672930198563,0.2568807339449519,0.782,328479.45,False,False,False,60.16
2025-11-19,MUKTAARTS,EQ,67.0,67.0,65.6,65.96,65.56,479,1.4000000000000057,1.4399999999999977,2.1771428571428584,66.599,67.00250000000001,67.8828,67.00250000000001,69.7692661628694,64.23573383713062,0.08258695310979104,0.2571428571428557,2.586000000000001,6092.15,False,False,True,57.62
2025-11-19,MULTICAP,EQ,16.64,16.69,16.6,16.66,16.64,111148,0.08999999999999986,0.08999999999999986,0.21785714285714317,16.606,16.6025,16.373,16.6025,16.755846013968426,16.449153986031572,0.01847264134539103,0.6666666666666535,0.21549999999999994,218662.95,False,False,False,81.03
2025-11-19,MUNISH,SM,106.6,108.0,102.1,106.95,106.6,76800,5.900000000000006,5.900000000000006,8.021428571428572,115.60999999999999,122.85999999999999,,122.85999999999999,142.22723005491488,103.49276994508509,0.3152731573321651,0.8220338983050854,7.652500000000001,91020.0,False,False,False,75.0
2025-11-19,MUNJALAU,EQ,88.75,89.65,87.4,87.72,88.45,157887,2.25,2.25,3.4528571428571433,88.643,90.63300000000001,94.094,90.63300000000001,95.31450873116755,85.95149126883247,0.10330693524803415,0.1422222222222192,2.923000000000001,218015.1,False,False,False,45.08
2025-11-19,MUNJALSHOW,EQ,130.25,130.79,122.1,127.2,129.54,189223,8.689999999999998,8.689999999999998,3.8978571428571445,130.34300000000002,128.982,134.435,128.982,134.4006957840423,123.56330421595769,0.08402251142085428,0.5868814729574234,3.184500000000002,52056.4,False,False,False,45.89
2025-11-19,MURUDCERA,EQ,39.15,39.58,38.65,38.71,39.15,38959,0.9299999999999997,0.9299999999999997,1.4328571428571426,40.501,42.102999999999994,42.616800000000005,42.102999999999994,46.09420583282781,38.11179416717218,0.18959246765445772,0.06451612903226053,1.5030000000000001,63923.2,False,False,True,82.97
2025-11-19,MUTHOOTCAP,EQ,281.7,281.7,272.1,274.75,280.2,19333,9.599999999999966,9.599999999999966,12.457142857142859,277.89,274.0475,275.82399999999996,274.0475,298.87821636099204,249.216783639008,0.18121468986939865,0.2760416666666653,11.3325,55748.35,False,True,False,60.02
2025-11-19,MUTHOOTFIN,EQ,3692.1,3709.8,3676.5,3701.7,3695.9,314805,33.30000000000018,33.30000000000018,96.28571428571438,3469.13,3342.4550000000004,3172.8340000000003,3342.4550000000004,3750.393561428063,2934.5164385719377,0.24409517042297513,0.7567567567567471,83.04500000000004,826316.95,False,True,True,52.92
2025-11-19,MUTHOOTMF,EQ,171.0,175.0,166.02,172.27,172.28,213159,8.97999999999999,8.97999999999999,5.608571428571428,168.453,167.27100000000002,167.06580000000002,167.27100000000002,174.1873976172569,160.35460238274314,0.08269691240271028,0.695991091314032,5.258,147302.25,False,False,False,41.65
2025-11-19,MVGJL,EQ,196.35,201.2,196.3,198.56,198.39,61271,4.899999999999977,4.899999999999977,7.764999999999996,199.87,194.292,193.6762,194.292,206.34264911114752,182.24135088885248,0.12404678639519405,0.4612244897959186,6.814999999999996,97479.0,False,False,False,53.25
2025-11-19,MVKAGRO,ST,665.4,665.4,655.0,655.0,652.4,57600,10.399999999999977,13.0,17.660714285714278,617.7850000000001,584.4150000000001,515.717,584.4150000000001,679.5090855153444,489.3209144846557,0.3254334180859298,0.0,8.597499999999986,75015.0,True,True,False,98.44
2025-11-19,MWL,EQ,239.35,241.0,227.82,239.47,232.72,31714,13.180000000000007,13.180000000000007,13.164999999999996,222.823,229.48200000000003,228.379,229.48200000000003,247.9177268367704,211.04627316322964,0.16067253062785214,0.8839150227617603,12.666999999999998,17296.65,False,False,False,33.83
2025-11-19,MYMUDRA,ST,87.25,88.45,86.0,86.9,86.9,31200,2.450000000000003,2.450000000000003,4.1035714285714295,87.18,89.6125,92.34599999999999,89.6125,96.53434043445151,82.69065956554849,0.15448381496892757,0.3673469387755121,3.4850000000000008,14940.0,False,False,False,100.0
2025-11-19,NACLIND,BE,190.0,190.0,184.0,188.33,190.98,76329,6.0,6.97999999999999,7.83357142857143,186.94599999999997,195.75050000000002,214.63459999999998,195.75050000000002,216.65881459013283,174.8421854098672,0.21362208106883832,0.7216666666666688,7.945499999999998,166818.35,False,False,False,
2025-11-19,NAGAFERT,EQ,4.83,4.88,4.75,4.79,4.83,330729,0.1299999999999999,0.1299999999999999,0.13214285714285712,4.8629999999999995,4.915,5.0931999999999995,4.915,5.054212068442325,4.775787931557675,0.05664784066829105,0.3076923076923082,0.14049999999999993,312283.4,False,False,False,75.37
2025-11-19,NAGREEKCAP,BE,28.52,29.28,28.0,29.0,28.52,1703,1.2800000000000011,1.2800000000000011,1.5642857142857147,30.488999999999997,30.8645,29.625999999999998,30.8645,33.191639660613575,28.53736033938642,0.15079717219547228,0.7812499999999993,1.6149999999999998,8792.3,False,False,False,
2025-11-19,NAGREEKEXP,EQ,27.02,28.2,27.01,27.02,27.32,8342,1.1899999999999977,1.1899999999999977,1.5707142857142853,27.752,28.485000000000003,30.432799999999997,28.485000000000003,30.363568604017278,26.606431395982728,0.13189879613953132,0.00840336134453616,1.5684999999999998,13834.8,False,False,False,60.88
2025-11-19,NAHARCAP,EQ,268.3,274.9,265.3,271.45,273.65,9269,9.599999999999966,9.599999999999966,10.039285714285715,276.835,282.2925,285.27299999999997,282.2925,296.3060389891358,268.27896101086424,0.09928382078259805,0.6406249999999999,9.249999999999996,4456.35,False,False,False,52.35
2025-11-19,NAHARINDUS,EQ,121.81,121.81,116.0,117.46,119.79,22318,5.810000000000002,5.810000000000002,4.655714285714285,112.431,113.785,115.1798,113.785,119.22197894055138,108.34802105944861,0.09556582924904661,0.25129087779690074,4.3865,16271.6,False,False,False,59.89
2025-11-19,NAHARPOLY,EQ,270.0,277.5,264.35,266.55,270.35,23002,13.149999999999977,13.149999999999977,13.499999999999991,295.315,295.4625,296.455,295.4625,318.69314516969047,272.2318548303095,0.15724936443501622,0.16730038022813631,12.827499999999992,21188.05,False,False,False,59.22
2025-11-19,NAHARSPING,EQ,207.27,211.99,206.92,209.91,206.01,25427,5.070000000000022,5.980000000000018,6.385714285714286,205.709,205.7765,208.63119999999998,205.7765,212.73821609590746,198.81478390409254,0.06766288760774396,0.589743589743589,5.955500000000001,17993.0,False,False,False,68.35
2025-11-19,NAM-INDIA,EQ,858.0,885.0,858.0,883.1,862.25,431045,27.0,27.0,29.700000000000006,873.555,892.835,867.294,892.835,956.306206857915,829.3637931420851,0.14217902940165858,0.9296296296296305,31.185000000000002,1009540.55,False,False,False,59.2
2025-11-19,NAMAN,SM,74.5,76.9,74.5,76.9,73.8,3200,2.4000000000000057,3.1000000000000085,3.2821428571428584,72.26,77.1325,83.20100000000001,77.1325,88.81086782260267,65.45413217739731,0.3028131545743411,1.0,2.527500000000001,11080.0,False,False,False,100.0
2025-11-19,NAMOEWASTE,SM,192.5,192.5,189.9,190.25,192.5,27200,2.5999999999999943,2.5999999999999943,11.742857142857146,194.59499999999997,196.7075,188.22299999999998,196.7075,215.5880793078492,177.82692069215082,0.1919660339117643,0.13461538461538272,9.947500000000002,83160.0,False,False,True,79.41
2025-11-19,NARMADA,BE,24.0,25.04,24.0,24.61,23.85,207643,1.0399999999999991,1.1899999999999977,1.062857142857143,22.782,23.458499999999997,23.755399999999998,23.458499999999997,25.409041206947407,21.507958793052588,0.1662971807189215,0.5865384615384615,1.0505,81744.4,False,False,False,
2025-11-19,NATCAPSUQ,BE,193.89,193.89,184.19,184.21,193.89,7972,9.699999999999989,9.699999999999989,9.271428571428569,199.611,208.573,220.0586,208.573,231.36603762116852,185.7799623788315,0.21856172775161223,0.00206185567010415,9.301,4335.7,False,False,False,
2025-11-19,NATCOPHARM,EQ,818.0,848.0,811.4,830.15,814.55,2313933,36.60000000000002,36.60000000000002,18.864285714285717,813.885,821.6325,831.123,821.6325,846.060727013015,797.2042729869851,0.05946266004086979,0.5122950819672129,18.1,532845.25,False,False,False,23.12
2025-11-19,NATHBIOGEN,EQ,163.53,164.05,161.0,162.02,163.53,14974,3.0500000000000114,3.0500000000000114,5.305000000000002,166.664,168.3655,168.9296,168.3655,174.27298499786446,162.45801500213554,0.07017453098009341,0.33442622950819884,5.050500000000004,16152.35,False,False,False,60.77
2025-11-19,NATIONALUM,EQ,257.0,260.1,254.7,256.6,257.3,8673115,5.400000000000034,5.400000000000034,7.317857142857144,255.973,244.3895,226.7482,244.3895,274.5584930060654,214.22050699393458,0.24689271025199871,0.35185185185185597,5.906999999999995,14358277.1,False,True,False,44.32
2025-11-19,NAUKRI,EQ,1324.9,1364.0,1318.0,1362.2,1324.9,862715,46.0,46.0,30.62142857142859,1341.5400000000002,1351.5849999999998,1353.708,1351.5849999999998,1402.4627859188092,1300.7072140811904,0.07528610619207735,0.9608695652173923,32.060000000000024,1060886.45,False,False,False,56.98
2025-11-19,NAVA,EQ,549.15,550.05,532.1,535.85,546.9,314316,17.949999999999932,17.949999999999932,18.582142857142856,557.5600000000001,585.705,636.898,585.705,651.2166165271464,520.1933834728537,0.22370174926676847,0.20891364902507042,17.697499999999998,335925.3,False,False,False,60.36
2025-11-19,NAVINFLUOR,EQ,6010.0,6084.5,5979.5,6023.0,6026.5,75432,105.0,105.0,179.57857142857145,6028.8,5576.6,5071.7,5576.6,6524.47876861971,4628.721231380291,0.3399486312877772,0.4142857142857143,146.17000000000002,427707.85,False,True,False,46.59
2025-11-19,NAVKARCORP,EQ,108.45,109.25,105.6,106.26,108.42,396953,3.6500000000000057,3.6500000000000057,3.3150000000000017,110.94300000000001,115.7005,120.2968,115.7005,126.17748520567831,105.2235147943217,0.18110527103475443,0.18082191780822185,3.3695000000000013,311271.4,False,False,False,61.74
2025-11-19,NAVKARURB,EQ,1.9,1.96,1.8,1.81,1.9,4086756,0.15999999999999992,0.15999999999999992,0.14500000000000002,1.9499999999999997,2.1414999999999997,2.3484,2.1414999999999997,2.5889941340397638,1.6940058659602357,0.41792587815994775,0.06250000000000008,0.11750000000000001,2692873.85,False,False,False,49.02
2025-11-19,NAVNETEDUL,EQ,156.05,156.8,153.49,154.49,157.61,140772,3.3100000000000023,4.1200000000000045,4.699999999999998,153.637,157.31,157.1738,157.31,166.27441186023998,148.34558813976003,0.11397129057580545,0.30211480362537746,4.2355,295523.55,False,False,True,54.68
2025-11-19,NAZARA,EQ,275.0,275.4,271.2,273.85,274.6,878990,4.199999999999989,4.199999999999989,9.035714285714286,266.67,267.4875,534.489,267.4875,278.2902253506433,256.6847746493567,0.08077181438865966,0.6309523809523908,8.110000000000005,1301263.3,False,False,True,63.49
2025-11-19,NBCC,EQ,114.57,114.84,112.55,113.04,114.96,6455676,2.2900000000000063,2.4099999999999966,3.8221428571428584,113.21700000000001,113.28799999999998,110.81220000000002,113.28799999999998,117.9442542885885,108.63174571141147,0.08220207415769569,0.21397379912664094,3.3290000000000015,10400054.7,False,False,True,28.85
2025-11-19,NBIFIN,EQ,2376.0,2459.0,2360.1,2376.3,2376.0,334,98.90000000000009,98.90000000000009,100.90000000000006,2422.06,2509.42,2549.96,2509.42,2697.410867863315,2321.429132136685,0.14982814185215315,0.16380182002022506,88.57500000000005,270.0,False,False,False,55.99
2025-11-19,NCC,EQ,182.8,182.8,179.5,180.83,181.85,3529936,3.3000000000000114,3.3000000000000114,5.005,188.01,199.36650000000003,205.4846,199.36650000000003,224.4209098114482,174.31209018855185,0.25134021825580705,0.40303030303030546,4.549000000000001,3774890.7,False,False,False,48.46
2025-11-19,NCLIND,EQ,208.85,211.0,206.01,210.29,209.05,69171,4.990000000000009,4.990000000000009,6.005714285714286,201.952,200.31,204.52740000000003,200.31,209.22725294022848,191.39274705977152,0.0890345258871597,0.8577154308617221,5.384,104985.5,False,False,False,72.77
2025-11-19,NDGL,EQ,3640.0,3699.0,3551.0,3588.6,3662.1,296,148.0,148.0,93.92857142857146,3665.5299999999997,3785.925,3819.0119999999997,3785.925,4047.010494618163,3524.839505381837,0.13792428250330527,0.25405405405405346,100.05000000000003,174.9,False,False,False,81.76
2025-11-19,NDL,EQ,3.15,3.18,3.13,3.15,3.14,1281813,0.050000000000000266,0.050000000000000266,0.08357142857142856,3.215,3.2585,3.3392,3.2585,3.410457230824986,3.1065427691750145,0.09326820980511627,0.39999999999999825,0.09299999999999997,1631732.3,False,False,True,57.08
2025-11-19,NDLVENTURE,BE,85.0,86.46,84.0,85.24,84.47,2825,2.4599999999999937,2.4599999999999937,2.8064285714285697,86.996,85.8235,85.34880000000001,85.8235,89.74898735827814,81.89801264172185,0.09147814662133676,0.5040650406504057,2.9404999999999992,7911.75,False,False,False,
2025-11-19,NDRAUTO,EQ,853.05,874.65,850.2,870.35,858.5,22905,24.449999999999932,24.449999999999932,34.77857142857142,906.6300000000001,938.8700000000001,1009.96,938.8700000000001,1024.8802575278032,852.859742472197,0.18322080272626262,0.8241308793456047,32.44249999999998,37443.9,False,False,False,46.62
2025-11-19,NDRINVIT,IV,120.0,120.0,120.0,120.0,121.25,25000,0.0,1.25,0.9507142857142858,121.975,121.521,,121.521,123.97075835543014,119.07124164456987,0.04031827182841047,0.5,0.5429999999999999,73750.0,False,False,True,100.0
2025-11-19,NDTV,EQ,86.99,86.99,85.11,85.67,86.23,112436,1.8799999999999955,1.8799999999999955,2.971428571428572,87.779,90.8515,109.65979999999999,90.8515,97.645554091633,84.057445908367,0.14956393877113752,0.29787234042553384,2.770000000000001,258523.75,False,False,False,53.81
2025-11-19,NECCLTD,EQ,21.35,21.35,20.89,20.99,21.03,29924,0.46000000000000085,0.46000000000000085,0.8771428571428572,21.158,21.2675,20.898600000000002,21.2675,22.66735534967013,19.867644650329865,0.1316426801147416,0.21739130434782106,1.0550000000000002,118814.45,False,False,False,67.17
2025-11-19,NECLIFE,EQ,13.8,14.17,13.79,13.98,13.71,603745,0.3800000000000008,0.4599999999999991,1.1014285714285712,14.431999999999999,14.37,14.628799999999998,14.37,16.04947610879117,12.69052389120883,0.2337475447169338,0.5000000000000023,0.7245,592217.15,False,False,True,75.11
2025-11-19,NEELAM,SM,19.45,19.5,19.45,19.45,20.45,66000,0.05000000000000071,1.0,0.7964285714285714,20.22,19.9375,21.45,19.9375,21.8437725408503,18.0312274591497,0.19122483168404256,0.0,0.46750000000000025,22200.0,False,False,False,90.91
2025-11-19,NELCAST,EQ,112.0,112.29,110.0,110.98,112.19,41725,2.2900000000000063,2.2900000000000063,5.038571428571431,110.76599999999999,116.19149999999999,126.979,116.19149999999999,128.48071197636256,103.90228802363742,0.21153375206211414,0.42794759825327566,5.039000000000002,134182.25,False,False,True,57.6
2025-11-19,NELCO,EQ,850.6,858.0,840.0,843.2,853.55,45931,18.0,18.0,24.06071428571428,857.0200000000001,858.7950000000001,859.6659999999999,858.7950000000001,877.2397526413357,840.3502473586644,0.04295496047679746,0.1777777777777803,23.852499999999985,71826.9,False,False,False,56.6
2025-11-19,NEOGEN,EQ,1303.6,1313.1,1277.0,1298.3,1303.6,85736,36.09999999999991,36.09999999999991,55.528571428571404,1306.25,1387.125,1470.65,1387.125,1593.025547595191,1181.224452404809,0.29687381828629866,0.5900277008310252,49.904999999999994,66938.25,False,False,False,39.03
2025-11-19,NEPHROCARE,ST,151.0,151.0,148.0,148.2,151.0,14800,3.0,3.0,5.739285714285712,139.39499999999998,139.41,144.773,139.41,151.74513680507835,127.07486319492165,0.17696200853709704,0.06666666666666288,4.674999999999998,25340.0,False,False,False,100.0
2025-11-19,NEPTUNE,SM,168.0,168.0,160.1,161.1,168.15,29000,7.900000000000006,8.050000000000011,6.7749999999999995,165.97,164.865,165.273,164.865,172.49357129481044,157.23642870518958,0.09254324804913629,0.12658227848101256,6.034999999999998,9100.0,False,False,False,82.76
2025-11-19,NESCO,EQ,1266.4,1266.4,1245.1,1259.2,1266.4,41497,21.300000000000182,21.300000000000182,40.192857142857164,1277.6200000000001,1320.57,1384.7020000000002,1320.57,1418.5918363427243,1222.5481636572756,0.14845382879018051,0.6619718309859163,41.425,62717.65,False,False,True,67.86
2025-11-19,NESTLEIND,EQ,1267.9,1280.0,1263.0,1279.0,1265.1,726287,17.0,17.0,17.328571428571472,1270.15,1274.85,1225.79,1274.85,1290.172075577615,1259.5279244223848,0.024037456293077814,0.9411764705882353,20.325000000000035,1036084.15,False,False,False,55.85
2025-11-19,NETF,EQ,279.21,281.28,279.03,281.08,279.2,21029,2.25,2.25,3.6028571428571468,278.169,278.64399999999995,273.7208,278.64399999999995,281.8848048383085,275.4031951616914,0.023261256932204374,0.9111111111111162,3.9720000000000026,3786.65,False,False,False,97.39
2025-11-19,NETWEB,EQ,3265.0,3359.8,3203.1,3288.0,3259.6,1722535,156.70000000000027,156.70000000000027,218.54285714285717,3416.6299999999997,3671.125,3582.0960000000005,3671.125,4242.524317027928,3099.725682972072,0.3112938497206868,0.5417996171027437,206.08,1958501.35,False,False,False,11.37
2025-11-19,NETWORK18,EQ,46.04,46.3,45.1,45.85,46.02,3146032,1.1999999999999957,1.1999999999999957,1.4007142857142851,46.913000000000004,47.769,51.0848,47.769,49.992986510750626,45.54501348924937,0.09311421678287708,0.6250000000000022,1.3964999999999996,3022993.9,False,False,False,38.27
2025-11-19,NEULANDLAB,EQ,17250.0,17343.0,17010.0,17076.0,17250.0,22053,333.0,333.0,714.5,17440.7,16762.95,15924.64,16762.95,18247.12646861824,15278.773531381763,0.1770781954987921,0.1981981981981982,606.35,61498.35,False,False,True,33.56
2025-11-19,NEWGEN,EQ,919.4,950.6,915.0,921.0,919.4,846346,35.60000000000002,35.60000000000002,41.275,948.1049999999999,936.9975000000001,906.3009999999999,936.9975000000001,1015.7220290554374,858.2729709445628,0.16803572913574966,0.1685393258426965,33.8625,1575020.7,False,False,False,21.15
2025-11-19,NEWJAISA,ST,33.9,36.4,33.5,35.0,35.25,105000,2.8999999999999986,2.8999999999999986,1.9500000000000008,35.305,35.847500000000004,39.852000000000004,35.847500000000004,38.66981731029671,33.0251826897033,0.15746243449594552,0.5172413793103451,1.4325000000000006,28500.0,False,False,False,88.57
2025-11-19,NEXT30ADD,EQ,40.17,40.31,40.06,40.13,40.17,1025,0.25,0.25,0.3971428571428568,40.214999999999996,40.2945,39.6704,40.2945,40.732471460257386,39.85652853974261,0.021738523136278498,0.28000000000000114,0.35499999999999937,51513.9,False,False,True,50.83
2025-11-19,NEXT50,EQ,713.24,716.56,711.95,714.0,714.96,4692,4.6099999999999,4.6099999999999,6.945714285714279,715.808,714.5765,706.7559999999999,714.5765,721.3062913043384,707.8467086956616,0.018835747619291684,0.4446854663774401,6.595499999999999,14997.7,False,False,False,85.29
2025-11-19,NEXT50IETF,EQ,73.49,73.5,72.94,73.15,73.17,284036,0.5600000000000023,0.5600000000000023,1.1307142857142867,73.259,73.19149999999999,72.36240000000001,73.19149999999999,73.78618563123716,72.59681436876282,0.016250128259078428,0.3750000000000127,1.246,553849.65,False,False,True,70.16
2025-11-19,NEXTMEDIA,EQ,6.35,6.35,6.15,6.28,6.26,35654,0.1999999999999993,0.1999999999999993,0.49571428571428566,6.4719999999999995,6.6315,6.5363999999999995,6.6315,7.034601724134245,6.228398275865755,0.12157180853027079,0.6500000000000018,0.4494999999999999,27081.55,False,False,True,99.95
2025-11-19,NFL,EQ,92.29,92.35,89.85,90.09,91.84,825524,2.5,2.5,1.875000000000003,92.5,93.3105,94.866,93.3105,95.89792710042231,90.7230728995777,0.05545843394735433,0.09600000000000364,1.7805000000000029,698043.1,False,False,False,64.27
2025-11-19,NGIL,EQ,29.45,30.0,27.94,28.32,29.45,54704,2.0599999999999987,2.0599999999999987,1.3978571428571427,28.948,29.326000000000004,31.0528,29.326000000000004,30.477319243303,28.174680756697008,0.07851866898335921,0.18446601941747537,1.3899999999999997,18650.1,False,False,False,70.05
2025-11-19,NGLFINE,EQ,1381.6,1413.9,1345.0,1355.8,1393.2,2351,68.90000000000009,68.90000000000009,64.66428571428573,1441.1,1476.4299999999998,1460.1019999999999,1476.4299999999998,1606.9265608742205,1345.9334391257792,0.17677310928959813,0.15674891146589173,62.14000000000002,2878.25,False,False,False,77.46
2025-11-19,NH,EQ,1950.0,2030.0,1922.7,1991.2,1951.7,2948398,107.29999999999995,107.29999999999995,78.30714285714286,1846.22,1806.595,1780.8239999999998,1806.595,1964.224914356383,1648.9650856436172,0.1745049824187301,0.6383970177073628,59.945000000000014,1308785.15,False,True,False,25.14
2025-11-19,NHIT,IV,144.9,144.9,144.9,144.9,144.0,25000,0.0,0.9000000000000057,0.585714285714287,142.6,142.21499999999997,139.94459999999998,142.21499999999997,144.16771605718918,140.26228394281077,0.027461464081696123,0.5,0.27250000000000085,277500.0,True,True,True,100.0
2025-11-19,NHPC,EQ,80.53,80.68,79.64,80.05,80.53,11017010,1.0400000000000063,1.0400000000000063,1.6014285714285725,81.678,83.7315,84.4912,83.7315,88.32781276133367,79.13518723866632,0.10978694425237046,0.39423076923076356,1.5144999999999995,11567370.95,False,False,False,57.57
2025-11-19,NIACL,EQ,182.0,182.42,177.45,178.59,181.89,228055,4.969999999999999,4.969999999999999,4.135714285714288,182.20999999999998,185.2455,189.6956,185.2455,192.20014873304157,178.2908512669584,0.07508575088778492,0.22937625754527466,3.6865000000000037,331188.0,False,False,False,47.52
2025-11-19,NIBE,EQ,1070.0,1107.1,1045.0,1088.8,1063.7,59091,62.09999999999991,62.09999999999991,47.07142857142859,1159.71,1215.1799999999998,1278.0120000000002,1215.1799999999998,1363.7184610126299,1066.6415389873698,0.24447153674785635,0.705314009661836,44.71500000000002,47149.25,False,False,False,46.75
2025-11-19,NIBL,EQ,30.65,31.49,30.0,30.31,31.25,78399,1.4899999999999984,1.4899999999999984,2.13,29.782,30.235000000000003,29.597800000000003,30.235000000000003,33.46273295053974,27.007267049460264,0.2135097040211501,0.20805369127516715,2.3465,82016.5,False,False,False,54.79
2025-11-19,NIDAN,SM,20.0,20.0,20.0,20.0,20.15,4000,0.0,0.14999999999999858,0.7892857142857146,20.08,19.43,18.915,19.43,20.864015341619464,17.995984658380536,0.14760837278635758,0.5,0.6725000000000001,8000.0,False,True,True,100.0
2025-11-19,NIF100BEES,EQ,280.52,281.8,279.09,281.31,280.57,14731,2.7100000000000364,2.7100000000000364,4.221428571428565,279.669,279.811,274.8474,279.811,282.6744727168289,276.94752728317104,0.02046719190331286,0.8191881918819179,4.73299999999999,40243.3,False,False,False,83.59
2025-11-19,NIF100IETF,EQ,29.41,29.82,29.35,29.6,29.49,178557,0.46999999999999886,0.46999999999999886,0.4742857142857143,29.358000000000004,29.396500000000003,28.891199999999998,29.396500000000003,29.709439291237075,29.08356070876293,0.021290921792531208,0.5319148936170226,0.5539999999999999,114305.5,False,False,False,87.58
2025-11-19,NIF10GETF,EQ,25.96,26.16,25.96,25.96,26.08,11246,0.1999999999999993,0.1999999999999993,0.35214285714285737,26.065999999999995,26.064,25.979400000000002,26.064,26.220511980372116,25.907488019627884,0.012009820470542972,0.0,0.36800000000000016,6189.3,False,False,True,74.23
2025-11-19,NIFITETF,EQ,374.17,385.49,374.17,384.26,374.17,8452,11.319999999999993,11.319999999999993,5.194285714285704,375.325,372.61699999999996,366.82,372.61699999999996,384.01174457809356,361.22225542190637,0.06116062647755521,0.8913427561837439,4.430499999999995,2382.8,True,True,False,99.16
2025-11-19,NIFMID150,EQ,226.13,226.13,224.47,225.38,225.0,1790,1.6599999999999966,1.6599999999999966,2.2271428571428493,224.402,222.95999999999998,219.7684,222.95999999999998,227.01353179338656,218.9064682066134,0.03636106739672213,0.5481927710843364,2.167999999999992,2263.4,False,False,False,90.0
2025-11-19,NIFTY1,EQ,286.62,286.9,284.8,286.74,285.2,84210,2.099999999999966,2.099999999999966,3.1514285714285637,284.12600000000003,284.2755,278.8344,284.2755,287.50832832825955,281.0426716717405,0.022744333073089516,0.9238095238095377,3.3464999999999976,111721.75,False,False,False,50.92
2025-11-19,NIFTY100EW,EQ,34.35,34.35,34.06,34.2,34.18,6486,0.28999999999999915,0.28999999999999915,0.654285714285713,34.109,34.1375,33.7236,34.1375,34.43366718251685,33.841332817483156,0.017351427756387934,0.4827586206896586,0.6574999999999992,17833.9,False,False,False,47.55
2025-11-19,NIFTY50ADD,EQ,270.69,272.5,270.66,272.21,270.69,9977,1.839999999999975,1.839999999999975,2.1514285714285677,269.678,269.919,264.8542,269.919,272.81093983339986,267.0270601666001,0.021428205005204336,0.8423913043478128,2.355999999999997,17255.6,False,False,False,56.02
2025-11-19,NIFTYBEES,EQ,292.97,294.55,292.4,294.37,292.97,4475990,2.150000000000034,2.150000000000034,3.211428571428574,291.73900000000003,291.9665,286.4842,291.9665,295.2631120487556,288.6698879512444,0.022582125338048067,0.91627906976744,3.2475000000000023,5482653.55,False,True,False,50.24
2025-11-19,NIFTYBETF,EQ,264.54,266.49,264.54,265.94,265.01,1932,1.9499999999999886,1.9499999999999886,2.816428571428576,263.725,263.8525,258.849,263.8525,266.79200931279337,260.9129906872067,0.02228145886655118,0.7179487179487105,2.629000000000005,4753.4,False,False,False,86.39
2025-11-19,NIFTYCASE,EQ,10.35,10.38,10.29,10.36,10.32,198266,0.09000000000000163,0.09000000000000163,0.16642857142857156,10.264,,,,,,,0.7777777777777668,,,False,False,False,75.23
2025-11-19,NIFTYETF,EQ,279.67,281.1,279.05,280.89,279.68,62841,2.0500000000000114,2.0500000000000114,2.3971428571428737,278.415,278.68600000000004,273.4668,278.68600000000004,281.85123237693307,275.520767623067,0.022715402832815666,0.8975609756097389,2.696000000000012,136245.75,False,False,False,77.72
2025-11-19,NIFTYIETF,EQ,291.45,293.0,290.91,292.93,291.44,579520,2.089999999999975,2.089999999999975,5.076428571428567,290.34299999999996,290.5305,285.07579999999996,290.5305,293.76287049237783,287.2981295076222,0.022251505383275152,0.9665071770334956,5.235499999999999,585404.8,False,False,False,62.71
2025-11-19,NIFTYQLITY,EQ,22.2,22.23,22.1,22.2,22.15,82115,0.129999999999999,0.129999999999999,0.334285714285714,22.015,21.990000000000002,21.7498,21.990000000000002,22.262983515985795,21.71701648401421,0.024827968711759227,0.7692307692307587,0.3119999999999997,86091.35,False,True,True,89.72
2025-11-19,NIITLTD,EQ,99.02,99.24,97.79,98.53,99.01,249946,1.4499999999999886,1.4499999999999886,3.291428571428569,99.88300000000001,102.77150000000002,106.48380000000002,102.77150000000002,109.18260996630052,96.36039003369952,0.12476435522105836,0.5103448275862074,2.972999999999998,338652.35,False,False,False,53.36
2025-11-19,NIITMTS,EQ,340.0,350.0,336.15,345.7,340.0,277278,13.850000000000023,13.850000000000023,12.057142857142853,337.525,332.8425,331.48900000000003,332.8425,349.0320112650137,316.65298873498625,0.09728031285075507,0.6895306859205773,10.912499999999998,172522.0,False,True,False,80.78
2025-11-19,NIKITA,ST,117.0,124.95,116.0,121.6,121.0,147600,8.950000000000003,8.950000000000003,6.582142857142856,121.51499999999999,131.09,125.787,131.09,152.2872545392084,109.89274546079162,0.32340002348323116,0.6256983240223455,6.225,65820.0,False,False,False,95.12
2025-11-19,NILAINFRA,EQ,9.43,9.6,9.4,9.55,9.43,428811,0.1999999999999993,0.1999999999999993,0.2978571428571429,9.738,9.9555,10.191799999999999,9.9555,10.474787011198961,9.43621298880104,0.10432163350890668,0.7500000000000044,0.30799999999999983,360734.05,False,False,False,58.03
2025-11-19,NILASPACES,BE,16.77,17.6,16.52,17.59,16.77,579637,1.0800000000000018,1.0800000000000018,0.8600000000000002,16.96,17.7185,17.3752,17.7185,19.468943086763986,15.96805691323601,0.19758366529491636,0.9907407407407393,0.8470000000000001,475326.0,False,False,False,
2025-11-19,NILKAMAL,EQ,1480.0,1485.0,1475.0,1477.0,1485.3,4684,10.0,10.299999999999955,24.935714285714248,1499.2,1517.27,1543.598,1517.27,1574.1003123341793,1460.4396876658207,0.07491127134152699,0.2,25.984999999999978,5305.4,False,False,True,89.73
2025-11-19,NINSYS,EQ,417.85,417.85,402.4,406.25,409.55,2165,15.450000000000045,15.450000000000045,13.392857142857135,420.125,430.0975,437.869,430.0975,453.415271655971,406.779728344029,0.10843016597850952,0.2491909385113276,13.587499999999997,2746.3,False,False,False,59.72
2025-11-19,NIPPOBATRY,EQ,430.6,439.95,422.25,427.2,426.75,3969,17.69999999999999,17.69999999999999,14.975000000000003,432.65,440.4125,454.537,440.4125,458.39584993820625,422.4291500617938,0.08166593790233578,0.2796610169491521,13.120000000000001,4402.65,False,False,False,58.93
2025-11-19,NIRAJ,EQ,34.5,36.43,34.3,36.43,33.12,400937,2.1300000000000026,3.3100000000000023,1.9985714285714287,32.224000000000004,32.661,39.341,32.661,36.04025968223793,29.281740317762075,0.20692934583986575,1.0,1.8905000000000007,136579.1,False,False,False,45.08
2025-11-19,NIRAJISPAT,EQ,239.8,239.8,223.41,228.34,228.66,184,16.390000000000015,16.390000000000015,20.36071428571429,220.51399999999998,250.4545,303.2118,250.4545,317.2444416005182,183.6645583994818,0.5333499026810714,0.3007931665649788,21.948500000000003,496.65,False,False,False,92.93
2025-11-19,NIRMAN,SM,51.5,56.9,51.5,56.9,54.2,771900,5.399999999999999,5.399999999999999,4.428571428571428,66.89,93.91,143.97899999999998,93.91,155.2080064928712,32.611993507128794,1.3054628153097902,1.0,0.7375000000000004,104595.0,False,False,False,38.83
2025-11-19,NITCO,EQ,91.05,92.5,91.05,91.82,91.43,128873,1.4500000000000028,1.4500000000000028,4.25,93.178,102.10549999999999,109.3124,102.10549999999999,120.54742123939347,83.66357876060651,0.36123267090202743,0.5310344827586169,4.3709999999999996,438722.05,False,False,False,66.41
2025-11-19,NITINSPIN,EQ,331.7,338.6,330.5,336.8,331.35,54551,8.100000000000023,8.100000000000023,12.075000000000005,330.4,329.2625,331.416,329.2625,346.5245066909964,312.00049330900356,0.10485255193650313,0.777777777777777,12.592499999999998,115009.6,False,False,False,54.96
2025-11-19,NITIRAJ,EQ,197.2,205.01,194.0,195.1,201.75,3768,11.009999999999991,11.009999999999991,10.059999999999997,192.082,193.142,199.8004,193.142,205.47702103767938,180.8069789623206,0.12773007463606448,0.09990917347865533,9.615499999999997,4561.2,False,False,False,57.51
2025-11-19,NIVABUPA,EQ,77.71,77.75,75.67,76.03,77.41,1403886,2.0799999999999983,2.0799999999999983,1.6028571428571448,76.43599999999999,75.6505,78.86840000000001,75.6505,77.67581454347216,73.62518545652783,0.053543983013256045,0.17307692307692293,1.7615000000000016,2728000.5,False,False,False,54.39
2025-11-19,NKIND,EQ,71.0,71.8,66.0,66.88,69.6,146,5.799999999999997,5.799999999999997,3.864999999999998,67.90899999999999,68.1455,70.41760000000001,68.1455,70.11076308671389,66.18023691328611,0.05767844059296328,0.1517241379310338,3.786999999999998,1107.25,False,False,False,64.38
2025-11-19,NLCINDIA,EQ,255.15,255.7,251.25,251.95,255.15,419421,4.449999999999989,4.449999999999989,6.992857142857141,258.53499999999997,260.495,263.37039999999996,260.495,269.1986141918175,251.7913858081825,0.06682365643730212,0.1573033707865147,6.342500000000001,1374764.45,False,False,False,50.84
2025-11-19,NMDC,EQ,75.5,75.95,75.0,75.26,75.72,9109693,0.9500000000000028,0.9500000000000028,1.5414285714285734,75.69,75.421,75.8284,75.421,77.59206333394553,73.24993666605448,0.057571852241299515,0.27368421052632036,1.4635000000000011,17659502.6,False,False,True,55.66
2025-11-19,NMSTEEL,SM,29.8,29.8,29.7,29.7,29.5,6400,0.10000000000000142,0.3000000000000007,1.8785714285714283,30.809999999999995,31.169999999999998,32.39,31.169999999999998,33.34402851867218,28.995971481327818,0.13949493222150675,0.0,1.5099999999999998,8720.0,False,False,True,75.0
2025-11-19,NOCIL,EQ,171.99,172.28,170.81,171.55,171.78,163537,1.4699999999999989,1.4699999999999989,5.032142857142857,174.45499999999998,179.163,180.77939999999998,179.163,190.41249794435296,167.91350205564706,0.12557836098249028,0.5034013605442242,4.766000000000001,348599.75,False,False,True,59.82
2025-11-19,NOIDATOLL,EQ,4.25,4.54,4.25,4.48,4.33,141038,0.29000000000000004,0.29000000000000004,0.23785714285714293,4.385,4.43,4.352799999999999,4.43,4.5812613632094745,4.278738636790525,0.06828955449637689,0.7931034482758634,0.2425,116932.75,False,False,False,67.59
2025-11-19,NORBTEAEXP,BE,63.72,64.99,63.72,64.99,63.72,732,1.269999999999996,1.269999999999996,1.6235714285714289,61.024,59.778999999999996,54.0344,59.778999999999996,68.85810546254451,50.69989453745548,0.3037556821808501,1.0,1.1729999999999996,3225.85,False,False,False,
2025-11-19,NORTHARC,EQ,261.45,261.45,255.2,256.4,261.45,613612,6.25,6.25,8.228571428571419,266.34499999999997,268.55,267.5204,268.55,278.5600449549452,258.5399550450548,0.07454883600778413,0.19199999999999817,7.774999999999994,490989.15,False,False,False,59.41
2025-11-19,NOVAAGRI,EQ,44.51,45.0,44.5,44.56,44.95,100426,0.5,0.5,2.169999999999999,45.321000000000005,45.7335,47.6054,45.7335,47.681188630145535,43.785811369854464,0.08517557720907147,0.12000000000000455,1.8984999999999996,111345.7,False,False,True,67.77
2025-11-19,NPBET,EQ,294.76,294.76,289.15,293.55,293.3,28204,5.610000000000014,5.610000000000014,3.2649999999999983,290.629,291.6125,284.0206,291.6125,295.84907821832576,287.37592178167426,0.02905621822333231,0.7843137254902003,3.4789999999999965,2029.95,False,False,False,67.55
2025-11-19,NPST,EQ,1711.2,1711.2,1610.0,1619.1,1701.2,36975,101.20000000000005,101.20000000000005,79.38571428571427,1766.5,1827.425,1927.7579999999998,1827.425,1995.9731518735819,1658.876848126418,0.18446519214039636,0.08992094861659986,84.605,13588.15,False,False,False,69.86
2025-11-19,NRAIL,EQ,488.0,499.9,480.45,490.75,480.3,31890,19.44999999999999,19.599999999999966,24.30714285714285,475.88499999999993,465.46000000000004,432.59200000000004,465.46000000000004,503.3205414647,427.5994585353001,0.16268010769862054,0.5295629820051423,22.239999999999995,25792.85,False,True,True,47.89
2025-11-19,NRBBEARING,EQ,290.4,293.0,285.55,292.15,289.4,142319,7.449999999999989,7.449999999999989,8.567857142857138,282.28,274.6475,278.348,274.6475,294.2528430217373,255.04215697826268,0.142767314625018,0.8859060402684531,7.117499999999995,203129.95,False,False,False,58.16
2025-11-19,NRL,EQ,63.5,64.9,63.5,64.19,63.54,60499,1.4000000000000057,1.4000000000000057,2.276428571428575,65.78099999999999,66.732,69.681,66.732,69.66066932240584,63.80333067759416,0.08777406109230469,0.4928571428571392,2.3500000000000023,54263.95,False,False,False,55.4
2025-11-19,NRVANDANA,ST,71.45,71.45,71.45,71.45,71.45,3000,0.0,0.0,2.40357142857143,67.3,62.580000000000005,56.11,62.580000000000005,74.04775479333243,51.11224520666758,0.366499034622321,0.5,1.887500000000001,68850.0,False,True,True,100.0
2025-11-19,NSIL,EQ,6979.5,6979.5,6780.5,6816.5,6871.5,6119,199.0,199.0,258.10714285714283,6907.85,7460.65,7438.47,7460.65,8681.750368520134,6239.549631479866,0.3273442310040369,0.18090452261306533,242.025,22226.25,False,False,False,65.01
2025-11-19,NSLNISP,EQ,42.42,42.52,41.85,41.99,42.51,2058541,0.6700000000000017,0.6700000000000017,1.6135714285714289,43.377,43.869,44.6514,43.869,46.31091646048762,41.42708353951238,0.11132765554207384,0.20895522388059734,1.4425000000000012,6211209.45,False,False,True,58.27
2025-11-19,NTPC,EQ,328.95,328.95,325.05,326.6,328.45,6935056,3.8999999999999773,3.8999999999999773,5.010714285714276,327.71500000000003,334.7425,335.767,334.7425,349.53003782750903,319.954962172491,0.08835172006846473,0.3974358974359027,4.552499999999992,7670108.25,False,False,False,59.52
2025-11-19,NTPCGREEN,EQ,98.26,98.9,97.99,98.18,98.26,2578652,0.9100000000000108,0.9100000000000108,1.6985714285714277,98.834,100.326,100.796,100.326,104.36086009670711,96.29113990329287,0.08043498388667186,0.20879120879121943,1.5444999999999993,4136488.35,False,False,False,62.54
2025-11-19,NUCLEUS,EQ,952.9,973.6,940.5,946.8,952.9,17182,33.10000000000002,33.10000000000002,28.671428571428603,979.8100000000001,994.4625,1008.8530000000001,994.4625,1043.9364514795402,944.9885485204599,0.09949887799598311,0.1903323262839864,25.045000000000016,17774.95,False,False,False,41.97
2025-11-19,NURECA,BE,265.0,268.0,263.3,263.9,265.95,4170,4.699999999999989,4.699999999999989,12.362857142857138,269.33500000000004,282.3085,258.5502,282.3085,326.44097750806696,238.17602249193303,0.31265425949319253,0.12765957446807816,17.169,151959.65,False,False,True,
2025-11-19,NUVAMA,EQ,7301.0,7395.0,7249.5,7344.0,7319.5,61291,145.5,145.5,244.78571428571428,7336.35,7279.475,6860.3,7279.475,7536.33478178765,7022.615218212351,0.07057096336965228,0.6494845360824743,234.75,148719.05,False,False,False,44.41
2025-11-19,NUVOCO,EQ,366.45,367.3,361.7,364.55,363.2,102084,5.600000000000023,5.600000000000023,11.039285714285711,374.08500000000004,396.695,420.18700000000007,396.695,444.4690923514006,348.9209076485994,0.24086057223509555,0.5089285714285734,11.157499999999995,164248.0,False,False,True,42.08
2025-11-19,NV20,EQ,152.19,153.48,151.61,152.83,151.74,69612,1.8699999999999761,1.8699999999999761,1.5957142857142839,151.132,151.40900000000002,149.4272,151.40900000000002,153.67264219787427,149.14535780212577,0.029901025670524835,0.6524064171123072,1.4979999999999976,124033.7,False,False,False,90.82
2025-11-19,NV20BEES,EQ,152.51,153.4,151.76,153.19,151.76,21337,1.6400000000000148,1.6400000000000148,1.9507142857142838,151.475,151.8575,149.8826,151.8575,153.9846001386864,149.73039986131357,0.028014423241346866,0.8719512195121915,1.9049999999999983,72377.0,False,False,False,68.09
2025-11-19,NV20IETF,EQ,14.93,14.95,14.81,14.94,14.83,324791,0.1399999999999988,0.1399999999999988,0.375,14.777000000000001,14.8085,14.6132,14.8085,15.028252133095473,14.588747866904528,0.029679188722081525,0.9285714285714295,0.33650000000000013,510019.05,False,False,True,80.62
2025-11-19,NXST,RR,162.49,164.05,160.62,163.73,161.59,258587,3.430000000000007,3.430000000000007,2.48785714285714,162.803,163.279,159.8958,163.279,165.4771073677161,161.0808926322839,0.02692455695730732,0.9067055393585944,2.4639999999999986,304425.25,False,False,False,70.94
2025-11-19,NYKAA,EQ,269.0,270.47,265.53,269.15,269.0,3887160,4.940000000000055,4.940000000000055,7.839285714285716,260.059,257.7575,250.6884,257.7575,270.2441823055601,245.27081769443984,0.09688705318417612,0.7327935222671993,7.286000000000001,6915137.75,False,True,True,48.75
2025-11-19,OAL,EQ,341.1,343.8,337.5,340.3,340.25,3761,6.300000000000011,6.300000000000011,13.34999999999999,340.265,346.8,340.881,346.8,368.0544818802998,325.5455181197002,0.12257486666839565,0.4444444444444455,13.334999999999994,11379.1,False,False,False,68.36
2025-11-19,OBCL,EQ,54.51,55.19,54.02,54.42,54.92,9251,1.1699999999999946,1.1699999999999946,2.0828571428571423,55.624,55.5415,55.918,55.5415,56.807016100253165,54.275983899746834,0.04557010884665216,0.3418803418803422,1.7109999999999996,11516.1,False,False,False,90.84
2025-11-19,OBEROIRLTY,EQ,1701.9,1722.7,1689.1,1708.7,1710.4,334415,33.600000000000136,33.600000000000136,38.057142857142885,1751.1,1733.485,1665.656,1733.485,1798.9916798120692,1667.9783201879306,0.07557801747585846,0.583333333333335,35.94000000000003,461214.5,False,False,False,59.86
2025-11-19,OBSCP,SM,344.0,344.8,330.0,332.15,344.0,36400,14.800000000000011,14.800000000000011,17.999999999999993,327.52,317.1275,316.51,317.1275,347.3985996661832,286.8564003338168,0.1909080711460419,0.14527027027026862,14.72499999999999,60120.0,False,True,False,76.92
2025-11-19,OCCLLTD,EQ,107.8,108.95,103.41,106.36,107.23,43479,5.540000000000006,5.540000000000006,6.917142857142858,106.90599999999999,116.3885,125.9576,116.3885,138.16537330633076,94.61162669366922,0.3742100517891505,0.5324909747292418,6.319000000000002,150384.05,False,False,False,56.25
2025-11-19,ODIGMA,BE,35.99,35.99,34.25,34.94,35.73,20642,1.740000000000002,1.740000000000002,1.321428571428571,36.564,38.406,41.2908,38.406,42.57239124423043,34.23960875576957,0.21696564308860242,0.3965517241379293,1.4389999999999996,21094.95,False,False,False,
2025-11-19,OFSS,EQ,8189.0,8372.0,8165.0,8333.0,8177.5,144973,207.0,207.0,145.17857142857142,8267.4,8442.075,8719.39,8442.075,8819.903833600589,8064.246166399414,0.08951089242883711,0.8115942028985508,140.375,106495.9,False,False,False,40.16
2025-11-19,OIL,EQ,431.7,437.75,431.5,436.85,433.35,760053,6.25,6.25,9.521428571428572,435.12,426.7125,415.219,426.7125,448.6008502119286,404.82414978807134,0.10259062114153507,0.8560000000000036,8.660000000000002,2082807.2,False,False,True,45.17
2025-11-19,OILCOUNTUB,EQ,64.3,64.3,60.56,62.54,63.69,24141,3.739999999999995,3.739999999999995,2.472142857142856,64.135,66.84,72.688,66.84,72.57725369841783,61.102746301582165,0.17167126566181432,0.5294117647058822,2.446499999999998,37225.6,False,False,False,74.28
2025-11-19,OILIETF,EQ,12.42,12.42,12.29,12.3,12.35,1018132,0.13000000000000078,0.13000000000000078,0.16214285714285723,12.281,12.083499999999999,11.6824,12.083499999999999,12.567949171740427,11.599050828259571,0.0801835845144913,0.07692307692308849,0.16499999999999995,2498353.45,False,True,False,64.4
2025-11-19,OLAELEC,BE,42.16,42.48,41.85,41.95,42.13,6017660,0.6299999999999955,0.6299999999999955,1.567142857142857,43.884,48.338499999999996,53.0312,48.338499999999996,58.37231537601719,38.3046846239828,0.41514798249913404,0.15873015873016214,1.7775000000000005,13591668.0,False,False,True,
2025-11-19,OLECTRA,EQ,1381.0,1403.4,1364.9,1387.4,1381.3,278504,38.5,38.5,50.078571428571436,1436.1299999999999,1451.585,1523.342,1451.585,1555.5757933424898,1347.5942066575103,0.14327895830073983,0.5844155844155844,44.59500000000004,370094.4,False,False,False,26.05
2025-11-19,OLIL,SM,340.0,340.0,332.8,332.95,325.8,4400,7.199999999999989,14.199999999999989,12.785714285714286,313.74,299.21999999999997,281.755,299.21999999999997,342.8138917739633,255.62610822603665,0.2913835423699173,0.02083333333333021,10.229999999999995,20300.0,False,False,False,81.82
2025-11-19,OMAXAUTO,EQ,93.4,96.5,93.4,94.09,94.12,38512,3.0999999999999943,3.0999999999999943,6.895000000000001,95.84100000000001,108.35049999999998,126.385,108.35049999999998,134.32820003291332,82.37279996708665,0.47951232403936,0.22258064516129,5.795,94911.45,False,False,False,70.22
2025-11-19,OMAXE,EQ,74.09,74.29,71.3,71.97,73.04,208563,2.990000000000009,2.990000000000009,2.181428571428573,76.589,78.6595,82.09559999999999,78.6595,84.08423768951116,73.23476231048883,0.13792962552549054,0.2240802675585283,2.03,102196.55,False,False,False,64.78
2025-11-19,OMFREIGHT,EQ,104.12,104.59,95.35,97.68,101.9,1210242,9.240000000000009,9.240000000000009,4.536428571428572,92.36600000000001,92.023,,92.023,98.24937968646307,85.79662031353692,0.13532224957810712,0.25216450216450326,4.509500000000001,357475.6,False,False,False,52.05
2025-11-19,OMFURN,SM,96.5,100.0,96.5,99.8,94.2,8400,3.5,5.799999999999997,6.457142857142858,100.14,106.68499999999999,118.01899999999999,106.68499999999999,123.79795123583293,89.57204876416705,0.3208126959897444,0.9428571428571421,4.110000000000001,19020.0,False,False,False,100.0
2025-11-19,OMINFRAL,EQ,109.92,110.16,108.5,108.94,109.92,61341,1.6599999999999966,1.6599999999999966,2.7849999999999997,111.141,113.5135,116.92739999999999,113.5135,118.7905267196591,108.23647328034089,0.0929761961292552,0.2650602409638546,3.3510000000000004,97431.0,False,False,True,57.87
2025-11-19,OMKARCHEM,BZ,5.25,5.25,5.08,5.15,5.35,2370,0.16999999999999993,0.2699999999999996,0.36571428571428577,5.3309999999999995,5.394,5.678,5.394,5.699312954196175,5.088687045803825,0.11320465487436975,0.4117647058823548,0.36550000000000005,13363.7,False,False,True,
2025-11-19,ONDOOR,SM,138.0,139.9,120.0,135.0,134.8,42600,19.900000000000006,19.900000000000006,10.039285714285715,130.62,133.68249999999998,144.366,133.68249999999998,146.94829341765913,120.41670658234081,0.1984671653755602,0.7537688442211053,7.657499999999999,15990.0,False,False,False,83.8
2025-11-19,ONELIFECAP,BE,12.7,13.15,12.45,12.73,12.7,10749,0.7000000000000011,0.7000000000000011,1.0314285714285716,14.565999999999999,13.492,13.1498,13.492,16.827797355955546,10.156202644044455,0.49448522916625337,0.400000000000001,0.8564999999999999,30931.3,False,False,False,
2025-11-19,ONEPOINT,EQ,54.73,56.01,54.0,55.26,54.55,2258633,2.009999999999998,2.009999999999998,2.129285714285712,52.217999999999996,49.159499999999994,47.026,49.159499999999994,55.93622037197935,42.382779628020636,0.2757033888456701,0.6268656716417906,2.2039999999999993,1923355.65,True,True,False,53.85
2025-11-19,ONESOURCE,EQ,1713.1,1715.0,1688.0,1703.4,1725.4,87966,27.0,37.40000000000009,63.30000000000003,1760.3600000000001,1800.64,1821.2979999999998,1800.64,1899.8084102927965,1701.4715897072037,0.11014795882885679,0.5703703703703737,56.88000000000001,118940.2,False,False,False,60.27
2025-11-19,ONGC,EQ,246.95,250.3,245.4,249.0,246.95,7075882,4.900000000000006,4.900000000000006,5.13928571428571,250.1,251.1085,243.9046,251.1085,256.6477644818607,245.5692355181393,0.0441184944504921,0.7346938775510184,4.643999999999993,9350807.35,False,False,False,63.25
2025-11-19,ONMOBILE,EQ,62.31,62.9,60.72,61.36,62.25,211687,2.1799999999999997,2.1799999999999997,2.3521428571428578,64.885,68.81649999999999,65.6494,68.81649999999999,78.24986689628854,59.383133103711444,0.2741600312799561,0.29357798165137644,2.5635000000000003,460086.65,False,False,False,41.07
2025-11-19,ONWARDTEC,EQ,286.65,290.2,283.5,285.1,286.65,68246,6.699999999999989,6.699999999999989,9.692857142857138,289.56,300.67,306.867,300.67,325.7167243367269,275.62327566327315,0.16660607534324587,0.23880597014925753,11.48,57942.15,False,False,False,73.59
2025-11-19,ONYX,SM,39.5,39.5,38.0,38.0,38.5,8000,1.5,1.5,1.9821428571428565,40.160000000000004,40.81,43.99,40.81,45.130486083764154,36.48951391623585,0.21173663728322234,0.0,1.7950000000000004,26200.0,False,False,False,100.0
2025-11-19,OPTIEMUS,EQ,583.5,586.4,570.15,581.55,584.1,94917,16.25,16.25,19.51428571428571,572.7700000000001,587.74,625.524,587.74,625.2231242027646,550.2568757972355,0.12755001940573907,0.7015384615384601,19.422500000000003,139980.45,False,False,False,40.09
2025-11-19,OPTIVALUE,SM,89.95,89.95,87.0,87.9,88.95,20800,2.950000000000003,2.950000000000003,3.592857142857144,87.89,87.725,,87.725,90.81279856856013,84.63720143143986,0.0703972315431207,0.3050847457627135,3.3850000000000007,21920.0,False,False,False,84.62
2025-11-19,ORBTEXP,EQ,213.53,213.56,204.75,205.44,213.57,24875,8.810000000000002,8.819999999999993,10.865714285714285,213.179,214.5725,202.18220000000002,214.5725,227.38800915882834,201.75699084117164,0.11945155282087265,0.0783200908059021,10.610999999999999,31655.25,False,False,False,56.22
2025-11-19,ORCHASP,BE,2.93,3.0,2.87,2.91,2.96,191838,0.1299999999999999,0.1299999999999999,0.17785714285714296,3.1350000000000002,3.3825000000000003,3.0888,3.3825000000000003,3.945274377526191,2.8197256224738094,0.3327564686038083,0.3076923076923082,0.21000000000000005,368908.3,False,False,False,
2025-11-19,ORCHPHARMA,EQ,855.9,855.9,826.55,850.2,842.15,87067,29.350000000000023,29.350000000000023,40.75714285714285,824.845,771.9350000000001,744.938,771.9350000000001,882.9406985023749,660.9293014976253,0.2876037451401343,0.8057921635434437,33.052499999999995,134094.8,False,True,False,47.31
2025-11-19,ORIANA,SM,2749.55,2775.95,2640.0,2677.85,2763.35,69825,135.94999999999982,135.94999999999982,132.14285714285708,2812.61,2854.41,2726.14,2854.41,3036.4318519848666,2672.388148015133,0.12753728580327758,0.2784111805810957,131.72249999999994,59193.75,False,True,False,71.54
2025-11-19,ORICONENT,EQ,58.95,58.95,57.12,58.09,58.14,218005,1.8300000000000054,1.8300000000000054,1.9750000000000003,57.57000000000001,55.472500000000004,54.8984,55.472500000000004,59.901675431160974,51.04332456883903,0.15968905065252045,0.5300546448087449,1.9790000000000003,364812.25,False,False,False,49.09
2025-11-19,ORIENTALTL,EQ,9.39,9.39,9.1,9.12,9.22,219929,0.2900000000000009,0.2900000000000009,0.3921428571428574,9.488,9.6785,10.0488,9.6785,10.258061040788673,9.098938959211326,0.11976257494212404,0.06896551724137762,0.3490000000000003,388298.2,False,False,False,65.19
2025-11-19,ORIENTBELL,EQ,290.9,290.9,277.0,278.3,288.8,4976,13.899999999999977,13.899999999999977,10.960714285714273,285.85,290.59749999999997,296.149,290.59749999999997,306.9415960288415,274.25340397115843,0.11248614340344659,0.09352517985611608,10.567499999999995,10748.9,False,False,False,67.14
2025-11-19,ORIENTCEM,EQ,183.6,183.6,180.1,182.15,182.77,392241,3.5,3.5,5.062142857142858,192.65,203.522,215.26719999999997,203.522,229.2993044362671,177.74469556373288,0.25331221623477673,0.585714285714289,4.602500000000001,387202.1,False,False,False,48.41
2025-11-19,ORIENTCER,EQ,42.94,44.9,42.55,43.34,41.92,260805,2.3500000000000014,2.979999999999997,2.045714285714284,38.729,37.77550000000001,37.7584,37.77550000000001,41.93837148492483,33.61262851507519,0.22040060276765736,0.33617021276595993,1.6994999999999993,111415.8,True,True,False,45.55
2025-11-19,ORIENTELEC,EQ,200.1,200.1,186.35,189.35,200.1,361942,13.75,13.75,6.912857142857143,208.01399999999998,208.47999999999996,205.1324,208.47999999999996,220.0170550835124,196.94294491648753,0.1106778116223372,0.21818181818181817,6.384500000000001,316072.05,False,False,False,58.48
2025-11-19,ORIENTHOT,EQ,122.73,122.73,120.0,120.35,122.13,90253,2.730000000000004,2.730000000000004,2.8607142857142844,120.95500000000001,122.74749999999999,130.44639999999998,122.74749999999999,127.2080823610818,118.28691763891818,0.072678993235411,0.12820512820512595,3.3664999999999994,190609.1,False,False,False,60.9
2025-11-19,ORIENTLTD,EQ,81.03,82.87,81.01,81.47,81.49,596,1.8599999999999994,1.8599999999999994,3.086428571428571,83.836,86.481,86.168,86.481,93.17948908336801,79.78251091663198,0.1549123873074552,0.24731182795698597,3.636,10067.9,False,False,True,77.85
2025-11-19,ORIENTPPR,EQ,24.0,24.22,23.85,24.16,24.06,129246,0.36999999999999744,0.36999999999999744,0.5035714285714291,24.683,25.345999999999997,26.5224,25.345999999999997,26.909577948168817,23.782422051831176,0.1233786749916216,0.8378378378378402,0.5190000000000003,207773.35,False,False,False,58.34
2025-11-19,ORIENTTECH,EQ,371.1,376.8,365.0,366.35,370.55,339388,11.800000000000011,11.800000000000011,20.539285714285718,399.5,431.93499999999995,402.85,431.93499999999995,510.6621624028214,353.20783759717847,0.3645324523496428,0.11440677966101877,21.007500000000004,609276.65,False,False,False,27.33
2025-11-19,ORISSAMINE,EQ,5092.0,5160.0,5042.0,5115.5,5082.0,5147,118.0,118.0,138.70714285714283,5155.45,5256.425,5158.414000000001,5256.425,5486.502342430747,5026.347657569253,0.08754137743076223,0.6228813559322034,142.42499999999995,10594.35,False,False,False,55.53
2025-11-19,ORKLAINDIA,EQ,670.5,716.9,670.5,707.2,671.8,1777363,46.39999999999998,46.39999999999998,,,,,,,,,0.7909482758620703,,,False,False,False,29.23
2025-11-19,ORTEL,BZ,1.34,1.4,1.3,1.3,1.34,60610,0.09999999999999987,0.09999999999999987,0.1,1.391,1.67,1.617,1.67,2.279491591410414,1.060508408589586,0.7299300495933103,0.0,0.10050000000000003,21638.7,False,False,False,
2025-11-19,ORTINGLOBE,EQ,12.1,12.32,11.8,12.32,11.74,7886,0.5199999999999996,0.5800000000000001,0.7550000000000001,11.75,11.6355,11.8966,11.6355,12.336284560332249,10.934715439667752,0.12045628642211313,1.0,0.7245,11270.2,False,False,False,74.13
2025-11-19,OSELDEVICE,SM,705.5,767.8,700.05,762.15,698.0,57600,67.75,69.79999999999995,36.496428571428574,680.21,643.635,617.406,643.635,733.6306060038469,553.6393939961531,0.27964795576327234,0.9166051660516609,33.39500000000001,22260.0,True,True,False,72.57
2025-11-19,OSIAHYPER,BE,20.15,20.4,19.8,20.01,20.13,148169,0.5999999999999979,0.5999999999999979,0.9349999999999995,20.482,21.2835,23.7552,21.2835,23.391136353833403,19.175863646166597,0.1980535488837271,0.35000000000000264,1.0909999999999997,311143.8,False,False,False,
2025-11-19,OSWALAGRO,EQ,65.0,66.0,63.7,65.08,64.24,72755,2.299999999999997,2.299999999999997,2.985714285714286,67.205,70.325,72.8276,70.325,78.53121106236016,62.118788937639856,0.2333796249515862,0.5999999999999988,2.7780000000000005,107968.15,False,False,False,50.46
2025-11-19,OSWALGREEN,EQ,36.05,36.09,35.0,35.62,35.96,382148,1.0900000000000034,1.0900000000000034,0.9914285714285721,36.687,37.3345,38.897,37.3345,39.113943452319106,35.55505654768089,0.09532434891690567,0.5688073394495372,0.9950000000000007,203268.1,False,False,False,39.55
2025-11-19,OSWALPUMPS,EQ,657.1,659.4,630.0,632.45,656.75,481537,29.399999999999977,29.399999999999977,23.67500000000001,659.845,701.4,743.512,701.4,792.2872103213647,610.5127896786353,0.2591594249254768,0.08333333333333494,22.727500000000013,296075.0,False,False,False,61.71
2025-11-19,OSWALSEEDS,BE,13.41,14.2,13.41,13.78,13.83,21516,0.7899999999999991,0.7899999999999991,0.7092857142857142,14.507000000000001,14.770000000000001,14.831199999999999,14.770000000000001,15.920930058691669,13.619069941308334,0.15584699508350267,0.46835443037974633,0.7195,46462.0,False,False,False,
2025-11-19,OWAIS,SM,409.5,415.0,385.0,389.3,408.3,60500,30.0,30.0,27.046428571428578,453.09,478.2950000000001,484.35,478.2950000000001,549.8801444085987,406.7098555914015,0.2993346968235025,0.1433333333333337,25.995000000000005,21855.0,False,False,False,67.6
2025-11-19,PACEDIGITK,EQ,210.05,222.06,210.05,217.31,210.13,3851232,12.009999999999991,12.009999999999991,8.23214285714286,215.317,217.031,,217.031,225.4991707587885,208.56282924121152,0.0780365086903575,0.6044962531223977,8.424000000000001,2779633.65,False,False,False,28.58
2025-11-19,PAGEIND,EQ,39155.0,39240.0,38755.0,38810.0,39255.0,20119,485.0,500.0,855.7142857142857,39792.0,40507.75,41891.9,40507.75,42164.88148241171,38850.61851758829,0.08181799692215476,0.1134020618556701,806.75,19512.2,False,False,True,65.48
2025-11-19,PAISALO,EQ,34.11,34.65,33.59,34.14,34.13,5530234,1.0599999999999952,1.0599999999999952,1.6714285714285704,34.731,36.878,37.702,36.878,41.89161984996865,31.86438015003135,0.27190302348113504,0.5188679245283015,1.5184999999999989,7033408.3,False,False,False,54.02
2025-11-19,PAKKA,EQ,114.06,116.54,113.57,116.03,114.94,67025,2.970000000000013,2.970000000000013,6.057857142857143,121.83700000000002,131.525,145.5368,131.525,154.2923314202609,108.75766857973913,0.3462053817945011,0.8282828282828273,5.2280000000000015,144370.05,False,False,True,45.99
2025-11-19,PALASHSECU,EQ,115.6,116.39,115.0,115.06,115.35,7474,1.3900000000000006,1.3900000000000006,3.881428571428571,116.328,118.3175,118.9834,118.3175,122.84187785778342,113.79312214221657,0.07647859121065642,0.0431654676259009,4.233,8747.6,False,False,True,98.51
2025-11-19,PALREDTEC,BE,47.8,48.99,46.0,46.54,48.21,7624,2.990000000000002,2.990000000000002,2.7542857142857153,51.80499999999999,55.1485,54.092200000000005,55.1485,63.361127533256386,46.93587246674361,0.2978368417366343,0.1806020066889628,3.027500000000001,6126.25,False,False,False,
2025-11-19,PANACEABIO,EQ,373.05,380.4,362.45,370.35,377.55,154083,17.94999999999999,17.94999999999999,13.846428571428573,398.765,419.77250000000004,422.805,419.77250000000004,467.95156677178386,371.5934332282162,0.22954846623723002,0.44011142061281555,13.319999999999999,81843.6,False,False,False,50.12
2025-11-19,PANACHE,BE,421.0,421.0,401.05,408.2,422.15,48170,19.94999999999999,21.099999999999966,13.02857142857142,426.46999999999997,420.59499999999997,380.139,420.59499999999997,445.09450815832145,396.0954918416785,0.11649928391122803,0.35839598997493644,8.807499999999996,15969.05,False,False,False,
2025-11-19,PANAMAPET,EQ,298.0,301.3,292.35,299.45,301.7,79014,8.949999999999989,9.349999999999966,10.749999999999991,289.55,281.2275,285.297,281.2275,306.0613977005221,256.39360229947795,0.1766107347291575,0.793296089385472,9.879999999999995,217370.1,False,False,False,52.92
2025-11-19,PANSARI,EQ,348.0,352.3,327.75,340.65,320.3,65196,24.55000000000001,32.0,15.021428571428567,282.315,269.0675,266.948,269.0675,314.6128101317798,223.52218986822024,0.3385418910257075,0.5254582484725039,14.244999999999994,6122.4,True,True,False,21.19
2025-11-19,PAR,EQ,93.0,94.07,91.5,92.83,94.07,7155,2.569999999999993,2.569999999999993,3.4500000000000006,96.27000000000001,98.8605,103.63879999999999,98.8605,105.21718616497596,92.50381383502405,0.1285991101597899,0.5175097276264599,3.3989999999999996,7009.1,False,False,False,95.02
2025-11-19,PARACABLES,EQ,40.31,40.84,39.86,40.53,40.32,432846,0.980000000000004,0.980000000000004,1.5500000000000018,40.958999999999996,42.241499999999995,44.3684,42.241499999999995,45.278401545984266,39.20459845401572,0.14378758074331033,0.6836734693877541,1.4325000000000017,737628.85,False,False,True,53.32
2025-11-19,PARADEEP,EQ,162.0,162.2,159.02,159.38,162.0,2714611,3.1799999999999784,3.1799999999999784,6.3549999999999995,163.203,168.038,177.4368,168.038,180.02176501772206,156.05423498227796,0.1426316073474101,0.11320754716980744,5.8950000000000005,4586300.4,False,False,False,53.18
2025-11-19,PARAGMILK,EQ,355.5,362.85,350.0,359.4,355.7,1157260,12.850000000000023,12.850000000000023,15.903571428571427,341.105,323.70500000000004,295.48600000000005,323.70500000000004,371.7712865218458,275.6387134781543,0.296975867050838,0.7315175097276234,14.36,2438943.5,False,True,False,48.23
2025-11-19,PARAGON,SM,51.3,51.3,51.3,51.3,50.0,1200,0.0,1.2999999999999972,2.1714285714285713,53.739999999999995,54.1625,55.478,54.1625,57.96011438274091,50.36488561725909,0.14023039493158218,0.5,1.6049999999999993,12120.0,False,False,True,100.0
2025-11-19,PARAMATRIX,SM,77.15,77.15,77.15,77.15,81.3,1200,0.0,4.1499999999999915,6.403571428571429,81.05,79.50750000000001,83.48,79.50750000000001,87.36614333075373,71.64885666924629,0.19768306966647728,0.5,2.6774999999999998,11460.0,False,False,True,100.0
2025-11-19,PARAMOUNT,SM,52.15,52.15,50.8,51.0,52.15,8400,1.3500000000000014,1.3500000000000014,3.2107142857142867,56.185,53.49499999999999,54.659,53.49499999999999,61.92666057191592,45.06333942808406,0.31523172527959353,0.1481481481481501,1.7800000000000005,11040.0,False,False,False,100.0
2025-11-19,PARAS,EQ,738.6,739.7,717.35,721.0,736.1,531351,22.350000000000023,22.350000000000023,24.739285714285725,715.48,713.8399999999999,706.4689999999999,713.8399999999999,755.0577461780721,672.6222538219278,0.11548174991054624,0.16331096196867892,23.645000000000003,1114193.6,False,True,False,44.42
2025-11-19,PARASPETRO,EQ,2.04,2.35,2.04,2.12,2.04,317391,0.31000000000000005,0.31000000000000005,0.11928571428571434,2.0860000000000003,2.1365,2.2778,2.1365,2.2568785695213123,2.0161214304786874,0.1126876382132576,0.2580645161290324,0.11149999999999997,133173.6,False,False,False,56.05
2025-11-19,PARIN,ST,590.0,590.1,588.0,590.1,590.0,4000,2.1000000000000227,2.1000000000000227,25.735714285714298,581.28,565.5200000000001,529.379,565.5200000000001,610.8824227748037,520.1575772251965,0.16042729797285177,1.0,27.07500000000001,8075.0,False,False,True,93.75
2025-11-19,PARKHOTELS,EQ,141.9,141.9,139.66,141.05,141.86,196170,2.240000000000009,2.240000000000009,3.7471428571428556,143.153,146.0285,150.6406,146.0285,152.81770694926925,139.23929305073077,0.09298468380171326,0.6205357142857184,3.502000000000001,345692.45,False,False,True,51.38
2025-11-19,PARSVNATH,EQ,14.73,14.99,14.54,14.72,14.64,227334,0.45000000000000107,0.45000000000000107,0.9414285714285712,15.606,16.380499999999998,15.125,16.380499999999998,18.564692985979036,14.196307014020958,0.2666820897993394,0.40000000000000235,0.9739999999999999,821521.0,False,False,True,50.14
2025-11-19,PARTH,ST,250.0,255.5,245.0,246.05,244.8,17600,10.5,10.699999999999989,13.289285714285716,248.51000000000005,257.7625,252.396,257.7625,281.6742727280937,233.8507272719063,0.1855333706655832,0.10000000000000109,11.777500000000003,21820.0,False,False,False,95.45
2025-11-19,PARTYCRUS,SM,75.85,75.85,70.8,71.65,71.0,21000,5.049999999999997,5.049999999999997,4.289285714285713,72.39000000000001,71.9525,74.316,71.9525,77.6790587397669,66.2259412602331,0.15917608810720685,0.1683168316831701,3.502499999999999,17350.0,False,False,False,71.43
2025-11-19,PASHUPATI,EQ,830.0,830.0,800.0,813.8,817.35,2528,30.0,30.0,15.324999999999998,814.535,800.3675000000001,741.15,800.3675000000001,839.3816291713653,761.3533708286349,0.09749053821242165,0.45999999999999847,17.3875,1220.9,False,True,False,52.69
2025-11-19,PASUPTAC,EQ,55.25,56.3,53.79,55.94,54.77,211571,2.509999999999998,2.509999999999998,4.408571428571429,53.233000000000004,49.726,46.95099999999999,49.726,59.38839183639329,40.06360816360671,0.38862534032068896,0.856573705179283,3.279000000000001,284194.1,False,False,False,62.79
2025-11-19,PATANJALI,EQ,585.0,589.95,578.65,582.9,587.05,468012,11.300000000000068,11.300000000000068,10.592857142857147,583.4449999999999,588.83,712.9040000000001,588.83,606.5511286322544,571.1088713677457,0.060190984264573345,0.37610619469026324,10.712500000000006,1011436.1,False,False,False,42.61
2025-11-19,PATELENG,EQ,34.8,35.24,34.71,35.14,34.76,1764215,0.5300000000000011,0.5300000000000011,0.8192857142857147,35.485,36.2175,37.3628,36.2175,37.90360646164473,34.531393538355275,0.09311004136921248,0.8113207547169788,0.7269999999999996,1633925.45,False,False,False,55.19
2025-11-19,PATELRMART,EQ,221.0,222.19,217.3,218.68,220.97,167761,4.889999999999986,4.889999999999986,6.435714285714283,221.88299999999998,223.1625,233.12440000000004,223.1625,229.8451547868344,216.4798452131656,0.05989048148174003,0.2822085889570551,6.033999999999999,163608.75,False,False,False,19.58
2025-11-19,PATILAUTOM,SM,169.0,173.9,166.0,168.8,168.65,66000,7.900000000000006,7.900000000000006,8.303571428571427,172.98999999999998,175.27749999999997,183.045,175.27749999999997,185.27462333623927,165.28037666376068,0.11407195260360628,0.3544303797468366,8.937499999999998,56550.0,False,False,False,66.36
2025-11-19,PATINTLOG,EQ,13.93,14.25,13.88,14.06,13.93,111396,0.3699999999999992,0.3699999999999992,0.38642857142857157,13.968,14.0425,14.362400000000001,14.0425,14.259928149051385,13.825071850948616,0.030967156710184726,0.48648648648648674,0.3580000000000001,77112.55,False,False,False,87.56
2025-11-19,PAVNAIND,EQ,32.4,33.4,31.65,32.5,31.61,161751,1.75,1.7899999999999991,2.680000000000001,34.669,35.811,36.6564,35.811,39.46259088613991,32.15940911386009,0.20393682869173757,0.48571428571428654,2.596000000000001,490891.2,False,False,False,42.15
2025-11-19,PAYTM,EQ,1300.0,1300.5,1275.2,1282.6,1295.5,3729532,25.299999999999955,25.299999999999955,30.214285714285715,1307.58,1304.205,1247.9940000000001,1304.205,1337.8543967256521,1270.5556032743477,0.05160139199842386,0.29249011857707025,28.295000000000027,3565877.7,False,False,False,52.72
2025-11-19,PCBL,EQ,341.0,342.05,333.75,335.0,341.95,554938,8.300000000000011,8.300000000000011,8.121428571428579,346.73,356.4675,373.704,356.4675,378.37369261761313,334.5613073823868,0.12290709597712644,0.150602409638554,9.000000000000004,625944.25,False,False,False,50.33
2025-11-19,PCCL,SM,179.0,182.0,178.0,178.0,185.0,5200,4.0,7.0,5.7928571428571445,179.35500000000002,181.515,180.483,181.515,189.03770563029025,173.99229436970973,0.08288797763590074,0.0,5.900000000000001,9520.0,False,False,False,69.23
2025-11-19,PCJEWELLER,EQ,11.2,11.27,10.86,10.94,11.2,83079034,0.41000000000000014,0.41000000000000014,0.4142857142857145,11.830000000000002,11.8225,12.594000000000001,11.8225,12.55916478129468,11.08583521870532,0.12462081307586041,0.1951219512195123,0.366,49225881.0,False,False,False,52.45
2025-11-19,PDMJEPAPER,EQ,104.25,106.05,100.26,102.55,104.77,76079,5.789999999999992,5.789999999999992,4.1778571428571425,107.56700000000001,112.94850000000001,119.68119999999999,112.94850000000001,125.84149697510288,100.05550302489713,0.22829868435796621,0.3955094991364413,3.8625,102630.35,False,False,False,62.7
2025-11-19,PDSL,EQ,385.5,395.0,379.3,389.95,382.45,104795,15.699999999999989,15.699999999999989,22.232142857142858,384.28999999999996,361.075,337.965,361.075,418.5243037381651,303.6256962618349,0.31821258042326445,0.6783439490445851,18.98,332925.5,False,True,False,39.72
2025-11-19,PEARLPOLY,EQ,26.45,26.45,25.05,25.2,25.52,12163,1.3999999999999986,1.3999999999999986,1.4285714285714286,26.369999999999997,27.2875,29.281599999999997,27.2875,29.5494714852315,25.025528514768503,0.16578810702567098,0.10714285714285623,1.4134999999999998,19103.25,False,False,False,71.1
2025-11-19,PELATRO,SM,350.0,350.0,340.0,340.0,351.05,6600,10.0,11.050000000000011,14.757142857142854,358.25,360.595,380.339,360.595,382.44388784354874,338.7461121564513,0.12118242262676247,0.0,11.544999999999998,4305.0,False,False,False,100.0
2025-11-19,PENIND,EQ,224.2,226.5,220.05,222.5,223.7,659497,6.449999999999989,6.449999999999989,11.752142857142854,234.84499999999997,242.8455,241.86919999999998,242.8455,275.10072312742534,210.59027687257466,0.2656439845698219,0.379844961240309,9.341499999999996,1403718.05,False,False,False,33.73
2025-11-19,PENINLAND,EQ,32.33,32.33,30.81,30.9,31.89,165033,1.5199999999999996,1.5199999999999996,1.4964285714285717,32.201,33.007,34.1212,33.007,35.327785211948694,30.686214788051302,0.14062381991387862,0.059210526315789394,1.427,304687.65,False,False,False,67.98
2025-11-19,PENTAGON,ST,76.8,84.75,76.8,84.75,80.75,19000,7.950000000000003,7.950000000000003,5.125000000000001,87.72,83.9375,71.117,83.9375,100.14092170654081,67.73407829345919,0.3860830190687311,1.0,3.6475,21100.0,False,False,False,100.0
2025-11-19,PERSISTENT,EQ,6080.0,6342.0,6076.0,6316.0,6079.5,874803,266.0,266.0,120.25714285714288,6048.05,5950.865,5548.396,5950.865,6243.7477634054585,5657.982236594541,0.09843367759324358,0.9022556390977443,112.99499999999998,391835.9,True,True,False,33.74
2025-11-19,PETRONET,EQ,275.5,275.85,273.3,274.25,274.85,1397603,2.5500000000000114,2.5500000000000114,5.6214285714285745,276.88,278.35749999999996,277.86800000000005,278.35749999999996,283.82323645540674,272.8917635445932,0.039271343185700296,0.37254901960783704,4.8850000000000025,2007361.6,False,False,True,66.5
2025-11-19,PFC,EQ,374.6,377.0,372.0,373.65,374.6,5830083,5.0,5.0,8.09642857142857,378.20500000000004,388.685,397.4,388.685,412.75764214829786,364.61235785170214,0.12386710137153664,0.32999999999999546,7.417499999999999,5676984.45,False,False,False,67.43
2025-11-19,PFIZER,EQ,5035.0,5050.0,4987.5,5002.0,5010.0,7960,62.5,62.5,111.42857142857143,5052.6,5179.525,5172.62,5179.525,5448.062795291466,4910.987204708534,0.10369205488590787,0.232,111.975,19776.3,False,False,False,52.4
2025-11-19,PFOCUS,EQ,171.99,173.5,169.15,170.15,171.52,2111639,4.349999999999994,4.349999999999994,9.851428571428569,172.267,173.597,177.22039999999998,173.597,183.66151807092575,163.53248192907427,0.11595267281031058,0.22988505747126467,8.934,3185243.65,False,False,True,37.37
2025-11-19,PFS,EQ,35.95,35.95,34.75,34.86,35.87,477446,1.2000000000000028,1.2000000000000028,0.7292857142857149,35.85,35.9985,36.2598,35.9985,38.78454576416137,33.21245423583863,0.154786769679924,0.09166666666666598,1.1540000000000006,4127552.95,False,False,False,56.25
2025-11-19,PGEL,EQ,582.0,586.3,574.05,579.8,582.9,1766917,12.25,12.25,19.628571428571426,558.895,567.635,557.558,567.635,603.7356523486792,531.5343476513208,0.12719671038142188,0.46938775510204084,18.177500000000002,2960612.7,False,False,True,27.4
2025-11-19,PGHH,EQ,12903.0,13032.0,12862.0,12905.0,12902.0,3405,170.0,170.0,220.0,13033.6,13302.4,13593.24,13302.4,13950.12259494325,12654.67740505675,0.09738432086589645,0.2529411764705882,243.0,6311.4,False,False,False,66.26
2025-11-19,PGHL,EQ,5850.5,5960.0,5770.5,5892.5,5890.5,8193,189.5,189.5,118.85714285714286,5929.0,6046.35,6193.87,6046.35,6302.146032025533,5790.553967974468,0.08461171848322788,0.6437994722955145,120.625,8894.1,False,False,False,63.52
2025-11-19,PGIL,EQ,1678.0,1777.9,1660.4,1766.9,1676.0,438534,117.5,117.5,97.0857142857143,1557.78,1449.94,1363.4,1449.94,1777.7050280307526,1122.1749719692475,0.45210840176938705,0.9063829787234042,86.40500000000002,490224.7,False,True,False,31.1
2025-11-19,PGINVIT,IV,95.15,96.1,94.91,95.94,94.99,1980022,1.1899999999999977,1.1899999999999977,1.0014285714285702,95.449,95.861,95.406,95.861,97.52973485011822,94.19226514988179,0.03481571963818889,0.8655462184873975,0.85,939032.4,False,False,False,78.19
2025-11-19,PHANTOMFX,SM,265.2,269.3,261.0,264.05,266.4,13800,8.300000000000011,8.300000000000011,11.357142857142852,253.635,244.24499999999998,244.00900000000001,244.24499999999998,269.271563887196,219.21843611280397,0.20492999969044215,0.36746987951807314,10.927499999999998,27210.0,False,False,False,69.57
2025-11-19,PHARMABEES,EQ,23.29,23.36,23.15,23.28,23.26,6529713,0.21000000000000085,0.21000000000000085,0.4457142857142851,23.109,22.996,22.7436,22.996,23.409782551589668,22.58221744841033,0.035987350112164675,0.6190476190476287,0.4839999999999998,4270625.25,False,False,True,81.7
2025-11-19,PHOENIXLTD,EQ,1712.0,1727.8,1693.5,1715.1,1724.1,242539,34.299999999999955,34.299999999999955,35.20714285714285,1737.83,1712.6599999999999,1637.808,1712.6599999999999,1774.701708551577,1650.6182914484227,0.07245070072469391,0.6297376093294442,35.920000000000016,405153.9,False,False,False,55.1
2025-11-19,PHOGLOBAL,SM,19.35,19.5,19.2,19.5,19.35,6000,0.3000000000000007,0.3000000000000007,0.7178571428571429,20.19,20.360000000000003,21.107000000000003,20.360000000000003,21.49472463620045,19.225275363799557,0.11146607428295141,1.0,0.6275000000000001,8500.0,False,False,False,66.67
2025-11-19,PICCADIL,EQ,635.0,637.1,619.95,626.9,637.1,80103,17.149999999999977,17.149999999999977,26.85357142857144,641.9,649.9300000000001,665.9689999999999,649.9300000000001,686.1043749082119,613.7556250917883,0.11131775701448401,0.4052478134110753,24.22000000000002,118494.2,False,False,False,53.82
2025-11-19,PIDILITIND,EQ,1495.0,1497.2,1473.6,1476.7,1491.0,631671,23.600000000000136,23.600000000000136,26.43571428571431,1469.3899999999999,1487.69,1902.68,1487.69,1543.6343258963052,1431.745674103695,0.07520965509791037,0.13135593220339487,25.285000000000025,633249.75,False,False,False,69.47
2025-11-19,PIGL,BE,152.6,154.85,148.0,148.92,154.06,72557,6.849999999999994,6.849999999999994,7.342142857142856,150.494,155.4135,161.1604,155.4135,170.93361246737578,139.89338753262422,0.19972669642438762,0.13430656934306398,7.528499999999998,51541.55,False,False,False,
2025-11-19,PIIND,EQ,3458.3,3463.6,3415.2,3439.9,3458.3,200324,48.40000000000009,48.40000000000009,81.39285714285721,3620.34,3596.87,3614.2739999999994,3596.87,3786.1684849384897,3407.57151506151,0.10525734037565426,0.5103305785124014,75.34500000000006,235434.25,False,False,True,75.58
2025-11-19,PILANIINVS,EQ,5247.0,5253.5,5170.5,5241.5,5222.0,1884,83.0,83.0,179.21428571428572,5246.3,5433.525,5361.29,5433.525,5894.403560469021,4972.646439530979,0.16964256554226625,0.8554216867469879,178.0,9433.7,False,False,False,61.57
2025-11-19,PILITA,EQ,11.78,11.9,11.52,11.68,11.79,32108,0.3800000000000008,0.3800000000000008,0.5757142857142862,11.919,12.0145,13.0558,12.0145,12.428720955529878,11.600279044470122,0.06895350710056643,0.4210526315789469,0.5320000000000003,78934.95,False,False,False,76.65
2025-11-19,PINELABS,EQ,240.97,244.68,237.47,241.87,240.77,6165358,7.210000000000008,7.210000000000008,,,,,,,,,0.6102635228848822,,,False,False,False,39.17
2025-11-19,PIONEEREMB,EQ,30.95,30.95,29.6,30.07,30.44,45715,1.3499999999999979,1.3499999999999979,1.5921428571428582,33.103,34.294,35.596,34.294,37.51137408456034,31.07662591543966,0.18763480985363848,0.3481481481481479,1.5560000000000003,29259.85,False,False,False,95.43
2025-11-19,PIRAMALFIN,BE,1695.0,1695.0,1570.1,1600.7,1642.9,267228,124.90000000000009,124.90000000000009,,,,,,,,,0.24499599679743886,,,False,False,False,
2025-11-19,PITTIENG,EQ,886.6,898.0,881.1,886.0,881.95,57586,16.899999999999977,16.899999999999977,25.357142857142858,902.305,919.7,944.6590000000001,919.7,969.3170736742907,870.0829263257094,0.10789838789668504,0.2899408284023659,27.5825,39740.85,False,False,False,76.22
2025-11-19,PIXTRANS,EQ,1442.0,1454.1,1419.0,1446.8,1448.4,21945,35.09999999999991,35.09999999999991,31.657142857142862,1450.8700000000001,1455.75,1447.32,1455.75,1478.7431728998004,1432.7568271001996,0.03158945272169034,0.7920227920227928,29.329999999999995,13947.9,False,False,False,64.92
2025-11-19,PKTEA,BE,690.0,719.25,685.0,713.7,685.0,109,34.25,34.25,36.31785714285714,677.6400000000001,691.8174999999999,754.3389999999999,691.8174999999999,732.2675837452759,651.3674162547238,0.11693859650927034,0.8379562043795634,28.26,280.15,False,False,False,
2025-11-19,PLASTIBLEN,EQ,170.21,171.89,167.41,168.69,170.12,6224,4.47999999999999,4.47999999999999,4.74214285714286,171.408,175.10049999999998,183.407,175.10049999999998,183.6000375756559,166.60096242434406,0.0970818195911025,0.28571428571428664,4.795500000000001,8681.25,False,False,False,81.68
2025-11-19,PLATIND,EQ,266.5,275.0,265.1,273.95,265.5,281463,9.899999999999977,9.899999999999977,8.214285714285706,265.825,272.66999999999996,285.152,272.66999999999996,291.9425815603421,253.39741843965783,0.14136195078550728,0.8939393939393926,8.812499999999996,143936.45,False,False,False,62.89
2025-11-19,PLAZACABLE,EQ,42.3,42.3,39.6,40.05,41.92,221656,2.6999999999999957,2.6999999999999957,1.4707142857142854,44.584,46.822,51.1488,46.822,52.3004472252638,41.3435527747362,0.23401167080704793,0.16666666666666535,1.4904999999999995,73603.1,False,False,False,53.63
2025-11-19,PNB,EQ,122.75,125.45,121.65,125.06,122.38,22108922,3.799999999999997,3.799999999999997,2.3028571428571425,122.42399999999998,120.68549999999998,114.9766,120.68549999999998,125.89081065355313,115.48018934644682,0.08626240357877552,0.8973684210526314,2.3180000000000005,15323719.65,True,True,False,45.07
2025-11-19,PNBGILTS,EQ,86.85,87.5,86.4,86.76,86.74,168689,1.0999999999999943,1.0999999999999943,2.182857142857144,87.725,89.55,95.27779999999998,89.55,93.94018906198838,85.15981093801162,0.09805000696791469,0.32727272727272844,2.304,405121.1,False,False,True,54.34
2025-11-19,PNBHOUSING,EQ,925.0,930.45,899.05,908.85,920.0,1014303,31.40000000000009,31.40000000000009,22.257142857142867,911.115,907.4225,874.1610000000001,907.4225,956.7178899974513,858.1271100025488,0.10864925654246231,0.31210191082802674,22.210000000000015,1218480.5,False,False,False,36.22
2025-11-19,PNC,BE,28.12,29.05,27.55,28.99,28.69,895,1.5,1.5,1.4449999999999998,29.038,29.147,31.4984,29.147,30.31730081602984,27.976699183970158,0.08030334621263528,0.9599999999999985,1.4795000000000003,4072.2,False,False,False,
2025-11-19,PNCINFRA,EQ,263.9,269.8,255.0,262.0,263.4,417538,14.800000000000011,14.800000000000011,7.392857142857151,273.8,278.82,290.67400000000004,278.82,293.32711549550703,264.31288450449296,0.10406079546307322,0.4729729729729726,6.507500000000002,171474.35,False,False,False,51.94
2025-11-19,PNGJL,EQ,645.0,647.0,630.05,640.0,638.2,250170,16.950000000000045,16.950000000000045,18.614285714285725,654.605,658.535,637.587,658.535,684.2854194140556,632.7845805859444,0.0782051657514198,0.5870206489675527,20.375,330703.05,False,False,False,48.99
2025-11-19,POCL,EQ,1411.5,1411.5,1375.1,1388.6,1417.9,181309,36.40000000000009,42.80000000000018,59.35000000000004,1370.85,1385.4900000000002,1310.1960000000001,1385.4900000000002,1462.507735619779,1308.4722643802215,0.11117761314737558,0.37087912087911995,70.45000000000002,736154.3,False,False,True,38.8
2025-11-19,PODDARMENT,EQ,257.8,263.1,257.8,261.9,257.95,2460,5.300000000000011,5.300000000000011,8.242857142857146,266.94,272.975,278.524,272.975,289.85399582321065,256.0960041767894,0.123666971870762,0.7735849056603693,8.164999999999997,4754.85,False,False,False,81.87
2025-11-19,POKARNA,EQ,938.55,946.65,915.5,934.2,933.7,175455,31.149999999999977,31.149999999999977,43.42142857142857,896.8299999999999,884.8299999999999,833.477,884.8299999999999,963.0531640883931,806.6068359116067,0.17680947546623244,0.6003210272873213,50.364999999999995,490758.05,False,False,False,30.84
2025-11-19,POLICYBZR,EQ,1800.3,1866.5,1798.4,1850.7,1800.3,2484013,68.09999999999991,68.09999999999991,63.499999999999964,1790.17,1753.0550000000003,1757.2920000000001,1753.0550000000003,1883.789547461641,1622.3204525383596,0.14915053716128773,0.7679882525697507,55.355000000000004,2011032.15,False,False,False,68.17
2025-11-19,POLYCAB,EQ,7663.0,7704.0,7641.0,7688.0,7661.0,138316,63.0,63.0,151.10714285714286,7648.4,7634.725,7518.5,7634.725,7818.410185847943,7451.039814152058,0.04811835026093073,0.746031746031746,166.95,282051.65,False,False,True,63.67
2025-11-19,POLYMED,EQ,1899.3,1901.8,1875.0,1893.2,1899.3,78939,26.799999999999955,26.799999999999955,66.36428571428573,1944.1200000000001,1937.775,1948.38,1937.775,2036.2075327318216,1839.3424672681786,0.10159335602102569,0.6791044776119431,60.66000000000004,268202.0,False,False,True,51.4
2025-11-19,POLYPLEX,EQ,863.05,874.95,861.2,870.05,863.05,40753,13.75,13.75,20.31785714285712,914.075,944.5725,995.829,944.5725,1019.7669643906663,869.3780356093337,0.15921374884546466,0.643636363636357,20.13749999999998,40292.8,False,False,False,47.46
2025-11-19,POLYSIL,ST,302.75,302.75,293.1,298.9,296.85,121000,9.649999999999977,9.649999999999977,9.299999999999997,289.53499999999997,279.22749999999996,249.45800000000003,279.22749999999996,317.04842641646826,241.4065735835317,0.2708968594888991,0.6010362694300485,4.627499999999998,100275.0,False,False,False,95.04
2025-11-19,PONNIERODE,EQ,288.05,291.85,287.05,289.45,287.15,4740,4.800000000000011,4.800000000000011,7.842857142857135,291.10999999999996,291.65,291.186,291.65,306.729588853812,276.57041114618795,0.1034088040720866,0.49999999999999406,9.222499999999993,17474.55,False,False,False,57.36
2025-11-19,POONAWALLA,EQ,465.0,473.5,462.2,468.6,465.5,856101,11.300000000000011,11.300000000000011,13.703571428571435,470.30999999999995,483.35249999999996,485.795,483.35249999999996,518.6954692442516,448.00953075574824,0.1462409700756764,0.5663716814159316,15.517500000000004,1461333.5,False,False,False,40.14
2025-11-19,POSITRON,SM,248.65,252.45,246.0,247.45,248.65,11700,6.449999999999989,6.449999999999989,20.5,295.84499999999997,336.03999999999996,336.76399999999995,336.03999999999996,444.13685286815684,227.9431471318431,0.643357057898803,0.22480620155038622,15.629999999999999,43425.0,False,False,True,79.49
2025-11-19,POWERGRID,EQ,275.95,276.0,272.5,275.15,274.2,15765235,3.5,3.5,5.5035714285714255,271.625,280.7625,284.05699999999996,280.7625,299.98259040041137,261.5424095995886,0.13691351516254044,0.7571428571428507,4.667499999999999,13942966.55,False,False,False,76.02
2025-11-19,POWERINDIA,EQ,21400.0,21700.0,21226.0,21624.0,21415.0,76408,474.0,474.0,709.4285714285714,21322.7,19311.55,18955.0,19311.55,23444.539788276772,15178.560211723228,0.42803294280125337,0.8396624472573839,569.15,161368.35,False,False,False,31.72
2025-11-19,POWERMECH,EQ,2420.0,2426.9,2384.0,2402.3,2418.7,36159,42.90000000000009,42.90000000000009,88.20000000000005,2393.0600000000004,2494.045,2718.314,2494.045,2733.0874520875004,2255.0025479124997,0.191690568604416,0.4265734265734299,83.28500000000004,82915.5,False,False,True,53.48
2025-11-19,PPAP,EQ,233.0,235.2,229.4,230.1,230.8,10341,5.799999999999983,5.799999999999983,17.56,249.215,257.4545,237.64520000000002,257.4545,284.6957448137017,230.21325518629826,0.211619877016729,0.12068965517241219,16.4075,135515.1,False,False,True,52.25
2025-11-19,PPL,EQ,260.55,264.35,255.2,258.25,260.55,67340,9.150000000000034,9.150000000000034,8.267857142857142,275.01,285.5425,300.475,285.5425,311.88496144535134,259.2000385546487,0.18450816565205752,0.3333333333333333,8.332499999999996,59396.7,False,False,False,57.04
2025-11-19,PPLPHARMA,EQ,192.95,192.99,188.07,188.8,192.13,3241928,4.920000000000016,4.920000000000016,4.869285714285717,194.933,197.584,197.9332,197.584,206.22600069428378,188.94199930571622,0.08747672579038566,0.14837398373984062,4.7219999999999995,3259751.65,False,False,False,57.74
2025-11-19,PPSL,SM,10.8,10.85,10.75,10.75,10.9,75000,0.09999999999999964,0.15000000000000036,0.8071428571428572,11.625,12.56,13.302,12.56,14.716756824493727,10.403243175506274,0.34343261536524305,0.0,0.6825,102600.0,False,False,True,96.0
2025-11-19,PRABHA,EQ,207.14,207.59,202.87,203.66,208.37,20577,4.719999999999999,5.5,8.040714285714287,207.177,209.1905,218.737,209.1905,216.9098172625564,201.47118273744357,0.07380179561267282,0.16737288135593056,7.974500000000002,21240.4,False,False,False,90.46
2025-11-19,PRAENG,BE,28.77,29.77,28.4,28.89,28.78,45067,1.370000000000001,1.370000000000001,1.7378571428571434,29.833,29.647000000000002,27.577600000000004,29.647000000000002,33.32797324086988,25.966026759130123,0.24832011609065863,0.3576642335766435,1.5034999999999998,100299.15,False,False,False,
2025-11-19,PRAJIND,EQ,344.0,344.05,337.1,341.35,344.75,561871,6.949999999999989,7.649999999999977,9.060714285714283,334.66499999999996,337.65,355.965,337.65,348.2286104947757,327.07138950522426,0.06266021320761568,0.6115107913669074,8.062499999999996,728704.2,False,False,False,37.11
2025-11-19,PRAKASH,EQ,141.41,141.96,138.0,138.56,141.29,701965,3.960000000000008,3.960000000000008,4.630000000000002,152.863,157.095,161.6114,157.095,172.84750646722645,141.34249353277355,0.20054752178269777,0.14141414141414171,4.294000000000001,713246.0,False,False,False,58.93
2025-11-19,PRAKASHSTL,EQ,4.89,4.93,4.76,4.83,4.91,319922,0.16999999999999993,0.16999999999999993,0.11714285714285706,4.9799999999999995,5.075,5.304600000000001,5.075,5.316619535633991,4.83338046436601,0.09521952143211448,0.4117647058823548,0.15399999999999997,236015.2,False,False,False,70.58
2025-11-19,PRAMARA,SM,334.0,334.0,324.25,325.95,326.85,51000,9.75,9.75,16.442857142857143,324.165,318.9525,295.13,318.9525,332.51046721488603,305.39453278511394,0.08501558830788941,0.17435897435897318,14.689999999999998,51275.0,False,True,False,77.45
2025-11-19,PRANIK,SM,76.5,76.55,74.5,74.65,76.5,11200,2.049999999999997,2.049999999999997,3.721428571428571,77.965,78.27000000000001,79.332,78.27000000000001,83.90004440479828,72.63995559520174,0.14386212865205747,0.07317073170731994,3.675,8480.0,False,False,False,100.0
2025-11-19,PRATHAM,SM,143.0,147.5,143.0,144.7,141.9,9200,4.5,5.599999999999994,6.900000000000001,157.28000000000003,165.1675,150.235,165.1675,189.10575964852035,141.22924035147963,0.2898664646316056,0.37777777777777527,8.682500000000001,23520.0,False,False,False,86.96
2025-11-19,PRAXIS,BE,10.49,10.94,10.49,10.52,10.94,216218,0.4499999999999993,0.4499999999999993,0.6392857142857141,11.472,11.860499999999998,12.221200000000001,11.860499999999998,13.007922764285228,10.713077235714769,0.1934864068606264,0.06666666666666535,0.6564999999999998,95023.05,False,False,True,
2025-11-19,PRECAM,EQ,187.25,190.7,183.55,186.2,186.32,164349,7.149999999999977,7.149999999999977,6.4221428571428545,183.734,186.30599999999998,197.93740000000003,186.30599999999998,195.32790977565116,177.2840902243488,0.09685044792600542,0.3706293706293686,6.500999999999998,237830.3,False,False,False,25.13
2025-11-19,PRECISION,SM,15.5,15.8,15.25,15.25,16.05,16000,0.5500000000000007,0.8000000000000007,0.7321428571428564,17.845,18.255000000000003,19.883,18.255000000000003,20.433508664201195,16.07649133579881,0.23867528503984578,0.0,0.5099999999999995,10600.0,False,False,False,87.5
2025-11-19,PRECOT,EQ,438.2,465.0,438.2,458.5,443.8,3143,26.80000000000001,26.80000000000001,31.217857142857145,461.77,454.9375,442.293,454.9375,508.9277850057282,400.9472149942718,0.2373525374616434,0.7574626865671643,32.2675,12372.6,False,False,False,59.08
2025-11-19,PRECWIRE,EQ,256.86,261.93,250.0,255.66,256.86,733495,11.930000000000007,11.930000000000007,15.292142857142853,246.68,229.99799999999996,206.7554,229.99799999999996,274.6224684450133,185.37353155498664,0.3880422303238578,0.47443419949706567,13.176499999999995,2332315.95,False,True,False,31.75
2025-11-19,PREMEXPLN,EQ,568.5,578.05,563.0,570.2,571.65,235445,15.049999999999955,15.049999999999955,31.910714285714253,585.46,604.9,599.2450000000001,604.9,654.907039504453,554.892960495547,0.16533985618929747,0.4784053156146224,28.33499999999997,700450.65,False,False,True,35.01
2025-11-19,PREMIER,BE,3.2,3.35,3.17,3.17,3.2,22318,0.18000000000000016,0.18000000000000016,0.2092857142857143,3.312,3.4565000000000006,3.5047999999999995,3.4565000000000006,3.805514326353518,3.107485673646483,0.20194666648547224,0.0,0.225,12247.45,False,False,False,
2025-11-19,PREMIERENE,EQ,989.0,998.0,983.0,994.1,995.9,692546,15.0,15.0,33.442857142857164,1021.7300000000001,1050.58,1041.76,1050.58,1122.7502043782622,978.4097956217377,0.13739116369674328,0.7400000000000015,32.10000000000003,1472074.75,False,False,True,37.88
2025-11-19,PREMIERPOL,EQ,39.79,40.1,38.0,38.28,39.3,94988,2.1000000000000014,2.1000000000000014,1.7778571428571435,39.842,41.782,44.5516,41.782,45.94427630029503,37.61972369970496,0.19923777226054445,0.13333333333333378,1.7340000000000004,50278.7,False,False,False,44.89
2025-11-19,PREMIUM,SM,35.25,37.4,35.25,37.25,35.2,39000,2.1499999999999986,2.1999999999999957,1.5571428571428572,34.2,35.125,35.887,35.125,38.362977763975515,31.887022236024485,0.18436884065341008,0.9302325581395355,0.8799999999999996,12450.0,False,False,False,84.62
2025-11-19,PRESSTONIC,SM,68.0,82.0,68.0,74.0,69.05,32000,14.0,14.0,6.4107142857142865,73.47999999999999,71.14,76.763,71.14,79.68280984220026,62.597190157799744,0.24016895817262457,0.42857142857142855,4.717500000000001,15920.0,False,False,False,82.5
2025-11-19,PRESTIGE,EQ,1725.1,1738.3,1703.1,1717.3,1722.3,844878,35.200000000000045,35.200000000000045,44.228571428571435,1737.5099999999998,1739.975,1641.174,1739.975,1781.96208730073,1697.9879126992698,0.04826171330131764,0.40340909090909166,41.73000000000002,596010.3,False,False,True,45.41
2025-11-19,PRICOLLTD,EQ,644.0,670.6,637.2,661.1,631.8,2925895,33.39999999999998,38.80000000000007,21.260714285714283,591.75,562.13,540.21,562.13,644.0660079574309,480.19399204256916,0.29151978352847513,0.7155688622754489,18.139999999999993,919224.95,True,True,False,25.0
2025-11-19,PRIMECAB,SM,99.15,114.8,98.6,109.9,96.15,137600,16.200000000000003,18.64999999999999,6.785714285714284,101.615,99.1125,,99.1125,109.70857828396898,88.51642171603102,0.21381921117858957,0.6975308641975314,6.242500000000001,89520.0,False,False,False,60.47
2025-11-19,PRIMESECU,EQ,319.65,319.65,310.1,314.25,319.95,44130,9.549999999999955,9.849999999999966,12.953571428571431,313.65500000000003,299.96500000000003,283.27299999999997,299.96500000000003,329.3952242601032,270.5347757398969,0.19622438791261085,0.4345549738219892,13.497499999999997,67549.45,False,True,False,74.19
2025-11-19,PRIMO,EQ,21.91,22.76,21.61,21.84,22.05,82438,1.1500000000000021,1.1500000000000021,0.9521428571428575,22.552,23.027,24.0634,23.027,24.326493747580255,21.727506252419747,0.11286696031443555,0.2,0.8415000000000005,89438.5,False,False,False,78.43
2025-11-19,PRINCEPIPE,EQ,308.85,308.85,295.0,295.9,308.9,230596,13.850000000000023,13.899999999999977,7.4178571428571365,312.37,315.83000000000004,325.135,315.83000000000004,329.1043512082521,302.55564879174796,0.08406010327234324,0.064981949458482,7.324999999999994,97185.4,False,False,False,68.67
2025-11-19,PRITI,EQ,68.0,68.0,65.2,65.38,65.57,10919,2.799999999999997,2.799999999999997,3.301428571428571,67.27799999999999,70.3065,71.2724,70.3065,77.91194088136935,62.70105911863066,0.21635100257783685,0.06428571428571171,4.799000000000001,64553.85,False,False,False,55.92
2025-11-19,PRITIKA,SM,85.0,87.85,85.0,86.9,86.5,98000,2.8499999999999943,2.8499999999999943,3.3392857142857153,86.30499999999999,86.03,87.46799999999999,86.03,88.6669300332015,83.3930699667985,0.06130256964318248,0.66666666666667,2.7600000000000007,30100.0,False,False,False,24.49
2025-11-19,PRITIKAUTO,EQ,15.0,15.16,14.76,14.88,14.96,125619,0.40000000000000036,0.40000000000000036,0.48928571428571466,15.168000000000001,15.551000000000002,16.5078,15.551000000000002,16.37221617129752,14.729783828702482,0.10561586667063455,0.3000000000000022,0.4655000000000002,143003.7,False,False,True,69.19
2025-11-19,PRIVISCL,EQ,3239.0,3270.0,3184.0,3213.3,3234.6,43444,86.0,86.0,111.10000000000004,3253.3599999999997,3059.735,2674.7639999999997,3059.735,3481.40645634961,2638.0635436503903,0.2756261286350679,0.34069767441860677,99.49500000000003,139269.7,False,False,False,55.2
2025-11-19,PRIZOR,SM,338.85,340.0,326.0,330.65,338.85,14800,14.0,14.0,16.296428571428574,322.59499999999997,334.305,322.781,334.305,362.74630622879215,305.86369377120786,0.17015184474532025,0.3321428571428555,13.9025,15280.0,False,False,False,75.68
2025-11-19,PRLIND,SM,85.75,85.8,83.5,83.5,85.9,10000,2.299999999999997,2.4000000000000057,3.275000000000001,85.00500000000001,84.5625,83.59100000000001,84.5625,89.43906385172991,79.68593614827009,0.1153363216964946,0.0,2.537499999999999,18350.0,False,False,False,70.0
2025-11-19,PROFX,SM,83.0,88.75,83.0,86.05,84.0,22400,5.75,5.75,3.5714285714285694,88.14000000000001,88.055,93.32199999999999,88.055,95.50777800554884,80.60222199445117,0.16927552110723607,0.5304347826086951,3.1849999999999996,30160.0,False,False,False,78.57
2025-11-19,PROLIFE,SM,82.3,82.3,78.3,80.0,82.3,4000,4.0,4.0,3.067857142857143,90.165,99.0325,,99.0325,119.5254079195705,78.5395920804295,0.4138622759108474,0.4250000000000007,1.0850000000000002,1775.0,False,False,False,100.0
2025-11-19,PROPEQUITY,SM,166.0,180.0,166.0,180.0,180.0,1200,14.0,14.0,8.200000000000003,177.825,180.76749999999998,193.15200000000002,180.76749999999998,196.0348270417582,165.50017295824176,0.16891672498384083,1.0,4.930000000000002,4800.0,False,False,False,50.0
2025-11-19,PROSTARM,EQ,161.75,164.35,160.05,161.17,159.36,272615,4.299999999999983,4.989999999999981,6.920714285714287,159.746,167.55300000000003,189.46,167.55300000000003,184.18643031367972,150.91956968632033,0.19854529985950348,0.26046511627906527,6.7955,389969.8,False,False,False,40.37
2025-11-19,PROTEAN,EQ,840.0,842.95,831.0,836.95,839.1,131880,11.950000000000045,11.950000000000045,19.239285714285717,849.5800000000002,853.25,872.9169999999999,853.25,877.3008419811007,829.1991580188993,0.05637466623170393,0.4979079497907969,21.675000000000004,231187.45,False,False,False,49.91
2025-11-19,PROV,SM,1322.0,1375.0,1322.0,1351.25,1300.0,11600,53.0,75.0,49.16785714285715,1250.75,1182.645,1096.474,1182.645,1351.8165043971671,1013.4734956028327,0.2860900851856089,0.5518867924528302,32.06,1524.0,True,True,False,100.0
2025-11-19,PROZONER,BE,56.5,56.5,56.49,56.49,57.65,114950,0.00999999999999801,1.1599999999999966,1.5635714285714275,61.254,63.081,56.026799999999994,63.081,72.73809252311464,53.423907476885354,0.3061807049068545,0.0,1.1289999999999996,400822.5,False,False,True,
2025-11-19,PRSMJOHNSN,EQ,144.95,145.5,141.75,145.08,143.75,180324,3.75,3.75,4.160714285714292,143.63799999999998,149.614,152.9692,149.614,163.55419139036508,135.67380860963493,0.18634875600365036,0.8880000000000033,5.021500000000006,441096.15,False,False,False,47.84
2025-11-19,PRUDENT,EQ,2460.0,2478.8,2444.7,2456.4,2484.5,26280,34.100000000000364,39.80000000000018,79.7785714285715,2514.37,2595.6349999999998,2686.1679999999997,2595.6349999999998,2787.4970470546587,2403.772952945341,0.14783438122437007,0.34310850439883134,75.65500000000006,33823.65,False,False,True,62.71
2025-11-19,PRUDMOULI,EQ,25.48,25.48,24.52,24.94,24.84,8290,0.9600000000000009,0.9600000000000009,1.5028571428571422,25.606,26.627,29.5266,26.627,28.92909556708693,24.32490443291307,0.17291437766830134,0.4375000000000014,1.5304999999999995,40748.85,False,False,True,73.96
2025-11-19,PSB,EQ,30.9,31.39,30.5,31.28,30.84,2419907,0.8900000000000006,0.8900000000000006,0.8385714285714282,30.637,30.7985,30.036199999999997,30.7985,31.805500993048028,29.791499006951973,0.06539285959043638,0.8764044943820232,0.9395,3437094.9,False,False,False,34.94
2025-11-19,PSFL,SM,31.05,31.15,30.9,31.0,30.9,26000,0.25,0.25,1.0107142857142863,32.685,34.2175,36.36,34.2175,38.43630018488663,29.998699815113373,0.24658728340098665,0.4000000000000057,1.1550000000000005,24900.0,False,False,False,92.31
2025-11-19,PSPPROJECT,EQ,974.0,977.6,954.5,969.4,972.5,128992,23.100000000000023,23.100000000000023,40.15000000000002,975.8599999999999,912.8549999999999,826.19,912.8549999999999,1073.7968276893873,751.9131723106125,0.3526120308031121,0.6450216450216434,43.015000000000015,907552.75,False,True,False,44.04
2025-11-19,PSRAJ,ST,279.0,279.0,279.0,279.0,277.15,2000,0.0,1.8500000000000227,9.575000000000005,264.39,265.89500000000004,236.63800000000003,265.89500000000004,285.12962762831825,246.6603723716818,0.14467837024628682,0.5,7.587500000000003,10000.0,False,False,True,100.0
2025-11-19,PSUBANK,EQ,850.98,857.0,842.43,855.82,846.57,16343,14.57000000000005,14.57000000000005,15.497857142857153,837.1289999999999,815.9739999999999,767.0056,815.9739999999999,866.5544600216281,765.3935399783718,0.12397566594432702,0.9190116678105734,19.635500000000008,80782.75,False,False,False,54.95
2025-11-19,PSUBANKADD,EQ,85.38,86.25,84.98,86.14,85.49,46261,1.269999999999996,1.269999999999996,1.7864285714285728,84.394,82.24199999999999,77.2502,82.24199999999999,87.25183672388616,77.23216327611382,0.12183158784772179,0.9133858267716537,1.9130000000000016,359266.45,False,False,False,69.21
2025-11-19,PSUBNKBEES,EQ,95.38,95.79,93.83,95.69,94.55,3963532,1.960000000000008,1.960000000000008,1.8128571428571425,93.519,91.102,85.6028,91.102,96.72783895965712,85.47616104034289,0.12350637658135093,0.9489795918367305,1.8639999999999994,3882389.85,False,True,False,54.76
2025-11-19,PSUBNKIETF,EQ,85.86,87.8,85.33,86.88,85.85,205196,2.469999999999999,2.469999999999999,1.8149999999999997,84.864,82.6415,77.6288,82.6415,87.85864203371949,77.4243579662805,0.12625961614248285,0.6275303643724688,1.9819999999999987,321833.75,True,True,False,53.26
2025-11-19,PTC,EQ,164.1,165.27,163.7,164.0,164.95,527787,1.5700000000000216,1.5700000000000216,2.8714285714285768,165.599,166.6465,168.9468,166.6465,171.82231017812558,161.47068982187443,0.062117238323344,0.19108280254777532,3.0330000000000026,1134365.55,False,False,True,58.28
2025-11-19,PTCIL,EQ,17234.0,17320.0,17116.0,17231.0,17234.0,6236,204.0,204.0,445.35714285714283,17301.5,17172.1,16053.98,17172.1,17616.27739699358,16727.922603006416,0.05173244937935163,0.5637254901960784,458.75,15049.05,False,False,True,36.91
2025-11-19,PTL,EQ,39.93,40.15,39.61,39.88,39.74,17851,0.5399999999999991,0.5399999999999991,0.9071428571428574,39.929,39.936,39.894800000000004,39.936,40.303445234013886,39.568554765986114,0.018401704427778727,0.5000000000000066,0.8940000000000001,48689.1,False,True,False,75.96
2025-11-19,PULZ,SM,32.25,34.15,31.9,33.5,32.9,30000,2.25,2.25,1.6071428571428596,34.52,36.1025,38.455,36.1025,39.98302509333476,32.22197490666524,0.21497265249413536,0.7111111111111117,1.0400000000000014,18000.0,False,False,False,33.33
2025-11-19,PUNJABCHEM,EQ,1349.1,1358.0,1329.8,1353.5,1347.8,5373,28.200000000000045,28.200000000000045,52.750000000000036,1310.33,1357.52,1301.5539999999999,1357.52,1484.1827111663074,1230.8572888336926,0.18660897985489336,0.8404255319148939,49.89000000000002,17206.3,False,False,True,60.32
2025-11-19,PURPLEUTED,ST,577.95,577.95,566.4,566.4,577.95,9250,11.550000000000068,11.550000000000068,15.371428571428599,558.08,542.6025,487.274,542.6025,602.16142439425,483.0435756057498,0.21953059336899522,0.0,11.475000000000017,17687.5,False,False,False,100.0
2025-11-19,PURVA,EQ,250.2,251.05,245.0,247.3,251.95,128001,6.050000000000011,6.949999999999989,7.260714285714291,256.865,264.5375,267.267,264.5375,282.7864143512702,246.28858564872988,0.13796844947328948,0.3801652892561995,8.590000000000007,116825.2,False,False,False,69.16
2025-11-19,PURVFLEXI,ST,92.75,92.75,91.0,91.0,92.25,12800,1.75,1.75,3.0821428571428595,92.10499999999999,94.805,100.773,94.805,101.99589007008132,87.6141099299187,0.15169854058501786,0.0,2.2250000000000005,6480.0,False,False,False,100.0
2025-11-19,PUSHPA,SM,123.0,123.1,122.55,122.85,123.8,10000,0.5499999999999972,1.25,4.946428571428569,126.14500000000001,129.8075,132.97299999999998,129.8075,141.112201455589,118.50279854441101,0.1741763989844808,0.5454545454545431,4.119999999999998,51550.0,False,False,True,80.0
2025-11-19,PVP,BE,36.87,36.87,36.87,36.87,36.15,92253,0.0,0.7199999999999989,0.769999999999999,34.043,33.210499999999996,31.1474,33.210499999999996,38.02048326400425,28.400516735995744,0.28966641658537223,0.5,0.5564999999999998,412807.35,True,True,True,
2025-11-19,PVRINOX,EQ,1113.2,1125.0,1093.4,1114.7,1113.0,210078,31.59999999999991,31.59999999999991,36.2071428571429,1117.15,1146.935,1126.278,1146.935,1236.0421776009066,1057.8278223990933,0.1553831343553151,0.6740506329113929,36.44000000000001,399848.85,False,False,False,45.48
2025-11-19,PVSL,EQ,142.05,145.92,140.0,142.04,143.25,20313,5.9199999999999875,5.9199999999999875,5.8707142857142856,146.829,146.2885,144.0516,146.2885,151.56866013014718,141.00833986985282,0.07218831459953695,0.34459459459459396,5.498,70888.4,False,False,False,59.82
2025-11-19,PVTBANIETF,EQ,28.73,28.74,28.51,28.66,28.59,493905,0.22999999999999687,0.22999999999999687,0.3428571428571424,28.360000000000003,28.4625,27.7102,28.4625,28.87285959840101,28.052140401598987,0.028835105728661364,0.6521739130434809,0.3529999999999994,1464676.3,False,True,False,50.28
2025-11-19,PVTBANKADD,EQ,28.68,28.86,28.65,28.79,28.68,29624,0.21000000000000085,0.21000000000000085,0.2535714285714289,28.475,28.5945,27.843600000000002,28.5945,29.008962302266205,28.180037697733795,0.028988952579426484,0.6666666666666666,0.29200000000000037,29652.55,False,False,False,94.56
2025-11-19,PWL,EQ,156.5,161.0,138.54,143.28,155.24,160504001,22.460000000000008,22.460000000000008,,,,,,,,,0.2110418521816566,,,False,False,False,21.47
2025-11-19,PYRAMID,EQ,156.7,159.0,155.0,156.17,156.04,33785,4.0,4.0,5.628571428571432,156.928,158.937,162.8034,158.937,164.84438554692315,153.02961445307687,0.07433619040151931,0.2924999999999969,5.466500000000001,27084.6,False,False,True,73.67
2025-11-19,QGOLDHALF,EQ,101.69,103.04,101.42,102.06,100.74,116443,1.6200000000000045,2.3000000000000114,2.6521428571428567,102.113,101.9425,98.13640000000001,101.9425,107.34106230861528,96.54393769138471,0.10591386926189338,0.395061728395061,2.8324999999999996,227253.85,False,False,False,58.56
2025-11-19,QMSMEDI,SM,98.9,98.9,96.5,96.5,93.75,3000,2.4000000000000057,5.150000000000006,2.7250000000000023,94.565,97.975,99.353,97.975,105.72332239907458,90.22667760092541,0.15816937788363525,0.0,2.7225000000000015,19550.0,False,False,False,100.0
2025-11-19,QNIFTY,EQ,2828.0,2848.0,2828.0,2846.94,2834.25,331,20.0,20.0,33.94357142857143,2819.177,2821.5919999999996,2769.8783999999996,2821.5919999999996,2856.3262387853997,2786.8577612145996,0.024620312777609288,0.9470000000000027,28.521499999999993,473.4,False,True,False,88.82
2025-11-19,QPOWER,EQ,795.0,804.2,771.2,786.4,792.5,394753,33.0,33.0,52.035714285714285,862.11,926.01,961.278,926.01,1080.1582001192348,771.8617998807651,0.3329298822242413,0.4606060606060585,48.295,507245.2,False,False,True,34.62
2025-11-19,QUADFUTURE,EQ,312.1,319.5,308.45,316.9,316.3,207991,11.050000000000011,11.050000000000011,17.810714285714283,310.83000000000004,335.9225,385.86400000000003,335.9225,393.36291673769335,278.4820832623067,0.34198612321409455,0.7647058823529393,15.495,1174199.95,False,False,False,40.47
2025-11-19,QUAL30IETF,EQ,21.93,22.05,21.9,22.01,21.94,117252,0.15000000000000213,0.15000000000000213,0.19928571428571498,21.819,21.775,21.535999999999998,21.775,22.07583217912982,21.47416782087018,0.02763096938046568,0.7333333333333428,0.18249999999999994,161701.75,False,True,False,87.54
2025-11-19,QUALITY30,EQ,21.69,21.69,21.54,21.62,21.43,2755,0.15000000000000213,0.26000000000000156,0.21571428571428594,21.365000000000002,21.3185,21.0814,21.3185,21.648910350927363,20.988089649072638,0.030997523364904883,0.5333333333333381,0.21350000000000052,9501.7,False,False,False,100.0
2025-11-19,QUESS,EQ,212.0,226.42,207.66,223.0,210.74,2646776,18.75999999999999,18.75999999999999,9.580000000000002,219.282,229.956,245.8174,229.956,254.05187715772257,205.8601228422774,0.20956945813740527,0.8176972281449899,8.998500000000003,713893.35,False,False,False,69.0
2025-11-19,QUESTLAB,SM,88.3,88.6,86.1,87.8,88.3,39600,2.5,2.5,3.2678571428571437,88.05499999999999,88.58500000000001,92.005,88.58500000000001,92.36654730236084,84.80345269763917,0.08537669588216593,0.6800000000000012,2.340000000000001,53100.0,False,False,False,96.97
2025-11-19,QUICKHEAL,EQ,313.75,321.0,310.6,314.55,311.0,114354,10.399999999999977,10.399999999999977,9.157142857142857,315.78999999999996,320.15999999999997,318.373,320.15999999999997,333.13858235709915,307.1814176429008,0.08107560193090446,0.37980769230769207,9.664999999999997,163784.5,False,False,False,30.43
2025-11-19,QUICKTOUCH,SM,32.15,32.15,29.7,29.85,32.15,22000,2.4499999999999993,2.4499999999999993,2.8714285714285714,38.714999999999996,40.77,44.498000000000005,40.77,48.825892253500015,32.71410774649999,0.39518725795928433,0.061224489795919254,2.4675000000000002,14550.0,False,False,False,68.18
2025-11-19,QVCEL,SM,32.25,32.25,32.25,32.25,32.5,1600,0.0,0.25,1.4392857142857152,31.935000000000002,32.477500000000006,31.808000000000003,32.477500000000006,34.58118129715508,30.37381870284494,0.12954699697668035,0.5,0.8200000000000006,5600.0,False,False,True,100.0
2025-11-19,RACE,EQ,173.1,180.51,168.35,170.23,174.05,7110,12.159999999999997,12.159999999999997,12.045714285714286,186.642,204.0995,219.3202,204.0995,244.50230409823078,163.69669590176923,0.3959128179954461,0.1546052631578944,12.005,7823.1,False,False,False,77.06
2025-11-19,RACLGEAR,EQ,1087.2,1098.5,1056.3,1065.2,1087.2,27202,42.200000000000045,42.200000000000045,50.72857142857146,1062.03,1085.1550000000002,1055.1760000000002,1085.1550000000002,1167.0361449602356,1003.2738550397647,0.15091142732648405,0.21090047393365122,54.145000000000024,43112.85,False,False,False,46.26
2025-11-19,RADAAN,EQ,3.13,3.23,2.98,3.09,3.11,17732,0.25,0.25,0.22142857142857147,3.1879999999999997,3.3104999999999998,3.4082,3.3104999999999998,3.5870845259590807,3.033915474040919,0.16709531850722303,0.4399999999999995,0.21950000000000003,38889.05,False,False,False,89.87
2025-11-19,RADHIKAJWE,EQ,85.14,85.15,83.38,83.68,84.72,118140,1.7700000000000102,1.7700000000000102,2.901428571428571,85.965,85.389,88.73280000000001,85.389,88.64967416342061,82.12832583657938,0.07637222975841426,0.16949152542373425,2.557999999999999,338572.3,False,False,False,49.73
2025-11-19,RADIANTCMS,EQ,53.4,53.44,52.3,52.81,52.63,97912,1.1400000000000006,1.1400000000000006,1.5614285714285718,53.074,53.5255,54.8006,53.5255,55.705862125886476,51.345137874113526,0.08147003300806065,0.44736842105263586,1.591,123056.65,False,False,False,73.16
2025-11-19,RADICO,EQ,3299.0,3301.0,3225.2,3229.5,3290.8,214939,75.80000000000018,75.80000000000018,74.64285714285718,3247.6099999999997,3224.3650000000002,3049.012,3224.3650000000002,3339.95294530574,3108.7770546942606,0.07169656369904746,0.05672823218997588,85.01500000000006,388199.0,False,False,False,66.84
2025-11-19,RADIOCITY,P1,117.0,117.0,116.25,116.35,117.15,1682,0.75,0.9000000000000057,0.9321428571428599,116.46499999999999,116.16749999999999,115.516,116.16749999999999,117.29987582100644,115.03512417899354,0.01949557012084186,0.13333333333332575,0.7200000000000024,10712.3,False,True,False,74.78
2025-11-19,RADIOCITY,P1,117.0,117.0,116.25,116.35,117.15,1682,0.75,0.9000000000000057,0.9321428571428599,116.46499999999999,116.16749999999999,115.516,116.16749999999999,117.29987582100644,115.03512417899354,0.01949557012084186,0.13333333333332575,0.7200000000000024,10712.3,False,True,False,99.94
2025-11-19,RAILTEL,EQ,355.95,355.95,349.1,350.55,356.0,511833,6.849999999999966,6.899999999999977,9.367857142857133,356.035,362.845,371.934,362.845,378.59434601816656,347.0956539818335,0.0868103240676682,0.2116788321167877,7.99499999999999,688521.15,False,False,True,43.06
2025-11-19,RAIN,EQ,115.25,115.42,112.11,113.01,115.09,2024702,3.3100000000000023,3.3100000000000023,4.0357142857142865,122.516,126.69149999999999,131.1936,126.69149999999999,140.9668988035367,112.41610119646327,0.225356851936187,0.2719033232628414,3.637000000000002,1404359.1,False,False,False,59.91
2025-11-19,RAINBOW,EQ,1300.5,1346.8,1297.4,1341.2,1300.4,207921,49.399999999999864,49.399999999999864,34.00714285714287,1346.52,1355.76,1381.5639999999999,1355.76,1399.996111944879,1311.523888055121,0.06525655270088952,0.8866396761133618,33.620000000000005,228522.5,False,False,False,49.45
2025-11-19,RAJESHEXPO,EQ,191.5,191.5,185.98,188.85,190.23,217959,5.52000000000001,5.52000000000001,4.723571428571428,183.924,182.348,186.51420000000002,182.348,190.21725053610547,174.47874946389456,0.08631024783496889,0.5199275362318839,4.333,364917.7,False,False,False,39.52
2025-11-19,RAJINDLTD,SM,87.2,89.7,87.2,89.0,88.65,7500,2.5,2.5,2.9785714285714286,86.89500000000001,82.19,80.06299999999999,82.19,92.71076993380234,71.66923006619766,0.25601094862641055,0.7199999999999989,2.482500000000001,17625.0,False,False,False,60.0
2025-11-19,RAJMET,EQ,4.35,4.44,4.33,4.34,4.39,184801,0.11000000000000032,0.11000000000000032,0.22071428571428578,4.398000000000001,4.392,4.4834,4.392,4.539729482500968,4.244270517499032,0.06727207764160659,0.0909090909090887,0.17300000000000013,349052.3,False,True,False,69.81
2025-11-19,RAJOOENG,EQ,79.46,79.62,77.47,78.48,79.79,854516,2.1500000000000057,2.3200000000000074,3.3978571428571445,82.84400000000001,85.229,89.20100000000001,85.229,91.65072842776773,78.80727157223227,0.15069350638322007,0.46976744186046626,3.459000000000001,700687.15,False,False,False,51.47
2025-11-19,RAJPUTANA,SM,269.95,274.7,260.2,271.0,269.95,4500,14.5,14.5,11.571428571428573,268.25,267.32000000000005,273.193,267.32000000000005,286.89739512805534,247.74260487194476,0.14647160802076375,0.7448275862068974,9.387500000000003,7400.0,False,True,False,77.78
2025-11-19,RAJRATAN,EQ,478.45,478.45,445.8,449.0,478.9,353952,32.64999999999998,33.099999999999966,25.26428571428571,469.94500000000005,430.9925,369.648,430.9925,519.9277082979505,342.05729170204944,0.41269956343996955,0.09800918836140861,26.802500000000002,748866.0,False,True,False,45.47
2025-11-19,RAJRILTD,BE,24.85,25.15,24.35,24.42,24.85,42579,0.7999999999999972,0.7999999999999972,0.8014285714285716,24.744999999999997,24.6195,25.86,24.6195,25.41356485881172,23.825435141188276,0.06450698501689496,0.08750000000000066,0.812,17353.1,False,False,False,
2025-11-19,RAJSREESUG,EQ,38.27,38.9,38.14,38.54,38.06,24924,0.759999999999998,0.8399999999999963,1.6142857142857134,38.339999999999996,38.571,39.7746,38.571,40.170586196489865,36.97141380351013,0.08294242806719383,0.5263157894736837,1.4030000000000005,44883.05,False,False,True,56.97
2025-11-19,RAJTV,EQ,37.94,37.94,36.75,37.35,37.39,4363,1.1899999999999977,1.1899999999999977,1.563571428571429,38.089,39.471999999999994,40.715,39.471999999999994,42.8413180318871,36.10268196811289,0.1707193976432461,0.5042016806722711,1.2864999999999998,5775.25,False,False,False,81.94
2025-11-19,RALLIS,EQ,247.85,248.4,244.35,246.8,246.25,407986,4.050000000000011,4.050000000000011,7.460714285714291,249.715,261.505,297.519,261.505,289.9795307248417,233.03046927515825,0.2177742737220453,0.6049382716049407,9.155000000000003,1004379.85,False,False,False,57.53
2025-11-19,RAMANEWS,EQ,30.5,32.0,29.25,29.87,29.73,123417,2.75,2.75,1.364285714285714,29.160000000000004,29.446499999999997,30.791999999999998,29.446499999999997,30.440084923396157,28.452915076603837,0.06748407609706823,0.22545454545454582,1.2914999999999996,35724.9,False,False,False,82.15
2025-11-19,RAMAPHO,EQ,187.55,187.55,178.01,179.42,187.2,192931,9.54000000000002,9.54000000000002,11.665000000000001,192.36700000000002,188.378,165.9082,188.378,211.83456206693523,164.92143793306474,0.2490371706561833,0.1477987421383641,13.261,643762.05,False,False,False,40.06
2025-11-19,RAMASTEEL,EQ,10.05,10.2,10.0,10.07,10.04,5610833,0.1999999999999993,0.1999999999999993,0.36999999999999983,10.409,10.215,10.1796,10.215,10.844269417658314,9.585730582341686,0.12320497653613588,0.35000000000000264,0.2904999999999999,10903890.9,False,False,True,40.55
2025-11-19,RAMCOCEM,EQ,989.2,995.5,979.0,991.4,984.0,135654,16.5,16.5,23.810714285714287,1003.5600000000001,1024.7575000000002,1026.509,1024.7575000000002,1077.8705047634248,971.6444952365754,0.10365965560325192,0.7515151515151501,23.307499999999997,236798.75,False,False,False,54.76
2025-11-19,RAMCOIND,EQ,310.8,315.6,308.6,313.35,309.75,85352,7.0,7.0,11.714285714285714,320.505,333.0125,345.397,333.0125,365.1401652590883,300.8848347409117,0.1929517075730689,0.6785714285714286,11.0775,157595.25,False,False,False,54.15
2025-11-19,RAMCOSYS,EQ,620.4,641.75,620.4,625.65,618.35,128038,21.350000000000023,23.399999999999977,32.83571428571429,612.385,608.56,545.905,608.56,648.1926834821966,568.9273165178033,0.13025070159785931,0.24590163934426204,30.625000000000007,140078.4,False,False,False,30.83
2025-11-19,RAMKY,EQ,620.3,637.8,620.3,629.85,625.1,109518,17.5,17.5,16.971428571428582,628.495,635.945,610.752,635.945,657.8210805447354,614.0689194552647,0.06879865568480095,0.5457142857142896,16.107500000000005,80368.3,False,False,False,68.19
2025-11-19,RAMRAT,EQ,618.0,626.0,609.0,610.85,624.65,55618,17.0,17.0,21.36785714285714,628.04,627.1025,652.133,627.1025,643.7241868879133,610.4808131120866,0.05301106880585987,0.10882352941176604,20.37250000000001,79128.9,False,False,False,66.21
2025-11-19,RANASUG,EQ,13.46,13.75,13.4,13.48,13.46,143530,0.34999999999999964,0.34999999999999964,0.3807142857142856,14.076999999999998,14.226499999999998,14.3978,14.226499999999998,14.824372059892417,13.62862794010758,0.08405047761465137,0.228571428571429,0.3654999999999998,145632.3,False,False,False,66.07
2025-11-19,RANEHOLDIN,EQ,1486.9,1486.9,1434.3,1453.2,1489.8,15961,52.600000000000136,55.5,43.92142857142859,1523.04,1528.48,1545.36,1528.48,1585.3950806025978,1471.5649193974023,0.07447278420731414,0.35931558935361296,39.33500000000002,11494.9,False,False,False,58.89
2025-11-19,RAPIDFLEET,SM,194.0,194.0,191.25,191.25,185.6,1200,2.75,8.400000000000006,6.574999999999998,197.49,200.055,196.263,200.055,212.60776463572878,187.50223536427123,0.1254931357449579,0.0,4.489999999999999,6480.0,False,False,False,100.0
2025-11-19,RAPPID,SM,325.45,338.95,325.45,331.0,320.0,31800,13.5,18.94999999999999,12.996428571428563,323.105,318.3075,311.199,318.3075,336.31458957605304,300.30041042394697,0.11314272881445164,0.4111111111111119,13.597499999999991,16140.0,False,False,False,49.06
2025-11-19,RATEGAIN,EQ,714.9,721.35,710.05,712.15,714.3,237435,11.300000000000068,11.300000000000068,20.285714285714295,691.5899999999999,668.655,660.1160000000001,668.655,721.4689271404797,615.8410728595203,0.15797063400551759,0.18584070796460267,19.997500000000002,346444.0,False,False,True,62.9
2025-11-19,RATNAMANI,EQ,2402.2,2405.9,2360.0,2365.1,2404.6,9204,45.90000000000009,45.90000000000009,59.11428571428577,2435.7,2430.545,2406.96,2430.545,2532.589920990717,2328.500079009283,0.08396875679381945,0.11111111111110891,82.13500000000006,72767.0,False,False,False,58.46
2025-11-19,RATNAVEER,EQ,153.24,158.7,149.2,157.6,152.02,833431,9.5,9.5,5.437142857142853,152.595,151.9,151.92079999999999,151.9,157.05220729396603,146.74779270603398,0.06783683073029663,0.8842105263157901,5.396499999999999,332252.6,False,False,False,41.33
2025-11-19,RAYMOND,EQ,500.75,512.0,493.45,507.35,500.9,423679,18.55000000000001,18.55000000000001,14.071428571428568,534.605,557.08,583.4069999999999,557.08,612.6606387152914,501.4993612847087,0.1995427540579139,0.749326145552562,13.687500000000004,235024.8,False,False,False,33.95
2025-11-19,RAYMONDLSL,EQ,1116.0,1148.5,1111.6,1131.8,1116.0,59014,36.90000000000009,36.90000000000009,37.88571428571429,1134.03,1163.79,1206.902,1163.79,1230.633156717796,1096.9468432822039,0.11487150897979205,0.5474254742547424,40.24000000000002,116884.35,False,False,False,46.51
2025-11-19,RAYMONDREL,EQ,518.0,522.85,509.0,517.85,518.0,212388,13.850000000000023,13.850000000000023,22.80714285714286,561.22,598.8125,609.422,598.8125,695.0833464437667,502.5416535562333,0.32153920114816137,0.6389891696750909,24.109999999999996,336797.7,False,False,True,48.97
2025-11-19,RBA,EQ,63.62,63.7,62.53,62.83,63.57,1838186,1.1700000000000017,1.1700000000000017,2.0799999999999987,64.59900000000002,67.6105,73.9772,67.6105,74.37112859503473,60.84987140496527,0.1999875343337124,0.2564102564102536,1.963999999999999,1682053.5,False,False,True,66.63
2025-11-19,RBLBANK,EQ,314.0,314.85,308.55,309.6,314.05,6438780,6.300000000000011,6.300000000000011,6.767857142857143,318.78499999999997,319.7275,294.155,319.7275,332.788452300658,306.66654769934206,0.08170052498241757,0.16666666666666818,8.245000000000001,13214784.65,False,False,False,51.35
2025-11-19,RBMINFRA,SM,484.1,491.0,475.1,479.0,486.05,16600,15.899999999999977,15.899999999999977,21.464285714285705,459.5200000000001,438.37250000000006,441.985,438.37250000000006,495.7809791211191,380.964020878881,0.26191642551081123,0.24528301886792345,20.112499999999994,21090.0,False,True,False,78.31
2025-11-19,RBS,SM,114.0,115.85,114.0,114.9,113.65,9600,1.8499999999999943,2.1999999999999886,3.4750000000000005,117.42,117.705,121.56,117.705,123.82119980052943,111.58880019947057,0.10392421393363799,0.48648648648649107,3.715000000000001,30240.0,False,False,False,75.0
2025-11-19,RBZJEWEL,EQ,148.0,156.73,145.2,150.35,148.38,310469,11.530000000000001,11.530000000000001,10.319999999999995,156.143,149.79199999999997,143.8092,149.79199999999997,165.15841740940266,134.4255825905973,0.20517006795293058,0.4466608846487429,8.607499999999996,360901.4,False,False,False,27.1
2025-11-19,RCDL,SM,22.85,22.9,22.0,22.0,22.0,15000,0.8999999999999986,0.8999999999999986,1.6071428571428572,23.71,24.355,25.904,24.355,27.52972833483434,21.180271665165662,0.26070444137420146,0.0,1.0675,18450.0,False,False,False,100.0
2025-11-19,RCF,EQ,151.75,151.91,149.49,149.91,151.95,1031502,2.4199999999999875,2.4599999999999795,3.7278571428571405,150.058,149.62800000000001,150.1128,149.62800000000001,153.20593571770016,146.05006428229987,0.04782441411634377,0.1735537190082602,3.1275000000000004,1351350.1,False,False,False,37.98
2025-11-19,RCOM,BE,1.34,1.35,1.26,1.27,1.33,3629362,0.09000000000000008,0.09000000000000008,0.06285714285714285,1.279,1.3295,1.3746,1.3295,1.4536732660438658,1.205326733956134,0.18679694026907248,0.1111111111111111,0.05299999999999998,3835697.35,False,False,False,
2025-11-19,READYMIX,ST,144.15,145.0,136.25,140.0,143.4,44000,8.75,8.75,4.628571428571427,142.875,143.325,147.91899999999998,143.325,149.65354643658299,136.996453563417,0.08831043344263732,0.42857142857142855,3.982499999999999,10600.0,False,False,False,86.36
2025-11-19,RECLTD,EQ,359.05,360.25,357.35,359.45,359.05,3569363,2.8999999999999773,2.8999999999999773,7.77142857142856,361.70500000000004,368.635,372.741,368.635,384.4010109095488,352.8689890904512,0.0855372436667642,0.7241379310344767,7.157499999999996,6666204.8,False,False,True,61.61
2025-11-19,REDINGTON,EQ,291.9,295.45,289.25,293.95,290.4,1651113,6.199999999999989,6.199999999999989,11.410714285714283,288.275,275.775,272.4686,275.775,307.4802282754757,244.06977172452426,0.2299354783825636,0.7580645161290318,9.092500000000003,7482745.05,False,False,False,31.4
2025-11-19,REDTAPE,EQ,132.12,133.11,128.96,130.65,131.58,296740,4.150000000000006,4.150000000000006,4.4578571428571445,134.132,134.9635,139.923,134.9635,139.94782051537658,129.97917948462344,0.07386175544316154,0.4072289156626495,4.484999999999999,422531.8,False,False,False,54.27
2025-11-19,REFEX,EQ,344.0,346.7,340.8,342.95,344.7,118861,5.899999999999977,5.899999999999977,9.478571428571419,355.90999999999997,356.5125,359.24199999999996,356.5125,372.6071846815977,340.4178153184023,0.09028959535274471,0.3644067796610145,10.47499999999999,264036.95,False,False,True,54.16
2025-11-19,REFRACTORY,SM,51.1,51.4,51.1,51.1,53.75,56000,0.29999999999999716,2.6499999999999986,2.907142857142856,53.620000000000005,48.9575,50.16400000000001,48.9575,59.80426334212195,38.11073665787806,0.44310936392266537,0.0,1.5449999999999995,18450.0,False,False,False,94.64
2025-11-19,REGAAL,EQ,88.2,89.9,86.5,86.63,88.69,266822,3.4000000000000057,3.4000000000000057,3.326428571428574,88.607,89.8025,94.43979999999999,89.8025,96.79560195835872,82.80939804164127,0.15574403737888637,0.03823529411764566,3.7850000000000015,956849.0,False,False,False,51.92
2025-11-19,REGENCERAM,EQ,50.89,50.89,47.11,47.15,47.51,12199,3.780000000000001,3.780000000000001,3.3200000000000003,47.963,47.537,45.44,47.537,50.1811490124424,44.8928509875576,0.11124593526904929,0.010582010582010352,4.128,15791.05,False,False,False,41.91
2025-11-19,RELAXO,EQ,421.4,422.85,413.0,413.6,421.4,168662,9.850000000000023,9.850000000000023,9.921428571428569,428.36499999999995,433.71750000000003,450.173,433.71750000000003,448.82561950574916,418.6093804942509,0.06966801895588316,0.06091370558375851,9.234999999999994,100486.5,False,False,False,59.68
2025-11-19,RELCHEMQ,EQ,149.29,151.78,145.5,147.89,146.8,4205,6.280000000000001,6.280000000000001,6.133571428571427,150.027,153.12349999999998,156.476,153.12349999999998,161.09573751527753,145.15126248472242,0.10412820390439817,0.38057324840764106,5.614500000000001,8345.55,False,False,False,59.45
2025-11-19,RELIABLE,BE,137.8,144.5,132.6,133.76,139.36,79371,11.900000000000006,11.900000000000006,9.480714285714281,146.56799999999998,143.505,130.9732,143.505,159.6031147964596,127.40688520354037,0.22435615200110964,0.09747899159663832,8.383499999999996,63623.95,False,False,False,
2025-11-19,RELIANCE,EQ,1517.4,1522.3,1512.0,1518.9,1519.4,5692366,10.299999999999955,10.299999999999955,19.16428571428571,1504.98,1487.435,1424.526,1487.435,1541.130298676881,1433.7397013231189,0.07219851445862316,0.669902912621371,20.955000000000005,11354375.85,False,True,True,60.17
2025-11-19,RELIGARE,EQ,262.4,263.55,257.65,258.85,262.4,712408,5.900000000000034,5.900000000000034,6.635714285714286,259.21000000000004,260.53,256.9048,260.53,266.9002747193509,254.15972528064907,0.048902427508163385,0.2033898305084811,6.202500000000003,930710.8,False,False,False,62.42
2025-11-19,RELINFRA,BE,173.15,182.5,171.5,179.36,179.67,2065946,11.0,11.0,11.815714285714284,182.05100000000002,202.30599999999998,232.037,202.30599999999998,244.73738527080997,159.87461472919,0.4194772796734648,0.7145454545454558,9.184999999999999,1839832.5,False,False,False,
2025-11-19,RELTD,EQ,171.0,174.0,168.0,168.85,171.28,137951,6.0,6.0,9.807142857142859,165.274,157.35750000000002,159.21620000000001,157.35750000000002,177.73503358480858,136.97996641519146,0.2589966615484938,0.14166666666666572,8.98,271773.4,False,False,True,52.29
2025-11-19,REMSONSIND,EQ,129.9,132.75,128.0,129.21,129.97,138301,4.75,4.75,7.812142857142859,135.46200000000002,134.40749999999997,129.32399999999998,134.40749999999997,149.7850106893149,119.02998931068502,0.22881923537473642,0.2547368421052648,6.702499999999999,606812.4,False,False,False,41.75
2025-11-19,REMUS,SM,734.45,747.95,721.0,729.95,734.45,1900,26.950000000000045,26.950000000000045,41.97500000000001,773.03,725.3900000000001,753.2689999999999,725.3900000000001,835.1868833801782,615.593116619822,0.30272510892120946,0.33209647495361894,37.182500000000005,3715.0,False,False,False,78.95
2025-11-19,RENUKA,EQ,28.27,28.99,28.08,28.23,28.27,3485821,0.9100000000000001,0.9100000000000001,0.7707142857142849,28.441000000000003,29.05,30.1706,29.05,30.41016175508649,27.68983824491351,0.09364280585793397,0.16483516483516716,0.6449999999999994,2589725.1,False,False,False,33.23
2025-11-19,REPCOHOME,EQ,420.1,422.45,410.0,416.15,420.1,144135,12.449999999999989,12.449999999999989,14.828571428571431,427.11499999999995,419.38500000000005,391.14300000000003,419.38500000000005,443.8467068088075,394.9232931911926,0.11665513458424803,0.4939759036144565,13.5125,204570.0,False,False,False,51.37
2025-11-19,REPL,EQ,137.97,140.56,135.5,135.76,137.75,11766,5.060000000000002,5.060000000000002,5.4007142857142885,136.00799999999998,138.7675,145.3014,138.7675,146.46073046580636,131.07426953419366,0.11087942732709534,0.05138339920948434,5.261,11753.35,False,False,False,28.85
2025-11-19,REPRO,EQ,498.0,510.0,480.0,484.55,495.0,37207,30.0,30.0,27.053571428571438,550.17,543.4475,498.47900000000004,543.4475,594.2539511159746,492.6410488840254,0.18697832307987283,0.15166666666666703,24.170000000000005,41299.65,False,True,False,38.87
2025-11-19,RESPONIND,EQ,199.74,202.0,199.34,200.32,201.25,12756,2.6599999999999966,2.6599999999999966,8.36928571428571,202.72,194.901,192.7064,194.901,212.74304573472418,177.05895426527584,0.18308829338714697,0.3684210526315756,8.478499999999997,189123.3,False,False,True,50.78
2025-11-19,RETAIL,EQ,29.7,31.79,28.9,29.05,29.7,1278,2.8900000000000006,2.8900000000000006,1.8271428571428567,30.231,31.383,34.0596,31.383,34.07367352162955,28.692326478370447,0.1714733149558393,0.05190311418685194,1.6655000000000002,7818.15,False,False,False,89.2
2025-11-19,REXPIPES,SM,130.2,142.0,130.2,138.0,137.0,28000,11.800000000000011,11.800000000000011,7.596428571428571,147.28,154.8225,149.162,154.8225,174.9812567821035,134.6637432178965,0.2604112035667102,0.6610169491525427,5.452499999999999,12950.0,False,False,False,92.86
2025-11-19,REXPRO,SM,69.35,69.35,63.1,65.45,69.35,24000,6.249999999999993,6.249999999999993,2.9321428571428565,74.685,76.8175,79.58,76.8175,84.85175634393133,68.78324365606866,0.20917776141976327,0.37600000000000067,2.5375000000000005,9650.0,False,False,False,87.5
2025-11-19,RGL,EQ,134.4,134.4,128.71,129.77,133.55,393536,5.689999999999998,5.689999999999998,6.183571428571426,136.248,136.29850000000002,127.47200000000001,136.29850000000002,142.22407263055618,130.37292736944386,0.08694993166551591,0.18629173989455233,5.965999999999998,712618.95,False,True,False,67.24
2025-11-19,RHETAN,EQ,22.75,23.69,22.7,23.09,22.78,5038128,0.990000000000002,0.990000000000002,1.367857142857143,23.361,22.8325,,22.8325,24.665332507350296,20.999667492649703,0.16054593297714195,0.3939393939393937,1.161,3790445.7,False,False,False,13.92
2025-11-19,RHFL,BZ,3.22,3.24,3.08,3.14,3.24,1526291,0.16000000000000014,0.16000000000000014,0.17785714285714285,3.336,3.5005,3.9212000000000002,3.5005,3.8787314106471116,3.1222685893528888,0.2161013630322019,0.375,0.16349999999999998,883716.6,False,False,False,
2025-11-19,RHIM,EQ,482.0,484.9,475.2,481.05,482.55,94925,9.699999999999989,9.699999999999989,15.171428571428565,478.42999999999995,467.3075,464.473,467.3075,497.62761337379817,436.98738662620184,0.12976514767598707,0.6030927835051577,13.222499999999993,254846.15,False,False,True,42.51
2025-11-19,RHL,EQ,212.01,223.99,212.01,214.48,212.01,4615,11.980000000000018,11.980000000000018,10.754285714285711,226.65300000000002,236.919,247.8656,236.919,261.98233170190923,211.85566829809082,0.21157722007866997,0.2061769616026707,9.611499999999998,6751.5,False,False,False,80.17
2025-11-19,RICHA,ST,90.0,91.05,82.45,89.95,86.75,32000,8.599999999999994,8.599999999999994,4.982142857142857,77.785,77.175,66.332,77.175,92.14782538467607,62.202174615323926,0.38802268570589105,0.8720930232558145,2.3324999999999987,28250.0,False,False,False,84.38
2025-11-19,RICOAUTO,EQ,112.89,117.9,111.14,116.14,112.67,9974383,6.760000000000005,6.760000000000005,5.352857142857144,96.452,91.22,94.79019999999998,91.22,111.76379419678841,70.67620580321159,0.4504230255818551,0.7396449704142006,4.611500000000001,4117694.65,True,True,False,15.83
2025-11-19,RIIL,EQ,863.3,870.0,855.95,865.35,861.55,33240,14.049999999999955,14.049999999999955,14.253571428571433,870.2299999999999,889.0024999999999,900.5409999999999,889.0024999999999,929.1256912364925,848.8793087635074,0.09026564320458608,0.6690391459074738,14.532500000000004,57295.4,False,False,False,39.06
2025-11-19,RILINFRA,SM,37.4,37.45,35.95,36.8,36.45,3900,1.5,1.5,2.0785714285714287,37.36,36.86749999999999,35.705999999999996,36.86749999999999,39.156883104681214,34.57811689531877,0.12419519114023037,0.5666666666666629,2.2874999999999996,21600.0,False,False,False,56.41
2025-11-19,RISHABH,BE,447.35,459.0,425.0,449.95,437.35,158436,34.0,34.0,19.935714285714287,395.515,394.0875,406.84799999999996,394.0875,440.07631249825835,348.0986875017416,0.2333939163168503,0.7338235294117643,16.744999999999997,43794.75,False,False,False,
2025-11-19,RITCO,EQ,278.4,287.95,275.1,284.65,278.4,81032,12.849999999999966,12.849999999999966,11.642857142857139,269.255,261.73,264.175,261.73,285.84241174167414,237.61758825832592,0.18425409193958742,0.7431906614785977,9.8625,58992.6,False,True,False,54.88
2025-11-19,RITES,EQ,252.0,252.0,249.3,249.69,251.39,285257,2.6999999999999886,2.6999999999999886,5.681428571428571,247.794,247.41500000000002,254.472,247.41500000000002,251.9429642224743,242.88703577752574,0.036602180324348005,0.14444444444444,4.885,506628.75,False,False,True,52.87
2025-11-19,RKDL,EQ,25.8,26.1,25.3,25.76,25.8,15823,0.8000000000000007,0.8000000000000007,1.0207142857142852,26.089,26.1065,27.0004,26.1065,26.743501569856853,25.469498430143148,0.04880022751857606,0.5750000000000005,1.0869999999999995,21460.65,False,False,False,82.92
2025-11-19,RKEC,EQ,55.92,57.19,55.5,55.88,55.32,22644,1.6899999999999977,1.8699999999999974,3.266428571428573,62.30800000000001,65.027,68.7486,65.027,72.97561522530799,57.078384774692005,0.2444712265768986,0.22485207100591897,3.0535000000000005,36274.4,False,False,True,73.69
2025-11-19,RKFORGE,EQ,541.9,544.75,535.2,539.0,544.6,374352,9.549999999999955,9.549999999999955,16.77142857142855,543.3050000000001,543.3375,553.026,543.3375,558.1716455770173,528.5033544229826,0.05460379810713361,0.3979057591623008,16.81499999999999,915838.35,False,False,True,47.86
2025-11-19,RKSWAMY,EQ,128.16,128.16,125.51,126.02,127.75,17658,2.6499999999999915,2.6499999999999915,5.172857142857139,128.417,131.0645,141.6552,131.0645,137.35731963828613,124.77168036171388,0.09602630213804844,0.19245283018867643,4.654999999999998,43041.25,False,False,True,69.12
2025-11-19,RMDRIP,EQ,78.5,80.6,78.5,80.11,78.5,103587,2.0999999999999943,2.0999999999999943,2.385714285714283,79.434,77.9575,296.9186,77.9575,85.17600088316722,70.73899911683277,0.18519067140858092,0.7666666666666685,2.620499999999999,305538.1,False,False,False,66.15
2025-11-19,RML,EQ,809.0,813.0,803.55,809.4,808.2,4897,9.450000000000045,9.450000000000045,18.25357142857145,823.15,822.15,833.1720000000001,822.15,843.578625714214,800.7213742857859,0.0521282630036223,0.6190476190476185,16.37750000000001,10318.6,False,False,True,81.97
2025-11-19,RNBDENIMS,EQ,123.17,147.79,122.3,129.2,123.16,463501,25.489999999999995,25.489999999999995,10.041428571428566,124.16,127.606,121.32979999999999,127.606,139.1629120443136,116.0490879556864,0.18113430472412895,0.2706943899568455,11.1155,174684.55,False,False,False,15.87
2025-11-19,RNFI,SM,352.0,358.8,351.2,355.7,352.0,46200,7.600000000000023,7.600000000000023,13.528571428571427,365.46500000000003,363.59,348.47900000000004,363.59,383.4749088506845,343.7050911493154,0.10938094474922058,0.5921052631578929,12.872499999999999,33210.0,False,False,False,68.83
2025-11-19,RNPL,ST,140.5,141.0,137.0,139.25,137.5,104400,4.0,4.0,8.417857142857146,136.745,108.3975,88.104,108.3975,167.057157985706,49.737842014293975,1.0823064735940593,0.5625,5.372500000000002,139320.0,False,False,False,89.66
2025-11-19,ROCKINGDCE,SM,214.0,214.0,206.45,206.5,211.7,7250,7.550000000000011,7.550000000000011,26.485714285714284,217.575,226.39749999999998,215.52,226.39749999999998,266.0352153100425,186.75978468995746,0.350160362283528,0.006622516556292887,22.027499999999996,17600.0,False,False,True,93.1
2025-11-19,ROHLTD,EQ,424.05,424.2,414.4,419.65,422.35,28580,9.800000000000011,9.800000000000011,15.357142857142861,441.61,467.2700000000001,499.30400000000003,467.2700000000001,527.2191067489753,407.3208932510249,0.2565930051104293,0.5357142857142851,14.912500000000003,49619.25,False,False,True,65.32
2025-11-19,ROLEXRINGS,EQ,108.2,108.21,105.25,106.13,107.63,449302,2.9599999999999937,2.9599999999999937,4.012857142857142,111.505,117.9825,860.525,117.9825,132.18243080912617,103.78256919087383,0.2407124922615841,0.29729729729729637,4.0845,505909.75,False,False,False,56.29
2025-11-19,ROLLT,EQ,1.22,1.22,1.16,1.17,1.2,120585,0.06000000000000005,0.06000000000000005,0.05642857142857148,1.1989999999999998,1.21,1.2126,1.21,1.2542718872423662,1.1657281127576338,0.07317667312787801,0.16666666666666666,0.060500000000000054,107937.4,False,False,False,54.13
2025-11-19,ROLTA,BZ,1.85,1.85,1.78,1.8,1.85,61556,0.07000000000000006,0.07000000000000006,0.08428571428571427,1.9259999999999997,1.8530000000000002,1.9182,1.8530000000000002,2.0308876049644824,1.675112395035518,0.19199957362599263,0.2857142857142857,0.08450000000000002,105624.6,False,False,False,
2025-11-19,ROML,EQ,52.99,55.98,51.2,51.97,53.13,115948,4.779999999999994,4.779999999999994,2.863571428571428,51.766,51.96849999999999,50.989399999999996,51.96849999999999,55.13841025109546,48.798589748904526,0.12199352496591075,0.16108786610878598,3.0829999999999993,75402.9,False,False,False,58.3
2025-11-19,ROSSARI,EQ,627.0,627.0,620.0,622.35,627.1,20039,7.0,7.100000000000023,13.092857142857147,633.49,642.2075,642.076,642.2075,665.6383615932085,618.7766384067914,0.07296975383566381,0.33571428571428896,14.497500000000013,41945.7,False,False,True,62.07
2025-11-19,ROSSELLIND,EQ,59.28,60.14,59.01,59.67,59.28,17587,1.1300000000000026,1.1300000000000026,3.1035714285714286,60.665,61.497,63.2688,61.497,63.67848664905389,59.31551335094611,0.07094611603993325,0.5840707964601789,2.840000000000001,33525.1,False,False,True,68.81
2025-11-19,ROSSTECH,EQ,666.6,718.9,663.05,714.4,671.25,254741,55.85000000000002,55.85000000000002,37.71071428571429,668.5,664.7850000000001,697.6579999999999,664.7850000000001,711.4379859708885,618.1320140291117,0.14035511021123634,0.9194270367054611,32.16250000000001,98668.35,False,False,False,41.18
2025-11-19,ROTO,EQ,60.31,60.5,57.05,57.78,60.2,631284,3.450000000000003,3.450000000000003,2.6521428571428562,63.803,67.529,74.2866,67.529,76.17021958984843,58.887780410151564,0.2559261825244986,0.21159420289855171,2.3855,297583.4,False,False,False,58.7
2025-11-19,ROUTE,EQ,690.0,690.0,680.0,680.55,692.95,100858,10.0,12.950000000000045,22.36071428571429,694.7,711.12,774.714,711.12,750.4233001159004,671.8166998840996,0.1105391498365968,0.054999999999995455,19.152499999999996,208157.2,False,False,True,60.06
2025-11-19,ROXHITECH,SM,45.6,45.9,44.55,44.85,45.2,19200,1.3500000000000014,1.3500000000000014,2.392857142857143,46.43,46.50750000000001,47.231,46.50750000000001,48.194887033255945,44.82011296674407,0.0725640824923265,0.22222222222222515,2.115,22880.0,False,False,False,75.0
2025-11-19,ROYALARC,SM,164.0,164.0,160.75,160.75,171.45,8400,3.25,10.699999999999989,8.739285714285714,161.15500000000003,159.3675,157.84099999999998,159.3675,170.41454824828773,148.32045175171228,0.13863614913062855,0.0,4.790000000000001,4920.0,False,True,False,85.71
2025-11-19,RPEL,EQ,1004.65,1060.0,1003.1,1054.85,1004.5,202116,56.89999999999998,56.89999999999998,51.97500000000001,982.075,848.3425,748.6070000000001,848.3425,1125.9445682109551,570.7404317890448,0.6544575291487935,0.9094903339191548,44.11000000000001,156679.45,True,True,False,52.78
2025-11-19,RPGLIFE,EQ,2302.1,2329.2,2240.0,2252.1,2299.8,33863,89.19999999999982,89.19999999999982,64.84285714285713,2346.89,2364.7400000000002,2349.398,2364.7400000000002,2480.737989637754,2248.7420103622467,0.09810633696537763,0.1356502242152459,71.28999999999999,22038.65,False,False,False,66.4
2025-11-19,RPOWER,EQ,40.2,40.42,39.63,39.93,40.06,25941417,0.7899999999999991,0.7899999999999991,2.2035714285714283,40.922999999999995,43.0135,44.9516,43.0135,47.471047644164464,38.55595235583554,0.20726272654698938,0.3797468354430348,1.8309999999999995,42189028.9,False,False,False,38.09
2025-11-19,RPPINFRA,EQ,113.0,113.59,109.2,110.04,112.28,51887,4.390000000000001,4.390000000000001,4.024999999999998,114.28799999999998,117.426,127.92360000000001,117.426,125.02695362438152,109.82504637561848,0.12945946595100774,0.1913439635535315,4.323999999999998,76547.8,False,False,False,66.72
2025-11-19,RPPL,EQ,18.01,18.97,17.76,18.16,18.32,177825,1.2099999999999973,1.2099999999999973,0.8792857142857142,19.048,19.5285,20.4324,19.5285,21.0130911895199,18.0439088104801,0.15204354553804952,0.3305785123966938,1.0325000000000002,93974.5,False,False,False,68.28
2025-11-19,RPSGVENT,EQ,828.95,844.9,799.0,811.05,824.35,65317,45.89999999999998,45.89999999999998,19.460714285714282,833.2549999999999,831.6074999999998,842.6460000000001,831.6074999999998,852.2733480348571,810.9416519651426,0.049700965984210775,0.26252723311546755,19.087499999999995,28176.9,False,False,False,46.85
2025-11-19,RPTECH,EQ,335.15,338.95,331.0,334.3,337.4,75417,7.949999999999989,7.949999999999989,10.664285714285711,332.825,332.84250000000003,323.617,332.84250000000003,340.257435940382,325.4275640596181,0.04455522320846617,0.4150943396226435,10.15749999999999,119098.2,False,False,False,59.86
2025-11-19,RRKABEL,EQ,1353.3,1364.3,1331.3,1360.8,1348.2,105390,33.0,33.0,44.571428571428555,1376.03,1350.9050000000002,1290.5339999999999,1350.9050000000002,1472.0542711492706,1229.7557288507298,0.1793601639630771,0.8939393939393939,43.464999999999996,423291.3,False,False,False,48.44
2025-11-19,RSSOFTWARE,EQ,52.7,53.35,51.17,52.19,51.78,31495,2.1799999999999997,2.1799999999999997,3.4564285714285714,56.773,62.79,68.4028,62.79,77.55604347819667,48.02395652180333,0.470331055206137,0.467889908256879,3.458500000000001,64325.6,False,False,False,64.53
2025-11-19,RSWM,EQ,158.51,165.77,158.51,162.24,159.91,49381,7.260000000000019,7.260000000000019,6.128571428571432,158.488,153.2075,152.5306,153.2075,167.79816807928967,138.61683192071035,0.190469371007159,0.5137741046831967,5.699000000000001,45915.2,False,False,False,51.53
2025-11-19,RSYSTEMS,EQ,408.65,430.0,407.15,422.8,408.25,141532,22.850000000000023,22.850000000000023,14.624999999999991,413.16,415.72749999999996,424.383,415.72749999999996,428.3481764874156,403.1068235125843,0.06071610123177161,0.684901531728666,13.654999999999992,92637.2,False,False,False,40.08
2025-11-19,RTL,SM,61.0,68.85,58.05,68.2,57.5,170000,10.799999999999997,11.349999999999994,2.478571428571428,60.485,61.515,63.333,61.515,66.36506185527546,56.66493814472455,0.15768712851419825,0.9398148148148155,1.75,15800.0,False,False,False,70.59
2025-11-19,RTNINDIA,EQ,45.61,46.34,45.1,45.33,45.49,1631314,1.240000000000002,1.240000000000002,1.3735714285714284,48.051,50.0025,52.8654,50.0025,54.93789005550742,45.06710994449258,0.1974057319337001,0.1854838709677391,1.3330000000000002,1741752.95,False,False,False,39.47
2025-11-19,RTNPOWER,EQ,10.08,10.36,10.02,10.16,10.06,39207607,0.33999999999999986,0.33999999999999986,0.2914285714285714,10.333,10.746500000000001,11.379399999999999,10.746500000000001,11.642742712662221,9.850257287337781,0.16679713630711762,0.4117647058823548,0.2739999999999999,14500122.25,False,False,False,20.62
2025-11-19,RUBFILA,EQ,82.48,82.79,80.0,80.41,81.27,20444,2.7900000000000063,2.7900000000000063,2.731428571428574,80.43100000000001,80.294,81.9044,80.294,83.1816592596775,77.40634074032249,0.07192714921855943,0.1469534050179196,2.7260000000000018,40777.8,False,False,False,80.79
2025-11-19,RUBICON,EQ,722.0,729.4,683.25,695.05,724.4,564836,46.14999999999998,46.14999999999998,35.692857142857136,668.92,636.93,,636.93,727.5580387076759,546.301961292324,0.2845777046384248,0.2556879739978323,30.5075,970409.25,False,False,False,38.56
2025-11-19,RUBYMILLS,EQ,243.0,243.0,230.6,232.36,237.58,24809,12.400000000000006,12.400000000000006,8.602142857142857,227.13600000000002,224.6815,225.8946,224.6815,235.33276335229692,214.03023664770308,0.09481210827145913,0.14193548387096924,7.06,17784.45,False,False,False,32.56
2025-11-19,RUCHINFRA,EQ,7.26,7.26,6.95,7.03,7.17,208176,0.3099999999999996,0.3099999999999996,0.2664285714285714,7.247000000000002,7.327000000000001,7.433,7.327000000000001,7.563228702743764,7.090771297256238,0.06448169857888993,0.2580645161290328,0.27499999999999997,71063.75,False,False,False,91.06
2025-11-19,RUCHIRA,EQ,130.42,132.4,129.19,130.89,130.42,44873,3.210000000000008,3.210000000000008,2.8021428571428504,130.986,132.7925,141.88479999999998,132.7925,137.31791655541392,128.26708344458606,0.06815771305478738,0.5295950155763192,3.2879999999999954,54308.05,False,False,False,60.92
2025-11-19,RULKA,SM,117.0,117.0,112.0,113.05,117.0,8100,5.0,5.0,6.385714285714287,121.19000000000001,121.25250000000001,124.181,121.25250000000001,129.80454507705602,112.70045492294402,0.14106175257509743,0.20999999999999944,4.8375,5430.0,False,False,False,92.59
2025-11-19,RUPA,EQ,193.31,193.31,187.1,188.87,193.31,118769,6.210000000000008,6.210000000000008,5.002142857142853,194.24099999999999,195.10999999999999,199.58239999999998,195.10999999999999,200.71372733098178,189.5062726690182,0.05744172344812463,0.28502415458937325,4.330999999999996,85208.15,False,False,False,63.64
2025-11-19,RUSHIL,EQ,24.11,24.36,23.9,24.29,24.15,335587,0.46000000000000085,0.46000000000000085,0.8900000000000003,24.725,25.78,27.6584,25.78,28.080417353438303,23.4795826465617,0.17846527179505833,0.8478260869565214,0.8775000000000001,404270.35,False,False,False,63.2
2025-11-19,RUSTOMJEE,EQ,544.0,544.0,534.0,536.25,540.5,54843,10.0,10.0,16.892857142857142,542.95,557.8974999999999,586.957,557.8974999999999,592.437975894229,523.3570241057708,0.12382373426742038,0.225,16.032500000000006,137795.1,False,False,True,62.86
2025-11-19,RVHL,BE,57.5,61.0,56.83,58.21,59.83,147708,4.170000000000002,4.170000000000002,2.693571428571429,54.327999999999996,55.314,55.4934,55.314,60.67612047608045,49.95187952391955,0.1938793244415681,0.33093525179856165,2.2195000000000005,27482.8,False,False,False,
2025-11-19,RVNL,EQ,320.9,322.2,316.5,320.15,321.2,2950970,5.699999999999989,5.699999999999989,7.80714285714285,319.72999999999996,325.065,336.403,325.065,337.27483619873635,312.85516380126364,0.07512242904487629,0.6403508771929798,7.079999999999998,3924113.3,False,False,False,31.87
2025-11-19,RVTH,EQ,810.35,849.95,796.1,801.75,838.0,8336,53.85000000000002,53.85000000000002,38.975,845.7850000000001,896.9125,976.7509999999999,896.9125,1021.1535555130627,772.6714444869374,0.2770416412148624,0.1049210770659234,40.114999999999995,2229.1,False,False,False,77.64
2025-11-19,S&SPOWER,EQ,274.8,277.95,258.05,263.85,267.9,8145,19.899999999999977,19.899999999999977,22.724999999999998,323.235,340.3175,371.19,340.3175,399.39462988119897,281.240370118801,0.3471883160942295,0.29145728643216173,22.367499999999993,5535.2,False,False,False,63.09
2025-11-19,SAAKSHI,ST,178.95,179.5,178.95,179.5,176.0,4200,0.5500000000000114,3.5,5.039285714285713,171.01500000000001,167.01999999999998,172.012,167.01999999999998,183.9859777201316,150.05402227986838,0.203161031255318,1.0,2.5524999999999975,21630.0,False,False,False,100.0
2025-11-19,SAATVIKGL,EQ,461.9,461.9,440.6,442.15,462.4,229539,21.299999999999955,21.799999999999955,21.01785714285712,476.68500000000006,494.43500000000006,,494.43500000000006,552.2811589044596,436.5888410955405,0.23398893243584926,0.07276995305164122,21.437499999999982,513540.15,False,False,False,59.11
2025-11-19,SABAR,ST,6.35,6.35,6.25,6.35,6.05,30000,0.09999999999999964,0.2999999999999998,0.22500000000000023,5.91,5.68,6.084,5.68,6.396519364706919,4.96348063529308,0.25229555095314077,1.0,0.06500000000000009,23750.0,False,False,False,100.0
2025-11-19,SABEVENTS,BE,6.04,6.46,5.91,6.45,6.16,5813,0.5499999999999998,0.5499999999999998,0.3592857142857143,6.183999999999999,6.099500000000001,6.2378,6.099500000000001,6.42276305078064,5.776236949219362,0.10599657374559851,0.9818181818181821,0.255,8914.8,False,False,False,
2025-11-19,SABTNL,EQ,1127.0,1135.7,1103.45,1135.7,1081.65,271065,32.25,54.049999999999955,40.1607142857143,925.2299999999999,871.8125,916.6279999999999,871.8125,1078.6782025101097,664.9467974898903,0.4745646627230275,1.0,29.540000000000013,31741.75,False,False,False,90.5
2025-11-19,SACHEEROME,ST,334.75,338.1,318.0,324.65,322.0,111000,20.100000000000023,20.100000000000023,21.267857142857135,267.53999999999996,242.61999999999998,225.02200000000002,242.61999999999998,322.10291262906793,163.13708737093202,0.6552049511917234,0.3308457711442771,17.462499999999995,107250.0,True,True,False,95.68
2025-11-19,SADBHAV,EQ,11.02,11.29,11.01,11.05,11.08,160896,0.27999999999999936,0.27999999999999936,0.34642857142857125,11.293000000000001,11.6,12.481999999999998,11.6,12.30185468581466,10.898145314185339,0.12100942858873466,0.14285714285714649,0.40149999999999986,202189.8,False,False,True,57.55
2025-11-19,SADBHIN,BE,3.74,3.77,3.64,3.69,3.71,109719,0.1299999999999999,0.1299999999999999,0.14642857142857135,3.75,3.7640000000000002,3.9036,3.7640000000000002,3.8715918212505307,3.6564081787494698,0.05716887420325741,0.3846153846153836,0.15499999999999994,103455.2,False,False,False,
2025-11-19,SADHAV,SM,101.15,101.5,99.0,100.2,105.0,38400,2.5,6.0,5.403571428571429,105.795,106.22999999999999,108.904,106.22999999999999,114.10149286984384,98.35850713015614,0.1481971734885409,0.48000000000000115,4.4125,16860.0,False,False,True,96.88
2025-11-19,SADHNANIQ,BE,6.99,7.2,6.87,7.19,6.86,1241216,0.33000000000000007,0.33999999999999986,0.4328571428571428,7.017,7.668000000000001,9.0408,7.668000000000001,9.46675067755373,5.869249322446272,0.4691577145419219,0.9696969696969704,0.4924999999999999,2085049.75,False,False,False,
2025-11-19,SAFARI,EQ,2304.6,2309.1,2267.1,2288.3,2300.5,20114,42.0,42.0,72.2214285714286,2207.9800000000005,2169.15,2196.178,2169.15,2306.1872577075324,2032.112742292468,0.1263511123781501,0.5047619047619113,63.89000000000003,46259.65,False,True,False,60.38
2025-11-19,SAFEENTP,SM,294.2,302.95,285.0,290.55,291.75,178500,17.94999999999999,17.94999999999999,21.75,250.01999999999998,220.3125,207.74,220.3125,307.2867138510032,133.33828614899681,0.7895531470161992,0.3091922005571039,15.149999999999997,249300.0,False,True,True,83.19
2025-11-19,SAGARDEEP,EQ,26.75,26.75,25.65,26.16,26.32,13439,1.1000000000000014,1.1000000000000014,1.4400000000000002,27.405,28.298000000000002,27.9078,28.298000000000002,30.616306278298868,25.979693721701135,0.16384947899490185,0.46363636363636446,1.4204999999999999,11449.9,False,False,False,81.68
2025-11-19,SAGCEM,EQ,219.99,220.09,217.07,218.89,219.99,48779,3.0200000000000102,3.0200000000000102,4.991428571428571,220.57000000000002,226.507,248.9608,226.507,242.79444805056875,210.21955194943126,0.14381408124754416,0.6026490066225123,6.448500000000001,136235.15,False,False,False,37.29
2025-11-19,SAGILITY,EQ,51.1,51.2,50.29,50.39,51.02,35143668,0.9100000000000037,0.9100000000000037,2.802142857142858,51.07000000000001,49.92100000000001,46.60419999999999,49.92100000000001,54.86054208403958,44.98145791596043,0.19789435644476563,0.10989010989011101,2.3060000000000005,131485659.45,False,False,True,46.04
2025-11-19,SAHAJSOLAR,SM,173.55,174.3,165.05,166.2,175.5,42000,9.25,10.449999999999989,9.442857142857141,189.835,205.24,223.88,205.24,243.62350687469868,166.85649312530134,0.37403534276650424,0.12432432432432186,7.184999999999997,30100.0,False,False,False,69.52
2025-11-19,SAHANA,SM,1093.95,1101.0,1071.1,1075.1,1079.65,6000,29.90000000000009,29.90000000000009,50.096428571428575,1141.445,1080.86,1108.061,1080.86,1223.0659794804737,938.6540205195261,0.26313487312042977,0.13377926421404643,49.57249999999999,14250.0,False,False,True,70.83
2025-11-19,SAHASRA,SM,318.05,320.0,311.0,318.75,318.8,27200,9.0,9.0,22.946428571428573,302.46500000000003,283.4575,297.25399999999996,283.4575,343.9334727081757,222.98152729182425,0.4267022231422752,0.8611111111111112,18.652499999999993,85340.0,False,False,True,60.29
2025-11-19,SAHYADRI,EQ,255.6,258.0,252.05,257.5,257.75,1485,5.949999999999989,5.949999999999989,7.7285714285714215,255.98000000000002,255.94500000000002,263.06440000000003,255.94500000000002,261.5941503785973,250.2958496214027,0.04414347128169956,0.9159663865546217,8.354999999999995,2882.95,False,False,False,73.94
2025-11-19,SAIFL,SM,13.25,13.25,13.0,13.05,13.25,48000,0.25,0.25,0.5892857142857144,13.74,14.502500000000001,17.692999999999998,14.502500000000001,16.331017158792903,12.673982841207097,0.2521657864220518,0.20000000000000284,0.6175000000000003,63000.0,False,False,True,83.33
2025-11-19,SAIL,EQ,138.7,140.99,138.28,139.99,138.9,10782966,2.710000000000008,2.710000000000008,4.165000000000002,141.52500000000003,136.95149999999998,134.3992,136.95149999999998,148.27322650261428,125.62977349738568,0.165339211364816,0.6309963099631007,3.5554999999999986,25632699.7,False,True,False,50.21
2025-11-19,SAILIFE,EQ,861.0,867.6,857.7,865.05,863.35,89798,9.899999999999977,9.899999999999977,25.292857142857127,889.095,891.9950000000001,880.045,891.9950000000001,931.4679134977384,852.5220865022618,0.08850478645673644,0.742424242424235,23.18749999999999,332133.15,False,False,True,54.4
2025-11-19,SAJHOTELS,SM,60.55,62.6,60.5,62.6,62.45,24000,2.1000000000000014,2.1000000000000014,3.0500000000000016,62.94499999999999,66.0375,68.335,66.0375,73.40403751772146,58.670962482278526,0.22310164732830495,1.0,2.820000000000002,26200.0,False,False,False,50.0
2025-11-19,SAKAR,EQ,403.1,411.0,391.8,397.6,403.05,20679,19.19999999999999,19.19999999999999,17.05,395.79499999999996,377.41,361.639,377.41,417.86184297408454,336.9581570259155,0.21436550687096,0.3020833333333341,14.599999999999994,25113.65,False,False,False,62.09
2025-11-19,SAKHTISUG,EQ,20.1,20.18,19.55,19.81,20.06,107214,0.629999999999999,0.629999999999999,0.5792857142857143,20.058999999999997,20.416,21.1784,20.416,21.313605704081613,19.518394295918387,0.08793159326818309,0.4126984126984102,0.681,112237.65,False,False,False,51.76
2025-11-19,SAKSOFT,EQ,219.0,219.0,212.35,214.39,219.36,306833,6.650000000000006,7.010000000000019,8.379285714285716,204.353,196.9895,200.8836,196.9895,216.51741486564845,177.46158513435154,0.19826351014291071,0.30676691729323163,7.230500000000001,380163.3,False,False,False,42.12
2025-11-19,SAKUMA,EQ,2.51,2.51,2.41,2.43,2.49,2203440,0.09999999999999964,0.09999999999999964,0.13000000000000003,2.557,2.591,2.5528,2.591,2.96280102205346,2.21919897794654,0.28699422775257427,0.2000000000000009,0.11750000000000001,2563681.7,False,False,False,79.32
2025-11-19,SALASAR,EQ,10.5,10.51,10.16,10.38,10.5,17990776,0.34999999999999964,0.34999999999999964,0.4978571428571428,10.084,9.904,9.4464,9.904,10.737124240434735,9.070875759565265,0.16823995162252323,0.628571428571431,0.4349999999999998,14314361.75,False,False,False,35.6
2025-11-19,SALONA,EQ,262.35,278.4,258.8,269.65,270.25,6982,19.599999999999966,19.599999999999966,12.27857142857143,271.59499999999997,273.6925,257.45099999999996,273.6925,283.6722432331703,263.71275676682967,0.07292668402071906,0.5535714285714278,15.382499999999999,5983.9,False,False,False,66.87
2025-11-19,SALSTEEL,BE,41.7,41.7,41.7,41.7,40.89,79488,0.0,0.8100000000000023,1.0,40.807,38.1945,32.5598,38.1945,44.51544447056762,31.873555529432373,0.3309871562956774,0.5,0.6160000000000002,155109.2,False,False,True,
2025-11-19,SALZERELEC,EQ,751.85,756.4,732.0,739.95,751.85,43310,24.399999999999977,24.399999999999977,34.542857142857144,737.695,792.9350000000001,807.5009999999999,792.9350000000001,916.2124638772239,669.6575361227763,0.3109396454368234,0.3258196721311497,30.640000000000008,159894.25,False,False,False,42.32
2025-11-19,SAMAY,ST,45.8,45.8,45.8,45.8,44.4,4000,0.0,1.3999999999999986,2.585714285714285,44.435,46.375,39.428,46.375,50.89279813626103,41.85720186373897,0.19483765547217372,0.5,2.044999999999999,66800.0,False,False,True,100.0
2025-11-19,SAMBHAAV,EQ,9.24,11.08,9.15,10.83,9.24,4509844,1.9299999999999997,1.9299999999999997,0.7128571428571432,9.199000000000002,8.7665,7.5138,8.7665,10.162512535760326,7.370487464239676,0.31848800222673246,0.8704663212435233,0.7400000000000002,652784.15,True,True,False,42.54
2025-11-19,SAMBHV,EQ,108.0,108.85,106.4,107.39,108.01,659549,2.4499999999999886,2.4499999999999886,4.0542857142857125,111.377,111.54100000000001,115.1742,111.54100000000001,116.56774805415999,106.51425194584003,0.0901327413984092,0.404081632653061,3.5384999999999978,1032629.95,False,False,False,57.12
2025-11-19,SAMHI,EQ,183.0,187.3,180.1,186.82,189.34,2601711,7.200000000000017,9.240000000000009,6.709285714285719,188.49200000000002,194.8065,200.8384,194.8065,210.24639025220128,179.36660974779872,0.15851514453779808,0.933333333333331,5.949500000000006,1260622.95,False,False,False,51.61
2025-11-19,SAMMAANCAP,EQ,182.93,182.93,157.25,159.55,182.76,67471907,25.680000000000007,25.680000000000007,7.253571428571429,178.453,179.6975,160.83620000000002,179.6975,194.82385960831212,164.57114039168786,0.16835358987534194,0.08956386292834932,6.872499999999997,21764771.95,False,False,False,30.96
2025-11-19,SAMPANN,EQ,37.97,38.34,36.89,37.06,37.69,74712,1.4500000000000028,1.4500000000000028,2.684285714285715,38.159000000000006,37.152,32.617200000000004,37.152,42.860714741515835,31.443285258484167,0.3073166850514553,0.11724137931034577,2.945000000000001,360700.45,False,False,False,30.3
2025-11-19,SANATHAN,EQ,474.5,495.0,468.0,490.85,475.05,24557,27.0,27.0,17.671428571428567,479.69500000000005,483.9575,498.381,483.9575,498.2380208238335,469.67697917616647,0.05901559878226296,0.8462962962962971,17.832500000000003,40474.95,False,False,False,68.68
2025-11-19,SANCO,BZ,2.1,2.1,2.0,2.08,2.1,2146,0.10000000000000009,0.10000000000000009,0.12857142857142861,1.918,2.019,,2.019,2.4189949999687514,1.6190050000312488,0.3962308072994069,0.8,0.09450000000000003,16149.0,False,False,False,
2025-11-19,SANDESH,EQ,1150.9,1166.4,1145.0,1155.7,1149.9,142,21.40000000000009,21.40000000000009,30.071428571428587,1169.27,1167.825,1179.7540000000001,1167.825,1192.6761468548166,1142.9738531451835,0.0425597103244348,0.5,30.855000000000018,826.3,False,False,False,69.01
2025-11-19,SANDHAR,EQ,552.7,557.0,538.0,540.45,552.55,265220,19.0,19.0,27.028571428571436,544.8050000000001,536.25,497.125,536.25,561.5542091360302,510.94579086396976,0.09437467276841104,0.12894736842105503,25.877499999999998,403170.3,False,True,False,52.65
2025-11-19,SANDUMA,EQ,216.47,218.3,205.7,206.76,215.17,2378763,12.600000000000023,12.600000000000023,11.600714285714286,214.20099999999996,215.70749999999998,266.184,215.70749999999998,228.9790558620532,202.43594413794676,0.12305140861632739,0.08412698412698416,11.658000000000001,3602575.0,False,False,False,38.26
2025-11-19,SANGAMIND,EQ,446.7,454.0,441.05,450.3,444.05,11841,12.949999999999989,12.949999999999989,18.464285714285705,450.73,446.3299999999999,425.20799999999997,446.3299999999999,472.9046947301377,419.75530526986216,0.11908092545935862,0.714285714285715,17.017499999999995,32852.15,False,False,False,63.3
2025-11-19,SANGANI,SM,70.2,70.2,67.2,67.25,70.15,42000,3.0,3.0,2.896428571428571,66.2,65.6125,69.071,65.6125,71.66558805486905,59.55941194513095,0.18451020933111986,0.01666666666666572,2.809999999999999,23925.0,False,False,False,100.0
2025-11-19,SANGHIIND,EQ,63.86,64.49,63.34,63.79,63.86,177954,1.1499999999999915,1.1499999999999915,1.4700000000000009,64.47299999999998,64.5095,64.5716,64.5095,65.63246883304907,63.38653116695093,0.03481561112856468,0.39130434782608614,1.4515000000000005,194364.15,False,False,False,34.58
2025-11-19,SANGHVIMOV,EQ,356.7,359.45,342.65,344.35,358.55,355308,16.80000000000001,16.80000000000001,16.249999999999982,363.755,370.89,372.03700000000003,370.89,402.25819408253847,339.5218059174615,0.16915092929191125,0.10119047619047883,15.632499999999984,340023.3,False,False,False,50.93
2025-11-19,SANGINITA,EQ,10.6,11.5,10.01,10.51,10.68,36549,1.4900000000000002,1.4900000000000002,0.8750000000000002,10.747,10.5485,10.265999999999998,10.5485,11.157803700957063,9.939196299042939,0.11552423585477781,0.3355704697986577,0.8060000000000003,117141.8,False,False,False,66.22
2025-11-19,SANOFI,EQ,4575.0,4599.0,4551.0,4570.6,4575.3,12279,48.0,48.0,73.90714285714284,4620.47,4676.9400000000005,4803.16,4676.9400000000005,4833.590558888151,4520.2894411118505,0.06698848344778852,0.40833333333334093,70.76999999999998,20953.2,False,False,False,49.46
2025-11-19,SANOFICONR,EQ,4665.0,4782.9,4625.5,4691.7,4703.6,2561,157.39999999999964,157.39999999999964,157.05714285714274,4747.32,4716.965,4865.876,4716.965,4905.850153201603,4528.079846798398,0.0800875788569991,0.42058449809402776,134.80999999999995,6994.45,False,False,False,46.08
2025-11-19,SANSERA,EQ,1555.0,1599.7,1535.0,1579.7,1546.9,172497,64.70000000000005,64.70000000000005,44.10000000000001,1546.19,1513.1100000000001,1463.03,1513.1100000000001,1592.367981301576,1433.8520186984242,0.10476169122083114,0.6908809891808348,43.095000000000006,100144.45,False,True,False,61.52
2025-11-19,SANSTAR,EQ,93.05,93.51,90.81,91.15,93.01,76935,2.700000000000003,2.700000000000003,3.1492857142857154,91.827,94.144,93.91239999999999,94.144,100.26321040658021,88.0247895934198,0.12999682202966112,0.12592592592592705,3.5200000000000005,374588.95,False,False,False,64.72
2025-11-19,SANWARIA,BZ,0.28,0.28,0.27,0.28,0.27,626851,0.010000000000000009,0.010000000000000009,0.014999999999999982,0.279,0.29,0.31860000000000005,0.29,0.3152982212813471,0.26470177871865286,0.1744704915954974,1.0,0.01449999999999999,1018978.6,False,False,False,
2025-11-19,SAPPHIRE,EQ,263.5,265.05,258.2,263.15,262.15,1094980,6.850000000000023,6.850000000000023,11.23571428571429,260.88,274.8975,293.55400000000003,274.8975,308.75063094825856,241.0443690517414,0.24629639009637108,0.7226277372262733,10.267500000000004,802105.65,False,False,False,51.63
2025-11-19,SARDAEN,EQ,508.1,510.3,500.6,503.95,509.15,405818,9.699999999999989,9.699999999999989,17.99285714285713,522.6,530.5,556.306,530.5,556.4752574578193,504.5247425421806,0.09792745507189206,0.3453608247422649,18.514999999999993,720255.0,False,False,True,51.15
2025-11-19,SAREGAMA,EQ,397.95,397.95,378.0,388.35,396.55,833112,19.94999999999999,19.94999999999999,12.09642857142857,409.11,432.1875,459.70300000000003,432.1875,485.0801448100301,379.2948551899699,0.24476711987287975,0.5187969924812045,10.810000000000002,312409.7,False,False,False,51.59
2025-11-19,SARLAPOLY,EQ,88.59,90.0,88.0,89.26,88.59,79622,2.0,2.0,2.3592857142857144,89.949,91.566,95.77940000000001,91.566,96.03598612973244,87.09601387026757,0.09763419019575897,0.6300000000000026,2.718000000000001,87387.5,False,False,False,73.94
2025-11-19,SAROJA,ST,42.0,42.0,42.0,42.0,41.4,9600,0.0,0.6000000000000014,1.282142857142856,42.495,43.955,,43.955,48.25091666585848,39.65908333414151,0.19546885068176476,0.5,0.4074999999999992,4240.0,False,False,True,100.0
2025-11-19,SARTELE,SM,174.45,183.9,170.35,183.55,173.05,315500,13.550000000000011,13.550000000000011,7.710714285714287,172.15,174.29749999999999,184.16600000000003,174.29749999999999,187.46554750143176,161.1294524985682,0.1510985240916453,0.9741697416974174,8.340000000000002,138350.0,False,False,False,80.82
2025-11-19,SARVESHWAR,EQ,4.7,4.79,4.69,4.71,4.76,6460926,0.09999999999999964,0.09999999999999964,0.16999999999999998,4.916,5.047499999999999,5.972799999999999,5.047499999999999,5.376612442791097,4.718387557208902,0.1304061189860713,0.19999999999999646,0.17149999999999993,8977690.15,False,False,True,44.63
2025-11-19,SASKEN,EQ,1406.3,1410.9,1389.0,1393.3,1404.9,19890,21.90000000000009,21.90000000000009,37.85000000000002,1411.34,1398.125,1420.2179999999998,1398.125,1449.659527260856,1346.590472739144,0.07371948468249415,0.19634703196346742,34.59000000000003,12242.35,False,False,True,73.5
2025-11-19,SASTASUNDR,EQ,316.95,324.0,306.15,319.25,308.15,53034,17.850000000000023,17.850000000000023,14.09285714285714,296.09,299.4325,303.125,299.4325,317.0690607474942,281.79593925250583,0.11779990981269016,0.7338935574229696,13.022499999999994,27488.95,False,False,False,59.16
2025-11-19,SATECH,SM,36.9,37.8,36.5,37.0,36.0,16000,1.2999999999999972,1.7999999999999972,2.7821428571428575,45.25,49.315,53.10099999999999,49.315,63.3129319901192,35.31706800988079,0.5676946969530247,0.38461538461538547,2.1875000000000004,40850.0,False,False,False,93.75
2025-11-19,SATIA,EQ,68.51,73.58,68.44,70.02,68.51,217554,5.140000000000001,5.140000000000001,1.8771428571428583,72.807,75.113,79.01639999999999,75.113,81.21956728448939,69.00643271551061,0.16259681505170576,0.30739299610894905,1.8539999999999999,82398.65,False,False,False,45.12
2025-11-19,SATIN,EQ,155.49,155.49,148.91,152.35,155.49,195084,6.5800000000000125,6.5800000000000125,4.169285714285721,151.914,151.90550000000002,148.6696,151.90550000000002,160.03488244887023,143.7761175511298,0.10703210152193589,0.5227963525835853,4.232000000000002,215186.45,False,False,False,53.24
2025-11-19,SATIPOLY,SM,70.0,74.55,69.5,74.55,71.0,5500,5.049999999999997,5.049999999999997,3.035714285714287,75.785,72.3875,70.116,72.3875,80.44366999572397,64.33133000427604,0.222584562133627,1.0,2.4475000000000007,6675.0,False,False,False,90.91
2025-11-19,SATKARTAR,SM,185.0,192.0,185.0,189.8,188.15,21600,7.0,7.0,12.79285714285714,184.555,182.20749999999998,169.06,182.20749999999998,200.28030484595575,164.1346951540442,0.19837608052309344,0.6857142857142874,11.6025,41960.0,False,False,False,62.96
2025-11-19,SATTVAENGG,SM,83.5,83.5,81.45,82.5,83.0,8000,2.049999999999997,2.049999999999997,3.4178571428571445,84.02000000000001,83.97749999999999,92.73899999999999,83.97749999999999,89.06753683680117,78.88746316319882,0.12122382392429343,0.5121951219512189,3.1025000000000014,26160.0,False,False,False,100.0
2025-11-19,SAURASHCEM,EQ,96.0,96.97,96.0,96.47,96.36,17884,0.9699999999999989,0.9699999999999989,2.7928571428571423,97.851,99.808,105.7392,99.808,104.3955204631697,95.22047953683031,0.09192690892853671,0.4845360824742262,3.0490000000000004,61180.55,False,False,True,73.0
2025-11-19,SAVY,SM,158.0,158.5,155.0,155.65,157.25,15600,3.5,3.5,8.717857142857143,162.465,153.4925,143.90800000000002,153.4925,178.64833977926423,128.33666022073578,0.3277794000262453,0.18571428571428733,7.165000000000001,98220.0,False,False,False,76.92
2025-11-19,SAWALIYA,SM,239.4,271.9,238.5,268.45,229.15,78000,33.39999999999998,42.74999999999997,9.410714285714288,231.71999999999997,225.41,230.44099999999997,225.41,247.1550132214262,203.6649867785738,0.1929374315374314,0.8967065868263476,7.687500000000002,55740.0,False,False,False,54.62
2025-11-19,SBC,EQ,25.78,25.98,25.6,25.82,25.62,10330830,0.379999999999999,0.379999999999999,0.6500000000000004,25.079,24.2785,22.776799999999998,24.2785,26.03424798875005,22.522752011249953,0.14463397563688435,0.5789473684210511,0.5945000000000003,11496586.4,False,False,True,57.36
2025-11-19,SBCL,EQ,465.0,479.3,450.4,457.25,471.15,177307,28.900000000000034,28.900000000000034,17.750000000000004,479.4049999999999,480.54499999999996,503.301,480.54499999999996,502.2488452814283,458.8411547185716,0.09033012634166773,0.2370242214532877,17.175000000000004,110858.4,False,False,False,59.77
2025-11-19,SBFC,EQ,109.99,110.19,109.01,109.62,109.53,744134,1.1799999999999926,1.1799999999999926,2.84642857142857,111.02000000000001,112.453,109.74980000000001,112.453,117.4226885214265,107.48331147857351,0.08838694425985062,0.5169491525423756,3.473999999999999,2436570.15,False,False,True,55.08
2025-11-19,SBGLP,EQ,32.84,33.47,32.51,33.15,32.84,16562,0.9600000000000009,0.9600000000000009,1.4421428571428574,32.775,33.713,34.0018,33.713,35.881622604327525,31.544377395672477,0.1286520098672633,0.6666666666666666,1.5360000000000003,29426.45,False,False,False,66.61
2025-11-19,SBIBPB,EQ,50.46,50.46,49.09,50.0,49.45,47319,1.3699999999999974,1.3699999999999974,1.4564285714285699,48.888,47.611000000000004,44.715,47.611000000000004,50.56806543721975,44.65393456278026,0.12421774116148564,0.6642335766423345,1.8784999999999985,84646.4,False,False,False,80.79
2025-11-19,SBICARD,EQ,869.05,869.1,852.4,863.7,867.35,862548,16.700000000000045,16.700000000000045,20.56785714285714,873.175,893.6424999999999,885.297,893.6424999999999,944.5272941432398,842.75770585676,0.11388176847730475,0.6766467065868286,21.962500000000006,1285984.15,False,False,False,51.18
2025-11-19,SBIETFCON,EQ,128.01,128.9,127.79,128.46,128.13,3997,1.1099999999999994,1.1099999999999994,2.1599999999999997,127.529,128.4205,127.38799999999999,128.4205,130.6836170981643,126.15738290183572,0.03524541795374238,0.6036036036036054,2.4864999999999995,7023.4,False,False,False,71.88
2025-11-19,SBIETFIT,EQ,397.97,406.3,396.0,406.08,394.01,16026,10.300000000000011,12.29000000000002,7.648571428571428,396.435,393.6575,387.56879999999995,393.6575,405.8598651395953,381.45513486040477,0.061994831240838835,0.9786407766990265,8.136499999999998,14086.35,True,True,False,88.87
2025-11-19,SBIETFPB,EQ,289.67,290.86,288.14,289.74,289.75,1843,2.7200000000000273,2.7200000000000273,3.2378571428571497,286.68100000000004,287.969,280.271,287.969,292.3478806788932,283.5901193211068,0.030412167135304223,0.5882352941176495,4.539000000000004,4638.45,False,True,False,70.97
2025-11-19,SBIETFQLTY,EQ,231.46,232.38,230.9,232.25,230.35,5648,1.4799999999999898,2.030000000000001,3.6978571428571416,229.648,229.17349999999996,226.64260000000002,229.17349999999996,232.62415370618453,225.7228462938154,0.030113898039560143,0.9121621621621646,3.670499999999997,2736.1,False,True,True,79.64
2025-11-19,SBILIFE,EQ,1990.9,2008.3,1985.0,2004.8,1993.3,894171,23.299999999999955,23.299999999999955,28.964285714285747,1990.85,1943.0100000000002,1863.08,1943.0100000000002,2067.0549902253233,1818.9650097746771,0.12768332661728254,0.8497854077253216,29.28000000000004,1044962.65,False,False,False,76.94
2025-11-19,SBILIQETF,EQ,1014.85,1014.87,1014.85,1014.85,1014.74,679,0.01999999999998181,0.12999999999999545,0.5599999999999942,1013.9879999999999,1012.6875,1009.2622,1012.6875,1015.6249742552085,1009.7500257447915,0.005801343958937945,0.0,0.2990000000000066,9164.05,True,True,False,99.56
2025-11-19,SBIN,EQ,972.45,984.45,968.8,982.75,972.45,8291226,15.650000000000091,15.650000000000091,12.328571428571431,963.0350000000001,940.75,888.033,940.75,992.6492774516207,888.8507225483793,0.11033596056682587,0.8913738019169306,10.462500000000006,8543917.55,True,True,False,59.28
2025-11-19,SBINEQWETF,EQ,33.55,33.55,33.26,33.5,33.39,28674,0.28999999999999915,0.28999999999999915,0.5192857142857135,33.231,33.2895,32.7346,33.2895,33.696954291915134,32.88204570808486,0.02447944798901377,0.827586206896561,0.552999999999999,32264.45,False,False,False,89.2
2025-11-19,SBISILVER,EQ,151.85,154.75,151.15,153.81,150.19,1755865,3.5999999999999943,4.560000000000002,5.1321428571428545,151.829,149.10049999999998,143.0806,149.10049999999998,162.702037376341,135.49896262365897,0.1824479109907883,0.7388888888888892,7.178999999999997,2215467.95,False,False,False,42.6
2025-11-19,SCHAEFFLER,EQ,4141.0,4190.2,4097.4,4108.8,4140.5,59726,92.80000000000018,92.80000000000018,101.47857142857141,4123.72,4020.95,4045.6679999999997,4020.95,4239.458018159518,3802.4419818404813,0.10868477258335396,0.12284482758621254,94.25499999999997,52309.6,False,False,False,57.08
2025-11-19,SCHAND,EQ,170.46,176.89,168.14,170.07,169.62,92249,8.75,8.75,6.781428571428571,171.53699999999998,174.94,183.03799999999998,174.94,184.7293186688341,165.15068133116588,0.11191629894631432,0.22057142857142936,6.283499999999999,49208.55,False,False,False,65.96
2025-11-19,SCHNEIDER,EQ,758.1,786.0,756.35,782.2,764.3,100670,29.649999999999977,29.649999999999977,28.707142857142873,815.4100000000001,826.735,845.8430000000001,826.735,890.5436443987031,762.9263556012969,0.15436299273335014,0.8718381112984838,25.245000000000005,166996.4,False,False,False,44.4
2025-11-19,SCI,EQ,254.5,254.8,248.1,249.0,256.15,2720238,6.700000000000017,8.049999999999983,12.584999999999992,259.065,256.073,234.98300000000003,256.073,283.5543260960966,228.59167390390337,0.21463665514206193,0.13432835820895572,12.740999999999996,13683944.15,False,False,True,37.86
2025-11-19,SCILAL,EQ,49.13,49.32,48.5,48.86,49.13,279832,0.8200000000000003,0.8200000000000003,1.3721428571428578,49.334,50.0375,50.4072,50.0375,52.10811222830354,47.96688777169646,0.08276241731915217,0.4390243902439016,1.3985000000000007,638165.8,False,False,False,64.4
2025-11-19,SCML,ST,146.8,150.0,146.0,146.75,143.95,40000,4.0,6.050000000000011,6.657142857142857,144.125,139.65249999999997,114.44300000000001,139.65249999999997,158.51384870575225,120.7911512942477,0.270118310889562,0.1875,6.6275,81400.0,False,True,False,97.5
2025-11-19,SCODATUBES,EQ,167.0,170.0,162.04,168.74,165.7,180337,7.960000000000008,7.960000000000008,6.830000000000003,169.363,164.2845,169.74280000000002,164.2845,177.2133568326827,151.3556431673173,0.1573959421939708,0.8417085427135691,6.355500000000002,275953.5,False,False,False,39.78
2025-11-19,SCPL,EQ,233.88,233.88,224.0,226.51,231.35,9489,9.879999999999995,9.879999999999995,9.681428571428572,230.971,232.959,241.15560000000002,232.959,242.8947977032539,223.02320229674612,0.08530082721211786,0.2540485829959506,9.228,10260.55,False,False,False,77.22
2025-11-19,SDBL,EQ,121.16,122.61,120.1,121.88,121.16,452474,2.510000000000005,2.510000000000005,3.9278571428571447,124.65600000000002,127.532,129.5666,127.532,135.21355348871634,119.85044651128365,0.12046472240247698,0.7091633466135449,3.9050000000000002,676346.55,False,False,False,60.21
2025-11-19,SDL26BEES,EQ,134.44,134.45,134.01,134.28,133.99,434,0.4399999999999977,0.45999999999997954,1.1978571428571456,134.015,133.96300000000002,133.542,133.96300000000002,134.46011568070244,133.4658843192976,0.007421686296998745,0.6136363636363901,1.2790000000000035,5997.2,False,False,True,40.09
2025-11-19,SDREAMS,SM,105.9,112.5,105.9,112.05,105.9,28000,6.599999999999994,6.599999999999994,6.846428571428572,106.25,109.07000000000001,118.275,109.07000000000001,117.88693824408371,100.2530617559163,0.16167485548883653,0.9318181818181813,3.770000000000002,48950.0,False,False,False,75.0
2025-11-19,SEAMECLTD,EQ,878.7,883.05,865.0,879.0,875.9,17825,18.049999999999955,18.049999999999955,39.21071428571429,854.845,859.0775,890.5939999999999,859.0775,902.7052374499283,815.4497625500717,0.10156880479334707,0.7756232686980629,33.489999999999995,61079.15,False,False,False,83.38
2025-11-19,SECMARK,EQ,117.93,125.01,117.0,121.24,118.52,994,8.010000000000005,8.010000000000005,10.820000000000002,122.01799999999999,122.3,121.27680000000001,122.3,131.85561614967895,112.74438385032106,0.15626518642156906,0.5293383270911352,10.821000000000002,3216.6,False,False,True,57.85
2025-11-19,SECURKLOUD,EQ,21.0,23.55,21.0,23.55,19.63,768053,2.5500000000000007,3.9200000000000017,1.8678571428571433,19.546999999999997,19.9015,21.796,19.9015,22.353497349101232,17.449502650898765,0.24641332051365314,1.0,1.5775000000000003,88367.05,False,False,False,33.18
2025-11-19,SEITINVIT,IV,110.0,110.0,110.0,110.0,109.0,2400000,0.0,1.0,,,,,,,,,0.5,,,False,False,False,100.0
2025-11-19,SEJALLTD,BE,898.5,898.5,882.0,884.75,878.75,3277,16.5,19.75,47.778571428571446,859.8399999999999,880.7324999999998,783.184,880.7324999999998,990.3882306984019,771.0767693015978,0.24901029699347324,0.16666666666666666,36.227500000000006,20373.35,False,False,True,
2025-11-19,SEL,SM,238.0,260.0,238.0,260.0,237.6,3600,22.0,22.400000000000006,10.142857142857142,242.00500000000002,243.455,243.33899999999997,243.455,266.9353087713938,219.9746912286062,0.19289239302042518,1.0,5.9125,1710.0,False,False,False,100.0
2025-11-19,SELECTIPO,EQ,48.59,48.84,48.47,48.8,48.64,14024,0.37000000000000455,0.37000000000000455,0.635000000000001,48.775,49.12650000000001,49.25719999999999,49.12650000000001,49.95651867448876,48.29648132551125,0.03379107709642475,0.8918918918918763,0.6985000000000007,15915.7,False,False,False,79.53
2025-11-19,SELLOWRAP,SM,88.25,88.25,88.0,88.0,89.5,6400,0.25,1.5,2.7535714285714303,91.52,96.91,100.87,96.91,109.01556070572539,84.8044392942746,0.24983099175988846,0.0,1.7350000000000017,22560.0,False,False,False,100.0
2025-11-19,SELMC,BE,31.16,31.47,29.61,29.84,31.15,25276,1.8599999999999994,1.8599999999999994,2.0592857142857137,33.025,35.7745,32.5148,35.7745,42.85018364188218,28.698816358117828,0.39557135064820903,0.12365591397849489,1.4075000000000002,22468.05,False,False,False,
2025-11-19,SEMAC,EQ,337.35,337.35,325.0,330.0,330.05,544,12.350000000000023,12.350000000000023,21.625000000000007,357.89000000000004,397.89750000000004,462.815,397.89750000000004,492.6346124480828,303.16038755191727,0.4761885281917215,0.40485829959514097,23.257500000000004,2323.75,False,False,True,74.45
2025-11-19,SENCO,EQ,322.1,324.85,318.15,323.05,321.35,310924,6.7000000000000455,6.7000000000000455,9.66071428571429,328.995,326.5825,343.772,326.5825,336.6285576844863,316.5364423155137,0.06152232703519815,0.7313432835820897,9.160000000000005,635311.1,False,False,False,44.71
2025-11-19,SENORES,EQ,798.5,802.45,780.75,790.95,797.35,187138,21.700000000000045,21.700000000000045,26.42500000000001,785.0699999999999,771.8425,735.136,771.8425,815.6574549240918,728.0275450759082,0.11353340849743777,0.4700460829493099,24.53000000000001,349967.95,False,False,False,41.56
2025-11-19,SENSEXADD,EQ,86.85,87.37,86.52,87.18,86.42,2865,0.8500000000000085,0.9500000000000028,0.7050000000000003,86.175,86.25800000000001,84.62939999999999,86.25800000000001,87.24291827072057,85.27308172927945,0.022836566364176206,0.776470588235299,0.816500000000002,20773.0,True,True,False,68.94
2025-11-19,SENSEXETF,EQ,86.76,87.42,86.59,87.28,86.76,14770,0.8299999999999983,0.8299999999999983,0.7107142857142849,86.341,86.39750000000001,84.73100000000001,86.39750000000001,87.42719655724304,85.36780344275698,0.02383625816124374,0.8313253012048183,0.7735000000000014,19687.25,True,True,False,64.73
2025-11-19,SENSEXIETF,EQ,967.57,974.11,966.0,973.8,967.96,23590,8.110000000000014,8.110000000000014,10.409999999999993,962.308,962.4734999999998,944.1628,962.4734999999998,973.6501976786566,951.2968023213431,0.023224946304821387,0.9617755856966635,9.986499999999996,13376.35,False,False,False,90.82
2025-11-19,SEPC,EQ,10.63,11.03,10.18,10.51,10.44,16435650,0.8499999999999996,0.8499999999999996,0.37071428571428583,10.906,11.132,11.680399999999999,11.132,11.733451577435837,10.530548422564163,0.10805813464531744,0.3882352941176473,0.3289999999999999,5978109.4,False,False,False,41.33
2025-11-19,SEQUENT,EQ,256.44,257.85,243.41,252.0,247.56,9066508,14.440000000000026,14.440000000000026,10.563571428571432,231.421,218.84849999999997,205.5832,218.84849999999997,249.21668089711702,188.48031910288293,0.27752697319942377,0.594875346260387,9.753000000000005,2189880.9,True,True,False,28.73
2025-11-19,SERVICE,SM,53.0,53.0,53.0,53.0,51.3,2000,0.0,1.7000000000000028,3.542857142857143,46.355,46.045,50.262,46.045,52.90020969774082,39.18979030225918,0.2977613073185283,0.5,2.3549999999999995,15900.0,False,False,True,100.0
2025-11-19,SERVOTECH,EQ,95.15,97.95,95.15,96.81,96.91,687963,2.799999999999997,2.799999999999997,4.771428571428572,103.67699999999999,112.968,122.494,112.968,133.57453255644901,92.36146744355098,0.3648207024369559,0.5928571428571422,3.5435000000000003,604742.3,False,False,False,47.83
2025-11-19,SESHAPAPER,EQ,250.3,251.0,246.75,246.95,248.95,11693,4.25,4.25,5.824999999999998,251.08,252.8475,258.189,252.8475,259.4381354018444,246.2568645981556,0.052131307620952624,0.04705882352940909,6.0024999999999995,17114.25,False,False,False,77.59
2025-11-19,SETCO,EQ,16.75,17.2,16.56,17.07,16.83,108061,0.6400000000000006,0.6400000000000006,0.9235714285714283,17.741999999999997,18.282000000000004,17.4964,18.282000000000004,19.88947752705917,16.674522472940836,0.17585357477947347,0.7968750000000018,0.8709999999999996,115432.95,False,False,False,79.53
2025-11-19,SETF10GILT,EQ,259.99,260.05,258.58,259.92,260.0,20549,1.4700000000000273,1.4700000000000273,2.490000000000009,259.963,259.531,258.76439999999997,259.531,260.80724292358417,258.25475707641584,0.00983499407457424,0.9115646258503449,2.4000000000000057,28892.55,False,True,False,57.28
2025-11-19,SETFGOLD,EQ,105.0,105.95,104.53,105.39,103.96,3758888,1.4200000000000017,1.990000000000009,2.4671428571428575,105.348,105.1045,101.1782,105.1045,110.58132197994426,99.62767802005574,0.10421669823735924,0.6056338028169003,2.6915000000000004,7574962.85,False,False,False,65.55
2025-11-19,SETFNIF50,EQ,277.59,278.41,276.17,278.16,276.98,308911,2.240000000000009,2.240000000000009,3.282142857142852,275.757,275.947,270.80379999999997,275.947,278.9946095550439,272.8993904449561,0.02208836881751852,0.8883928571428577,3.872,849621.15,False,False,False,58.61
2025-11-19,SETFNIFBK,EQ,601.81,605.99,598.02,605.47,602.97,32520,7.970000000000027,7.970000000000027,4.741428571428579,597.269,595.546,578.284,595.546,603.9015643735191,587.190435626481,0.02806018132442863,0.9347553324968657,5.147500000000008,71211.45,True,True,False,76.4
2025-11-19,SETFNN50,EQ,741.08,744.5,739.09,742.6,743.14,30976,5.409999999999968,5.409999999999968,10.272857142857122,743.167,742.1685,733.7273999999999,742.1685,748.1232469299724,736.2137530700276,0.016046886737910406,0.6487985212569337,9.322999999999979,28414.35,False,False,False,82.46
2025-11-19,SETUINFRA,BZ,0.53,0.53,0.5,0.51,0.53,21919,0.030000000000000027,0.030000000000000027,0.04,0.532,0.535,0.5760000000000001,0.535,0.5622029410174638,0.5077970589825362,0.10169323744846276,0.3333333333333333,0.03700000000000001,51490.2,False,False,True,
2025-11-19,SFL,EQ,623.25,628.65,610.7,616.35,621.55,126045,17.949999999999932,17.949999999999932,22.478571428571424,658.845,668.415,682.015,668.415,714.0998235194145,622.7301764805854,0.13669598533669808,0.3147632311977715,19.41500000000001,210485.4,False,False,False,52.42
2025-11-19,SFML,SM,36.65,37.0,36.0,36.15,37.75,19200,1.0,1.75,1.2142857142857142,38.665,39.455,39.763000000000005,39.455,42.0072343152619,36.9027656847381,0.12937444254273978,0.14999999999999858,0.8575000000000003,11600.0,False,False,False,91.67
2025-11-19,SGBAPR28I,GB,12795.0,12864.0,12795.0,12814.44,12759.99,324,69.0,104.01000000000022,328.63714285714286,12775.257000000001,12746.3155,12680.6698,12746.3155,13705.18679116419,11787.444208835812,0.15045466137476177,0.28173913043479,387.62699999999984,379.35,False,False,True,58.33
2025-11-19,SGBAUG27,GB,12823.93,12994.99,12823.93,12994.99,12760.12,12,171.0599999999995,234.86999999999898,308.1721428571426,12789.919,12743.7575,12731.31,12743.7575,13532.168944764024,11955.346055235976,0.12373296412208473,1.0,377.9989999999998,133.75,False,False,False,66.67
2025-11-19,SGBAUG28V,GB,12865.0,12974.88,12850.0,12851.56,12816.91,340,124.8799999999992,157.96999999999935,266.75214285714264,12785.161,12730.543,12600.9602,12730.543,13762.97054078143,11698.115459218569,0.16219693704839316,0.012491992312616117,322.5889999999998,1944.6,False,False,True,80.59
2025-11-19,SGBAUG29V,GB,12955.02,13290.0,12955.02,13032.5,12954.39,54,334.97999999999956,335.6100000000006,368.5292857142857,12956.572,12820.253499999999,12790.7958,12820.253499999999,13789.326531598303,11851.180468401695,0.15117845081586004,0.2312973908890073,359.7704999999998,357.45,False,False,False,72.22
2025-11-19,SGBAUG30,GB,13190.0,13499.94,13116.0,13171.29,13190.0,132,383.9400000000005,383.9400000000005,361.2735714285712,13176.333999999999,13045.524000000001,13222.9904,13045.524000000001,13931.553811448786,12159.494188551216,0.13583659980983284,0.1440068760743887,388.28449999999975,462.05,False,False,False,74.24
2025-11-19,SGBD29VIII,GB,12996.0,13099.99,12990.0,13031.28,12992.5,79,109.98999999999978,109.98999999999978,266.4892857142855,12984.458,12839.3625,12710.9766,12839.3625,13776.888609692449,11901.83639030755,0.14603935509920365,0.3753068460769228,321.48649999999986,313.2,False,False,False,59.49
2025-11-19,SGBDC27VII,GB,12835.5,12900.0,12835.5,12850.0,12900.0,37,64.5,64.5,224.99214285714294,12756.420999999998,12760.639500000001,12544.8484,12760.639500000001,13639.389017222657,11881.889982777346,0.13772813145025456,0.2248062015503876,312.79799999999994,88.5,False,False,False,62.16
2025-11-19,SGBDE30III,GB,13575.51,13610.0,13515.35,13545.11,13570.96,127,94.64999999999964,94.64999999999964,496.4728571428571,13622.266,13373.102499999999,13564.933199999998,13373.102499999999,14572.588228716639,12173.61677128336,0.1793878015541479,0.3144215530903363,504.4239999999998,468.7,False,False,True,77.95
2025-11-19,SGBDE31III,GB,13828.04,14069.66,13828.04,13961.54,13928.03,678,241.61999999999898,241.61999999999898,307.0885714285714,13821.283000000001,13539.825,13655.7468,13539.825,14507.011652565154,12572.638347434848,0.14286545838888656,0.5525204867146782,389.90650000000005,2140.6,False,False,False,74.04
2025-11-19,SGBDEC25,GB,12600.0,13748.99,12600.0,12932.33,12699.99,30,1148.9899999999998,1148.9899999999998,197.9614285714285,12611.66,13027.655,12035.8506,13027.655,14033.204150474498,12022.105849525504,0.15437147368033569,0.28923663391326293,70.37000000000008,4.95,True,True,False,66.67
2025-11-19,SGBDEC2512,GB,13188.99,13188.99,12800.01,12964.85,13299.95,7,388.97999999999956,499.9400000000005,373.81214285714293,12863.429,12930.6395,,12930.6395,13853.714845342407,12007.564154657592,0.14277334780579223,0.42377500128541395,188.6664999999999,4.6,False,False,False,71.43
2025-11-19,SGBFEB27,GB,12949.0,12949.0,12850.0,12850.0,12949.0,3,99.0,99.0,403.80285714285725,13040.432,13309.235499999999,12349.707199999999,13309.235499999999,14323.62017097003,12294.850829029967,0.15243319888208937,0.0,230.0335,31.55,False,False,False,100.0
2025-11-19,SGBFEB28IX,GB,12775.0,12850.0,12775.0,12805.0,12700.0,11,75.0,150.0,230.78214285714265,12704.878999999999,12716.1975,12441.0578,12716.1975,13752.054802158465,11680.340197841535,0.16291934788815057,0.4,164.0079999999999,25.1,False,False,False,100.0
2025-11-19,SGBFEB29XI,GB,13081.99,13081.99,12705.55,12834.73,12800.01,62,376.4400000000005,376.4400000000005,330.5271428571427,12817.973000000002,12684.925,12573.553,12684.925,13555.628241833856,11814.221758166143,0.1372815750718048,0.34316225693337615,325.78049999999985,173.15,False,False,False,62.9
2025-11-19,SGBFEB32IV,GB,14380.0,14489.0,14325.0,14398.45,14291.33,1104,164.0,197.67000000000007,376.2300000000001,14390.496000000003,14083.6245,14432.910800000001,14083.6245,15077.711411179826,13089.537588820174,0.14116918711938473,0.44786585365854104,444.9285,2467.6,False,False,False,64.67
2025-11-19,SGBJAN27,GB,13000.0,13000.0,13000.0,13000.0,13340.0,2,0.0,340.0,275.6992857142856,12720.18,12861.412,12292.696199999998,12861.412,14079.928346523153,11642.895653476848,0.18948407010414603,0.5,197.26049999999995,30.45,False,False,True,100.0
2025-11-19,SGBJAN29IX,GB,12705.56,12887.92,12705.56,12869.96,12691.93,138,182.36000000000058,195.98999999999978,297.2699999999999,12800.935,12679.787,12502.6844,12679.787,13562.504274785097,11797.069725214904,0.13923219290435973,0.9015134898003899,335.55949999999996,543.15,False,False,False,85.51
2025-11-19,SGBJAN29X,GB,12811.01,12949.99,12810.0,12830.0,12798.6,53,139.98999999999978,151.38999999999942,265.91928571428537,12799.485,12696.367,12546.7054,12696.367,13594.03191097957,11798.702089020431,0.14140500364861364,0.14286734766769077,269.4819999999998,168.3,False,False,False,54.72
2025-11-19,SGBJAN30IX,GB,13055.0,13373.56,13011.01,13050.0,13055.0,149,362.5499999999993,362.5499999999993,336.34428571428555,13033.049,12847.625499999998,12779.967999999999,12847.625499999998,13738.893079405325,11956.357920594672,0.1387443274098123,0.10754378706385287,349.678,295.1,False,False,False,67.79
2025-11-19,SGBJU29III,GB,12825.02,12955.99,12800.0,12826.19,12824.99,399,155.98999999999978,155.98999999999978,293.00142857142833,12844.797999999999,12731.575,12562.5144,12731.575,13564.63694471971,11898.513055280291,0.13086549695850036,0.16789537790884382,279.9959999999998,254.1,False,False,False,51.13
2025-11-19,SGBJUL27,GB,12702.01,12702.01,12702.01,12702.01,12774.98,1,0.0,72.96999999999935,249.5364285714286,12748.314,12643.324499999999,12385.3002,12643.324499999999,13520.987360293675,11765.661639706323,0.1388341903735329,0.5,196.70749999999998,76.1,False,False,True,100.0
2025-11-19,SGBJUL28IV,GB,12799.0,12824.98,12733.01,12789.23,12690.5,204,91.96999999999935,134.47999999999956,228.36214285714271,12724.121,12624.319,12435.685999999998,12624.319,13479.727108399793,11768.910891600206,0.1355175052848068,0.6112862890072822,251.97849999999988,691.05,False,False,True,83.82
2025-11-19,SGBJUL29IV,GB,12761.01,12939.0,12760.06,12808.34,12743.91,208,178.9400000000005,195.09000000000015,270.67857142857144,12819.211,12717.3085,12527.8862,12717.3085,13548.964875705109,11885.65212429489,0.1307912559807934,0.2698111098692328,261.72349999999994,312.85,False,False,False,74.04
2025-11-19,SGBJUN27,GB,12686.25,12686.25,12686.25,12686.25,12686.25,2,0.0,0.0,317.2857142857143,12769.389,12818.369999999999,12292.534599999999,12818.369999999999,13702.970092968537,11933.769907031461,0.13802068328009534,0.5,204.08100000000005,23.4,False,False,True,100.0
2025-11-19,SGBJUN28,GB,12720.01,12848.99,12720.01,12807.51,12660.16,177,128.97999999999956,188.82999999999993,221.7457142857142,12730.833,12624.531500000001,12438.7104,12624.531500000001,13487.059662769654,11762.003337230348,0.13664319547535733,0.6783997518995216,249.05099999999976,371.8,False,False,False,85.88
2025-11-19,SGBJUN29II,GB,12826.01,12998.99,12826.01,12865.01,12943.33,39,172.97999999999956,172.97999999999956,285.72357142857123,12865.404,12734.158500000001,12539.044,12734.158500000001,13571.804994919523,11896.51200508048,0.1315589867865272,0.22545959070412822,308.6784999999999,271.5,False,False,False,64.1
2025-11-19,SGBJUN30,GB,13205.0,13299.98,13121.0,13121.71,13204.81,199,178.97999999999956,178.97999999999956,342.4407142857139,13099.155999999999,12959.028499999999,12953.621,12959.028499999999,13928.716632303818,11989.340367696179,0.14965444860373905,0.003966923678618442,396.8574999999996,408.75,False,False,True,81.41
2025-11-19,SGBJUN31I,GB,13701.37,13775.0,13502.01,13563.63,13601.37,791,272.9899999999998,272.9899999999998,460.0878571428572,13658.583000000002,13348.026000000002,13391.861599999998,13348.026000000002,14354.914275915475,12341.137724084529,0.1508669935038294,0.2257225539397012,472.53899999999993,1298.2,False,False,False,70.29
2025-11-19,SGBMAR28X,GB,12799.98,12800.0,12799.98,12800.0,12700.0,25,0.020000000000436557,100.0,303.22928571428565,12729.805,12627.1425,12434.091,12627.1425,13495.2463974426,11759.0386025574,0.13749807566400699,1.0,290.42999999999984,96.4,False,False,False,100.0
2025-11-19,SGBMAR30X,GB,13200.0,13200.0,13061.01,13199.99,13001.01,36,138.98999999999978,198.98999999999978,362.0085714285712,13029.193,12918.641,12831.051800000001,12918.641,13998.21739284853,11839.06460715147,0.16713466886316145,0.9999280523778673,376.28349999999983,202.0,False,False,True,83.33
2025-11-19,SGBMAR31IV,GB,13750.0,13874.98,13625.0,13635.01,13640.0,205,249.97999999999956,249.97999999999956,362.9035714285711,13548.838999999998,13256.497500000001,13332.461599999999,13256.497500000001,14320.851946016413,12192.14305398359,0.16057853079464043,0.040043203456277446,402.0334999999999,455.4,False,False,False,69.27
2025-11-19,SGBMAY26,GB,13500.0,13500.0,13500.0,13500.0,13500.0,1,0.0,0.0,602.9492857142857,12801.545,12982.3065,12536.031599999998,12982.3065,14123.909588227736,11840.703411772265,0.17587061100856546,0.5,464.89099999999996,41.65,False,False,True,100.0
2025-11-19,SGBMAY28,GB,12650.02,12820.0,12650.02,12784.89,12650.0,408,169.97999999999956,170.0,239.23928571428547,12748.859999999999,12637.3915,12453.561200000002,12637.3915,13501.507223460083,11773.275776539916,0.1367553934623428,0.7934462877985606,274.90649999999977,423.95,False,False,False,93.87
2025-11-19,SGBMAY29I,GB,12729.95,13100.0,12729.95,12956.69,12729.95,1126,370.0499999999993,370.0499999999993,275.03499999999997,12866.268,12717.9955,12533.4256,12717.9955,13555.641802361008,11880.349197638994,0.1317261517132958,0.6127280097284157,280.56449999999984,1290.85,False,False,False,78.95
2025-11-19,SGBMR29XII,GB,12765.0,12964.98,12531.02,12885.32,12723.05,901,433.9599999999991,433.9599999999991,337.82642857142844,12797.345000000001,12682.0645,12497.377000000002,12682.0645,13509.399263792046,11854.729736207955,0.13047319918488745,0.816434694441884,317.08249999999987,651.6,False,False,False,54.94
2025-11-19,SGBN28VIII,GB,12838.0,12990.0,12515.0,12780.21,12838.98,215,475.0,475.0,335.422857142857,12812.422,12723.0615,12788.0282,12723.0615,13605.270330839292,11840.852669160708,0.13867870258102458,0.5583368421052614,369.9019999999999,440.9,False,False,False,60.47
2025-11-19,SGBNOV26,GB,13200.0,13200.0,13200.0,13200.0,13300.0,2,0.0,100.0,418.1121428571427,13195.007000000001,12998.187,12648.9346,12998.187,14104.093045884496,11892.280954115504,0.17016312288544488,0.5,423.6159999999998,41.85,False,False,True,100.0
2025-11-19,SGBNV29VII,GB,12840.0,12944.97,12822.31,12848.21,12855.0,82,122.65999999999985,122.65999999999985,268.0592857142856,12854.211,12724.195,12565.5908,12724.195,13574.141453125092,11874.248546874907,0.13359532027371357,0.21115278004239088,281.1874999999999,555.9,False,False,True,70.73
2025-11-19,SGBOC28VII,GB,12661.01,12849.0,12661.0,12798.81,12750.0,373,188.0,188.0,225.47857142857148,12733.823999999999,12619.792,12499.6094,12619.792,13473.024276900125,11766.559723099874,0.13522129000226402,0.7330319148936143,256.42549999999983,401.6,False,False,False,84.99
2025-11-19,SGBOCT27,GB,12641.02,12799.0,12641.02,12775.66,12640.0,28,157.97999999999956,159.0,239.60071428571428,12686.801,12589.541500000001,12458.3324,12589.541500000001,13451.423972736904,11727.659027263098,0.13692039106220075,0.8522597797189504,257.5529999999999,81.65,False,False,False,57.14
2025-11-19,SGBOCT27VI,GB,12638.96,12799.0,12638.96,12790.4,12638.95,269,160.04000000000087,160.04999999999927,260.24642857142834,12693.622,12670.6905,12426.525800000001,12670.6905,13595.786805461796,11745.594194538206,0.14602145091647453,0.9462634341414626,259.5464999999998,102.05,False,False,False,84.39
2025-11-19,SGBSEP28VI,GB,12780.0,12850.0,12730.08,12800.0,12650.14,98,119.92000000000007,199.86000000000058,245.92857142857116,12726.675,12628.625499999998,12469.528600000001,12628.625499999998,13497.738067357584,11759.512932642412,0.1376416724619138,0.5830553702468315,265.6299999999998,604.75,False,False,True,72.45
2025-11-19,SGBSEP29VI,GB,12700.0,12968.99,12700.0,12860.0,12739.78,277,268.9899999999998,268.9899999999998,274.8299999999999,12839.713,12711.906500000001,12558.018999999998,12711.906500000001,13548.163149319338,11875.649850680664,0.1315706104854275,0.5948176512138003,286.6959999999998,592.2,False,False,False,84.48
2025-11-19,SGBSEP31II,GB,13811.0,13949.99,13711.98,13839.77,13811.98,802,238.01000000000022,238.01000000000022,357.82357142857137,13757.199000000002,13431.684,13494.3748,13431.684,14462.158467270185,12401.209532729814,0.15343935537348638,0.5369102138565638,433.49299999999994,1806.1,False,False,False,62.84
2025-11-19,SGFIN,EQ,393.0,410.0,393.0,406.1,400.0,271653,17.0,17.0,12.849999999999998,393.18,393.95500000000004,380.4,393.95500000000004,414.5687793720608,373.34122062793926,0.10465042642972305,0.770588235294119,14.077499999999997,249386.3,False,False,False,76.33
2025-11-19,SGIL,EQ,550.45,553.0,542.5,546.65,553.65,31984,10.5,11.149999999999977,19.528571428571418,547.4799999999999,541.16,547.385,541.16,560.1398735506848,522.1801264493151,0.07014514580044656,0.39523809523809306,17.68999999999999,23905.15,False,False,True,74.44
2025-11-19,SGL,EQ,13.96,14.2,13.18,13.81,13.96,22095,1.0199999999999996,1.0199999999999996,0.5999999999999998,14.198000000000002,14.135499999999999,14.5528,14.135499999999999,14.606391707295865,13.664608292704132,0.06662540515664339,0.6176470588235304,0.6335,16369.45,False,False,False,80.55
2025-11-19,SGLTL,EQ,166.08,168.5,163.0,166.41,166.08,145686,5.5,5.5,6.832857142857141,168.416,174.14100000000002,180.00800000000004,174.14100000000002,187.3924510903518,160.88954890964823,0.15219220161078426,0.6199999999999993,6.223999999999999,213163.45,False,False,False,52.13
2025-11-19,SGMART,EQ,348.0,354.9,346.45,350.15,351.5,82053,8.449999999999989,8.449999999999989,14.642857142857139,350.37499999999994,352.10499999999996,,352.10499999999996,365.3402521698677,338.8697478301322,0.07517787120244104,0.43786982248520634,15.087499999999997,327803.45,False,False,False,66.04
2025-11-19,SHAH,EQ,3.94,4.0,3.8,3.83,3.97,1075932,0.20000000000000018,0.20000000000000018,0.3542857142857142,4.154999999999999,4.234,3.9729999999999994,4.234,4.717752002579835,3.7502479974201646,0.2285082676333657,0.1500000000000011,0.2949999999999999,4705304.8,False,False,False,77.09
2025-11-19,SHAHALLOYS,EQ,73.26,77.54,72.0,77.54,73.85,35845,5.540000000000006,5.540000000000006,4.510714285714286,77.55499999999999,74.2175,71.42479999999999,74.2175,82.43817849997772,65.99682150002228,0.22152938323111726,1.0,4.207500000000001,28023.6,False,False,False,77.01
2025-11-19,SHAILY,EQ,2729.0,2729.0,2580.0,2596.9,2729.4,170902,149.0,149.4000000000001,145.95714285714288,2548.38,2492.4199999999996,2374.016,2492.4199999999996,2742.0031532776156,2242.8368467223836,0.2002737526400976,0.11342281879194692,122.66000000000004,345562.25,False,True,False,51.89
2025-11-19,SHAKTIPUMP,EQ,700.7,711.0,688.75,701.75,712.25,933848,22.25,23.5,20.960714285714307,743.655,778.7225000000001,810.562,778.7225000000001,862.8233946147424,694.6216053852578,0.21599708397983178,0.5842696629213483,17.975000000000023,410932.6,False,False,False,47.62
2025-11-19,SHALBY,EQ,222.0,226.99,219.35,220.93,223.89,85148,7.640000000000015,7.640000000000015,9.242142857142861,228.10800000000003,236.4665,241.6792,236.4665,255.6544319104489,217.2785680895511,0.16228879702155607,0.20680628272251433,8.169500000000003,138919.35,False,False,False,58.75
2025-11-19,SHALPAINTS,EQ,69.38,72.9,68.8,70.09,69.39,156127,4.1000000000000085,4.1000000000000085,3.132142857142859,73.10799999999999,76.108,77.862,76.108,83.45459540195323,68.76140459804678,0.19305711362677308,0.3146341463414643,3.1590000000000025,134335.5,False,False,False,48.65
2025-11-19,SHANKARA,EQ,129.0,129.0,123.0,123.67,128.36,186503,6.0,6.0,4.365000000000001,133.765,135.4325,386.1546,135.4325,144.56112284220097,126.30387715779904,0.13480697531539282,0.11166666666666696,4.899000000000001,140220.55,False,False,False,72.24
2025-11-19,SHANTHALA,ST,32.1,32.1,32.1,32.1,33.4,1200,0.0,1.2999999999999972,2.5035714285714294,34.135000000000005,33.1625,36.666,33.1625,38.398421599871384,27.92657840012862,0.31577363587614815,0.5,1.6525000000000005,8340.0,False,False,True,100.0
2025-11-19,SHANTI,EQ,9.22,9.52,9.16,9.17,9.25,35113,0.35999999999999943,0.35999999999999943,0.4649999999999996,9.587,9.9845,10.0768,9.9845,10.863714990773012,9.10528500922699,0.17611597792037884,0.027777777777777228,0.46699999999999975,31567.15,False,False,False,65.71
2025-11-19,SHANTIGEAR,EQ,470.05,471.8,470.0,470.15,470.05,14612,1.8000000000000114,1.8000000000000114,9.596428571428573,476.06499999999994,493.9375,522.839,493.9375,537.1850880830364,450.6899119169636,0.17511360479022706,0.08333333333332017,14.472500000000002,71221.6,False,False,True,83.03
2025-11-19,SHANTIGOLD,EQ,228.6,228.6,225.4,226.25,228.9,292519,3.1999999999999886,3.5,9.721428571428566,230.03000000000003,221.161,219.44259999999997,221.161,246.112022343784,196.209977656216,0.22563672929480325,0.26562499999999917,9.263499999999997,1093534.1,False,False,True,57.04
2025-11-19,SHARDACROP,EQ,773.5,774.5,762.25,766.3,771.35,130481,12.25,12.25,35.63928571428573,777.645,828.0350000000001,845.6990000000001,828.0350000000001,954.6921873207344,701.3778126792657,0.30592230357589795,0.3306122448979555,35.805000000000014,473171.05,False,False,True,49.78
2025-11-19,SHARDAMOTR,EQ,980.8,986.9,962.6,969.4,980.8,39862,24.299999999999955,24.299999999999955,46.842857142857135,1061.2,1055.655,1061.18,1055.655,1148.7240168638298,962.5859831361702,0.17632468346918226,0.27983539094650073,34.17500000000002,134668.0,False,False,False,50.09
2025-11-19,SHAREINDIA,EQ,168.0,169.25,163.7,168.8,168.29,528989,5.550000000000011,5.550000000000011,6.625714285714289,173.578,187.189,160.30800000000002,187.189,216.46669041437477,157.91130958562522,0.31281421893780914,0.9189189189189211,8.405500000000002,3332885.55,False,False,False,52.84
2025-11-19,SHARIABEES,EQ,506.46,511.2,502.71,510.35,503.95,17449,8.490000000000009,8.490000000000009,8.471428571428573,504.119,503.52,498.97020000000003,503.52,511.39750468105245,495.6424953189475,0.03128973896191799,0.899882214369851,8.733,13669.2,False,False,False,87.2
2025-11-19,SHEEL,SM,74.2,75.15,74.2,75.15,74.1,4000,0.9500000000000028,1.0500000000000114,3.010714285714287,76.695,78.7275,,78.7275,84.36314326408262,73.09185673591739,0.14316835322047866,1.0,2.802500000000001,36500.0,False,False,False,50.0
2025-11-19,SHEETAL,SM,141.2,150.15,136.0,145.75,141.1,20000,14.150000000000006,14.150000000000006,3.424999999999997,141.965,142.3375,137.539,142.3375,144.85739583118146,139.81760416881855,0.0354073358205878,0.6890459363957594,3.275,16150.0,True,True,False,65.0
2025-11-19,SHEKHAWATI,EQ,19.94,19.95,18.11,19.0,19.55,24858,1.8399999999999999,1.8399999999999999,1.127142857142857,19.651999999999997,20.282000000000004,21.518599999999996,20.282000000000004,21.81235420736514,18.751645792634868,0.15090762324870677,0.4836956521739134,1.1504999999999996,22039.9,False,False,False,59.32
2025-11-19,SHEMAROO,EQ,113.6,116.05,112.26,114.12,113.47,5204,3.789999999999992,3.789999999999992,3.752857142857143,112.475,112.89950000000002,112.89099999999999,112.89950000000002,115.70503363907714,110.09396636092289,0.04969966455258217,0.49076517150395865,3.366500000000001,10873.05,False,False,False,80.28
2025-11-19,SHERA,SM,137.5,138.0,136.5,138.0,135.5,4000,1.5,2.5,2.885714285714286,134.885,130.98499999999999,130.136,130.98499999999999,139.7838124198668,122.18618758013318,0.134348397448056,1.0,1.995000000000001,10200.0,False,False,False,100.0
2025-11-19,SHETHJI,ST,110.0,112.55,109.0,112.55,107.2,161000,3.549999999999997,5.349999999999994,,,,,,,,,1.0,,,False,False,False,98.14
2025-11-19,SHIGAN,SM,60.7,60.7,56.05,56.05,61.0,10500,4.650000000000006,4.950000000000003,3.9285714285714293,61.59499999999999,63.59499999999999,67.117,63.59499999999999,71.0950599997598,56.094940000240186,0.23586948658730425,0.0,2.325,11100.0,False,False,False,85.71
2025-11-19,SHILPAMED,EQ,363.0,364.9,350.55,362.55,365.3,234092,14.349999999999966,14.75,17.46785714285715,377.5,369.71,546.932,369.71,395.4317728782916,343.98822712170835,0.13914567027287134,0.8362369337979114,15.272499999999999,299783.4,False,False,False,47.58
2025-11-19,SHIVALIK,EQ,412.45,417.15,410.0,414.05,411.35,10556,7.149999999999977,7.149999999999977,17.328571428571433,434.87,427.83000000000004,441.467,427.83000000000004,459.1184707200639,396.5415292799362,0.1462659033731335,0.5664335664335698,15.422500000000003,38886.25,False,False,True,61.81
2025-11-19,SHIVAMAUTO,EQ,28.1,28.19,27.1,27.36,27.97,93491,1.0899999999999999,1.0899999999999999,0.9221428571428572,28.51,28.886000000000003,29.9716,28.886000000000003,30.203655493670492,27.568344506329513,0.09123142655061203,0.23853211009174133,0.8960000000000001,78815.6,False,False,False,66.47
2025-11-19,SHIVAMILLS,EQ,64.15,65.66,64.15,65.54,64.72,764,1.509999999999991,1.509999999999991,2.6842857142857133,65.869,66.0635,68.69760000000001,66.0635,68.62647697999891,63.5005230200011,0.0775913168390687,0.9205298013245092,2.6765,3303.85,False,False,True,63.74
2025-11-19,SHIVATEX,EQ,183.4,189.4,183.1,184.06,183.43,6123,6.300000000000011,6.300000000000011,8.264285714285714,183.633,181.194,182.5106,181.194,188.33984466665692,174.04815533334306,0.07887506944663651,0.15238095238095337,6.773499999999997,38698.55,False,False,False,37.15
2025-11-19,SHIVAUM,EQ,286.1,286.1,280.0,282.2,286.1,150,6.100000000000023,6.100000000000023,,288.775,,,,,,,0.3606557377049148,,,False,False,False,100.0
2025-11-19,SHK,EQ,178.0,178.07,173.96,176.22,178.08,343980,4.109999999999985,4.1200000000000045,8.754285714285713,186.63600000000002,204.80149999999998,225.96059999999997,204.80149999999998,248.70429274715877,160.89870725284118,0.4287350702720322,0.5498783454987832,7.497499999999995,483127.65,False,False,True,59.39
2025-11-19,SHKSIL,SM,58.25,59.5,58.25,59.2,58.95,8000,1.25,1.25,2.017857142857143,59.675,60.185,65.186,60.185,62.131047275891895,58.23895272410811,0.06466884691839803,0.7600000000000022,1.3349999999999997,13000.0,False,False,False,100.0
2025-11-19,SHOPERSTOP,EQ,447.1,451.35,441.55,449.55,449.05,29817,9.800000000000011,9.800000000000011,13.839285714285722,464.48,493.3075,519.0120000000001,493.3075,553.4667991564899,433.14820084351015,0.24390182252039488,0.8163265306122439,15.510000000000009,67687.65,False,False,False,56.86
2025-11-19,SHRADHA,EQ,43.1,43.99,42.82,43.75,43.7,114365,1.1700000000000017,1.1700000000000017,1.8542857142857143,43.489,44.1885,48.5184,44.1885,46.17425199861431,42.202748001385686,0.08987641574682606,0.7948717948717935,2.1345,44064.8,False,False,False,97.68
2025-11-19,SHREDIGCEM,EQ,90.15,90.98,90.15,90.27,90.14,190743,0.8299999999999983,0.8400000000000034,1.0464285714285728,90.221,90.37899999999999,90.103,90.37899999999999,91.42030495053123,89.33769504946875,0.023043073070762934,0.1445783132530007,1.4140000000000015,399793.55,False,False,False,66.21
2025-11-19,SHREECEM,EQ,26495.0,26630.0,26405.0,26510.0,26420.0,12630,225.0,225.0,437.14285714285717,26957.5,27910.25,28956.1,27910.25,29950.236458288415,25870.263541711585,0.14618188359390652,0.4666666666666667,475.0,25903.6,False,False,False,61.31
2025-11-19,SHREEJISPG,EQ,310.8,318.5,306.5,311.5,312.7,1278827,12.0,12.0,12.699285714285711,291.11499999999995,268.356,255.75259999999997,268.356,323.3663991623402,213.3456008376598,0.4099807655676803,0.4166666666666667,10.627999999999995,1071949.0,False,False,False,33.01
2025-11-19,SHREEKARNI,SM,525.0,570.0,525.0,543.2,526.5,6450,45.0,45.0,17.053571428571423,538.33,555.6600000000001,559.8,555.6600000000001,601.2891091300278,510.0308908699724,0.16423391689172406,0.40444444444444544,15.554999999999996,3547.5,False,False,False,86.05
2025-11-19,SHREEOSFM,SM,99.9,99.9,97.0,97.6,99.4,16000,2.9000000000000057,2.9000000000000057,5.735714285714288,96.02000000000001,102.2625,110.67299999999999,102.2625,116.47301987085609,88.05198012914391,0.27792240304815724,0.20689655172413557,5.242500000000001,25250.0,False,False,False,81.25
2025-11-19,SHREEPUSHK,EQ,416.9,417.4,404.3,410.6,417.45,38471,13.099999999999966,13.149999999999977,21.057142857142846,399.69500000000005,406.55499999999995,404.2060000000001,406.55499999999995,431.96355958136996,381.14644041862994,0.12499445133558813,0.4809160305343533,20.149999999999988,92196.65,False,False,False,38.63
2025-11-19,SHREERAMA,BE,57.59,58.9,56.12,56.43,56.73,49199,2.780000000000001,2.780000000000001,2.761428571428573,54.837,56.78599999999999,58.4942,56.78599999999999,61.31233361563195,52.259666384368025,0.15941723719339146,0.11151079136690725,2.644500000000001,91415.85,False,False,False,
2025-11-19,SHREMINVIT,IV,104.0,104.0,104.0,104.0,104.0,75000,0.0,0.0,1.0828571428571447,104.205,103.4055,,103.4055,106.48129241822325,100.32970758177676,0.059489919167225035,0.5,0.4450000000000003,77500.0,False,False,True,100.0
2025-11-19,SHRENIK,EQ,0.52,0.54,0.51,0.53,0.52,410350,0.030000000000000027,0.030000000000000027,0.02000000000000001,0.539,0.54,0.5386,0.54,0.5578885438200015,0.5221114561799985,0.06625386600000552,0.6666666666666666,0.01950000000000001,537391.75,False,False,False,81.56
2025-11-19,SHREYANIND,EQ,201.0,201.0,188.01,188.26,188.72,4370,12.990000000000009,12.990000000000009,9.345000000000008,198.71800000000002,211.3915,222.49379999999996,211.3915,242.49778442935616,180.28521557064386,0.2943002384613965,0.019245573518090826,8.250000000000004,9179.35,False,False,False,80.14
2025-11-19,SHRIAHIMSA,ST,268.5,274.95,265.0,268.8,265.0,39600,9.949999999999989,9.949999999999989,11.635714285714275,262.89500000000004,251.5975,237.775,251.5975,282.15229463193975,221.04270536806027,0.24288631351217516,0.38190954773869507,9.579999999999995,55680.0,False,False,False,90.91
2025-11-19,SHRINGARMS,EQ,223.0,227.3,221.0,225.9,222.21,1347210,6.300000000000011,6.300000000000011,8.145714285714288,220.831,215.9185,,215.9185,233.07668787051827,198.76031212948172,0.15893207733953577,0.7777777777777772,7.841500000000001,1764182.1,False,False,True,31.7
2025-11-19,SHRIPISTON,EQ,2726.9,2780.0,2714.3,2727.7,2726.9,38227,65.69999999999982,65.69999999999982,76.07857142857142,2699.78,2693.025,2672.232,2693.025,2745.173628936894,2640.876371063106,0.038728663073602405,0.20395738203956884,69.00999999999999,38224.4,False,False,False,40.4
2025-11-19,SHRIRAMFIN,EQ,824.15,826.7,815.8,818.05,820.2,3711577,10.900000000000091,10.900000000000091,19.710714285714307,814.4350000000001,765.1524999999999,686.2869999999999,765.1524999999999,869.6922459103475,660.6127540896523,0.27325205344123593,0.20642201834862214,17.990000000000016,7232957.55,False,False,True,58.03
2025-11-19,SHRIRAMPPS,EQ,89.35,90.45,88.56,89.97,89.02,338598,1.8900000000000006,1.8900000000000006,3.5928571428571425,91.757,91.28200000000001,91.3978,91.28200000000001,95.8686920541933,86.69530794580672,0.10049499472389502,0.746031746031744,3.251,913838.9,False,False,False,44.86
2025-11-19,SHUBHLAXMI,SM,19.6,19.6,19.6,19.6,18.7,29000,0.0,0.9000000000000021,0.7571428571428572,16.779999999999998,15.84,15.465,15.84,18.67294899354013,13.007051006459871,0.35769557999244045,0.5,0.39500000000000013,6400.0,True,True,True,100.0
2025-11-19,SHUBHSHREE,SM,395.95,420.0,391.1,418.0,391.05,15600,28.899999999999977,28.94999999999999,17.407142857142855,414.09499999999997,414.47249999999997,425.10799999999995,414.47249999999997,435.93317275273495,393.011827247265,0.10355655804780767,0.930795847750865,12.694999999999999,7500.0,False,False,False,88.46
2025-11-19,SHYAMCENT,EQ,5.7,5.7,5.51,5.53,5.6,448155,0.1900000000000004,0.1900000000000004,0.2507142857142857,6.051,6.4855,6.9732,6.4855,7.50965770270014,5.46134229729986,0.3158299908103121,0.10526315789473906,0.24650000000000002,190979.55,False,False,True,88.73
2025-11-19,SHYAMMETL,EQ,840.05,848.95,831.0,836.7,847.55,66261,17.950000000000045,17.950000000000045,24.48928571428573,854.4449999999999,881.415,907.2719999999999,881.415,941.6645900400978,821.1654099599021,0.13671106128236488,0.3175487465181076,22.350000000000016,143091.4,False,False,False,52.83
2025-11-19,SHYAMTEL,EQ,11.75,12.1,11.51,12.08,11.75,3481,0.5899999999999999,0.5899999999999999,0.7471428571428573,12.367,12.7085,13.3158,12.7085,13.815970541368888,11.601029458631114,0.17428816010841353,0.966101694915255,0.8520000000000001,7765.7,False,False,False,91.96
2025-11-19,SICALLOG,BE,95.23,95.23,87.0,89.64,90.76,13915,8.230000000000004,8.230000000000004,7.329999999999999,93.599,97.5155,97.7052,97.5155,112.32468968073547,82.70631031926453,0.30372996458481927,0.32077764277035226,5.617499999999999,5990.25,False,False,False,
2025-11-19,SIDDHICOTS,SM,30.3,30.3,29.95,30.05,30.1,64800,0.3500000000000014,0.3500000000000014,0.9428571428571425,30.994999999999997,32.835,,32.835,37.27212744915062,28.397872550849385,0.2702681558794345,0.28571428571428864,1.34,233580.0,False,False,True,55.56
2025-11-19,SIDDHIKA,SM,242.0,242.0,233.1,233.1,233.1,2000,8.900000000000006,8.900000000000006,8.017857142857144,224.6,216.60250000000002,204.11100000000002,216.60250000000002,240.95566149907452,192.24933850092552,0.22486500847473598,0.0,2.6850000000000023,4000.0,False,False,False,100.0
2025-11-19,SIEMENS,EQ,3222.0,3246.0,3186.1,3211.5,3249.5,336775,59.90000000000009,63.40000000000009,69.83571428571437,3118.0,3122.2200000000003,3160.57,3122.2200000000003,3238.0315123811047,3006.408487618896,0.07418536322303003,0.42404006677796413,61.75000000000004,313329.5,False,False,False,48.67
2025-11-19,SIGACHI,EQ,35.24,35.75,35.05,35.42,35.16,1052410,0.7000000000000028,0.7000000000000028,0.9592857142857147,35.686,36.784,38.0584,36.784,39.33085217474444,34.237147825255555,0.1384760860561355,0.5285714285714329,0.9465000000000003,1611320.85,False,False,False,43.89
2025-11-19,SIGIND,EQ,57.49,57.49,55.06,55.38,55.37,3995,2.4299999999999997,2.4299999999999997,3.0607142857142855,56.229,57.404500000000006,55.7856,57.404500000000006,60.513914575125185,54.29508542487483,0.10833347821599973,0.13168724279835403,3.0700000000000003,10612.05,False,False,False,62.63
2025-11-19,SIGMA,BE,50.89,50.99,49.05,49.84,50.89,44369,1.9400000000000048,1.9400000000000048,2.481428571428571,52.749,52.722,231.34380000000002,52.722,55.82838439352196,49.615615606478045,0.11784015756314087,0.40721649484536304,2.0544999999999995,89817.6,False,False,False,
2025-11-19,SIGNATURE,EQ,1116.9,1122.0,1101.0,1112.0,1110.2,656307,21.0,21.0,28.09999999999999,1082.96,1084.08,1081.292,1084.08,1132.1990856105886,1035.9609143894113,0.08877404916719915,0.5238095238095238,26.28000000000001,397024.05,False,False,False,58.26
2025-11-19,SIGNPOST,EQ,227.22,229.89,225.79,227.38,227.45,14445,4.099999999999994,4.099999999999994,8.997142857142862,234.03900000000004,238.4695,259.0718,238.4695,252.17776243547843,224.7612375645216,0.11496868518178145,0.38780487804878183,9.593000000000004,36663.3,False,False,True,42.91
2025-11-19,SIKKO,BE,109.89,109.89,106.0,108.49,108.06,28452,3.8900000000000006,3.8900000000000006,5.8328571428571445,108.828,107.0565,89.2706,107.0565,118.61047122205196,95.50252877794804,0.21584810304936097,0.6401028277634947,7.121000000000002,566626.95,False,False,False,
2025-11-19,SIL,EQ,17.01,17.28,16.5,16.82,17.01,16040,0.7800000000000011,0.7800000000000011,0.6849999999999999,17.432,18.1755,18.5622,18.1755,19.816054479436776,16.534945520563223,0.1805237247323899,0.41025641025641,0.709,21011.7,False,False,False,84.61
2025-11-19,SILGO,BE,65.05,65.05,63.0,63.47,65.09,12053,2.049999999999997,2.0900000000000034,3.4014285714285735,65.899,66.04400000000001,66.7744,66.04400000000001,68.28559229120732,63.8024077087927,0.06788178460442466,0.2292682926829266,3.493500000000001,15188.2,False,False,True,
2025-11-19,SILINV,EQ,585.0,589.8,570.15,578.65,582.8,3258,19.649999999999977,19.649999999999977,30.34285714285713,595.9449999999999,634.7425000000001,615.278,634.7425000000001,725.2675533001791,544.217446699821,0.28523394384393363,0.43256997455470786,32.56999999999999,32055.95,False,False,False,47.97
2025-11-19,SILKFLEX,SM,82.9,82.9,82.9,82.9,82.95,12000,0.0,0.04999999999999716,3.682142857142857,83.22,86.41499999999999,88.95,86.41499999999999,94.804463630054,78.02553636994598,0.1941668374715966,0.5,1.3699999999999997,9900.0,False,False,True,100.0
2025-11-19,SILKY,SM,136.05,137.05,134.15,134.15,143.5,3200,2.9000000000000057,9.349999999999994,9.807142857142859,137.28,133.94250000000002,128.254,133.94250000000002,148.7891587150105,119.09584128498953,0.22168704802449532,0.0,7.025,11720.0,False,True,False,75.0
2025-11-19,SILLYMONKS,BE,24.74,24.74,24.05,24.19,24.14,5307,0.6899999999999977,0.6899999999999977,2.225,25.047,21.6695,18.659200000000002,21.6695,28.58584433787096,14.75315566212904,0.6383483087169487,0.20289855072463917,1.7885000000000004,134546.0,False,False,True,
2025-11-19,SILVER,EQ,154.46,157.98,153.65,156.54,152.67,1661321,4.329999999999984,5.310000000000002,5.3278571428571455,154.445,151.3065,145.71280000000002,151.3065,165.47536343360082,137.13763656639918,0.18728691012746734,0.6674364896073895,6.171000000000002,2393822.0,False,False,False,48.41
2025-11-19,SILVER1,EQ,149.48,152.94,149.39,151.86,148.53,606703,3.5500000000000114,4.409999999999997,5.355714285714285,150.01500000000001,147.1,140.905,147.1,159.61043244656219,134.5895675534378,0.17009425488187888,0.6957746478873295,5.875500000000001,1219395.15,False,False,False,51.13
2025-11-19,SILVER360,EQ,152.5,155.3,152.03,154.25,151.38,429244,3.2700000000000102,3.920000000000016,5.095000000000007,152.22400000000002,149.44750000000002,143.14679999999998,149.44750000000002,160.8243358958014,138.07066410419864,0.15225193992273375,0.6788990825688048,5.403500000000004,133450.75,False,False,False,96.27
2025-11-19,SILVERADD,EQ,148.88,153.5,148.54,152.68,147.91,318281,4.960000000000008,5.590000000000003,4.727142857142858,149.34,146.357,140.2744,146.357,159.04405813023627,133.66994186976373,0.17337138818418343,0.8346774193548403,4.794500000000004,764167.1,False,False,False,66.35
2025-11-19,SILVERAG,EQ,150.58,154.34,150.43,152.92,149.65,213643,3.9099999999999966,4.689999999999998,5.343571428571429,151.001,148.121,,148.121,160.94644330617848,135.29555669382154,0.1731752189922897,0.6368286445012744,5.744,485155.0,False,False,False,61.26
2025-11-19,SILVERBEES,EQ,148.02,151.4,147.64,150.36,146.58,29754382,3.7600000000000193,4.819999999999993,4.714999999999995,148.16500000000002,145.692,139.8356,145.692,158.61568770900905,132.76831229099096,0.17741108240684517,0.7234042553191524,4.1835,43978367.55,False,False,False,40.97
2025-11-19,SILVERCASE,EQ,16.01,16.01,15.56,15.91,15.54,5461708,0.45000000000000107,0.4700000000000024,0.7050000000000003,15.693000000000001,15.4425,14.8588,15.4425,16.808894891676736,14.076105108323263,0.17696550321214008,0.7777777777777751,0.8365000000000002,9382723.85,False,False,False,43.47
2025-11-19,SILVERETF,EQ,149.08,152.99,149.08,152.14,148.11,1435808,3.9099999999999966,4.8799999999999955,4.884285714285716,149.892,147.0995,141.6726,147.0995,160.53562663679529,133.66337336320473,0.18268079275314028,0.782608695652168,5.856500000000001,1948983.55,False,False,False,41.81
2025-11-19,SILVERIETF,EQ,152.99,157.32,152.99,156.14,152.56,4153888,4.329999999999984,4.759999999999991,5.300000000000003,154.287,151.63500000000002,145.15040000000002,151.63500000000002,164.6259545453755,138.64404545462455,0.17134506605170932,0.7274826789838311,5.785500000000001,6702426.0,False,False,False,50.72
2025-11-19,SILVERTUC,EQ,830.5,840.0,810.9,818.55,830.45,72518,29.100000000000023,29.100000000000023,39.67499999999999,807.55,768.4300000000001,741.555,768.4300000000001,860.3153600961541,676.544639903846,0.2391508923289149,0.26288659793814334,35.66999999999999,71651.25,False,True,False,55.34
2025-11-19,SIMBHALS,BZ,10.23,10.55,10.14,10.24,10.46,10446,0.41000000000000014,0.41000000000000014,0.66,11.061,11.78,13.0026,11.78,13.665587441621273,9.894412558378725,0.3201336912769565,0.2439024390243893,0.6085,26057.05,False,False,False,
2025-11-19,SIMPLEXINF,EQ,312.3,313.3,296.7,299.65,310.15,237848,16.600000000000023,16.600000000000023,14.339285714285714,294.315,284.0575,288.83799999999997,284.0575,307.91665495150687,260.19834504849314,0.16798820627166589,0.17771084337349305,12.820000000000004,217678.6,False,False,False,67.19
2025-11-19,SINCLAIR,EQ,86.58,88.0,86.0,86.39,86.58,17942,2.0,2.0,3.0400000000000023,88.465,92.526,98.631,92.526,101.25110492773568,83.80089507226431,0.18859790605312424,0.19500000000000028,2.888000000000001,48729.85,False,False,False,65.92
2025-11-19,SINDHUTRAD,EQ,23.57,23.58,23.2,23.41,23.45,431555,0.379999999999999,0.379999999999999,0.8178571428571421,23.839000000000002,24.2045,25.775199999999998,24.2045,25.47460983777023,22.934390162229768,0.10494824001902386,0.5526315789473721,0.9014999999999993,1216868.05,False,False,False,52.23
2025-11-19,SINTERCOM,EQ,117.8,117.8,112.15,116.0,117.96,2280,5.6499999999999915,5.809999999999988,4.989999999999997,116.29400000000001,117.64200000000001,120.01440000000001,117.64200000000001,122.01967792328163,113.26432207671839,0.07442372491595899,0.6814159292035399,4.454999999999999,10874.4,False,False,False,60.35
2025-11-19,SIRCA,EQ,537.0,539.0,529.55,532.6,534.6,367085,9.450000000000045,9.450000000000045,13.174999999999995,519.36,511.9750000000001,495.504,511.9750000000001,535.971760197993,487.9782398020071,0.09374192176568369,0.3227513227513284,12.647499999999999,408200.5,True,True,False,38.97
2025-11-19,SIS,EQ,330.9,330.9,323.8,325.95,329.2,23822,7.099999999999966,7.099999999999966,7.885714285714284,333.85,337.265,340.931,337.265,347.45499999999674,327.07500000000323,0.06042726046282157,0.30281690140844897,7.3725,64639.35,False,False,False,61.57
2025-11-19,SITINET,BZ,0.43,0.43,0.41,0.41,0.42,978582,0.020000000000000018,0.020000000000000018,0.019285714285714288,0.41999999999999993,0.43550000000000005,0.46299999999999997,0.43550000000000005,0.4715416425818793,0.3994583574181208,0.1655184504334294,0.0,0.017999999999999995,707430.65,False,False,False,
2025-11-19,SIYSIL,EQ,778.0,778.6,752.6,760.45,773.65,72809,26.0,26.0,35.18571428571429,785.95,766.875,719.065,766.875,814.6282669039508,719.1217330960492,0.1245398973860168,0.3019230769230778,29.742499999999996,227848.9,False,False,False,35.22
2025-11-19,SJLOGISTIC,SM,400.0,425.0,400.0,417.1,392.6,258000,25.0,32.39999999999998,24.089285714285705,362.33500000000004,358.825,379.7,358.825,407.96305551708195,309.686944482918,0.27388312139389376,0.6840000000000009,17.192499999999992,72437.5,False,False,False,49.22
2025-11-19,SJS,EQ,1775.0,1814.0,1718.5,1758.3,1717.3,384920,95.5,96.70000000000005,71.91428571428573,1744.17,1639.35,1539.4819999999997,1639.35,1858.7665034813917,1419.933496518608,0.26768719734210733,0.4167539267015702,66.43500000000003,299470.6,True,True,False,33.04
2025-11-19,SJVN,EQ,82.18,82.39,81.66,82.05,82.13,1936748,0.730000000000004,0.730000000000004,1.4878571428571428,83.55799999999999,86.2185,89.5734,86.2185,92.1388117316574,80.29818826834261,0.13733274718668018,0.5342465753424637,1.5125000000000006,2649304.3,False,False,True,45.81
2025-11-19,SKFINDIA,EQ,1980.0,2003.0,1965.3,1975.6,1976.8,33795,37.700000000000045,37.700000000000045,66.04285714285724,2050.1099999999997,2115.805,3632.658,2115.805,2267.8220447680383,1963.7879552319612,0.14369664951925018,0.2732095490716165,69.38500000000009,45011.15,False,False,False,42.98
2025-11-19,SKIPPER,EQ,499.2,499.2,489.4,492.7,500.35,127479,9.800000000000011,10.950000000000045,15.635714285714297,496.59499999999997,507.0425,520.7769999999999,507.0425,536.2402785970113,477.84472140298874,0.11516895959218913,0.3367346938775518,14.975000000000012,302799.35,False,False,True,50.95
2025-11-19,SKMEGGPROD,EQ,428.0,428.0,410.1,413.35,427.25,57592,17.899999999999977,17.899999999999977,20.399999999999988,417.9,394.4475,357.12699999999995,394.4475,453.1406041520218,335.7543958479782,0.2975965326286607,0.1815642458100561,17.61999999999999,92708.8,False,False,False,59.07
2025-11-19,SKP,SM,212.0,212.0,210.35,210.35,213.15,3500,1.6500000000000057,2.8000000000000114,6.928571428571429,218.51999999999998,221.685,226.03599999999997,221.685,232.99429263924125,210.37570736075875,0.10203029198404266,0.0,4.1425,5500.0,False,False,False,85.71
2025-11-19,SKYGOLD,EQ,365.0,365.0,351.0,354.6,364.8,751685,14.0,14.0,15.928571428571425,352.995,354.2975,317.835,354.2975,371.1703917201559,337.4246082798441,0.09524702669454854,0.2571428571428588,16.525,1328067.85,False,False,False,50.64
2025-11-19,SLONE,SM,297.95,297.95,291.0,291.0,297.95,2000,6.949999999999989,6.949999999999989,13.457142857142856,303.62,318.5325,302.01099999999997,318.5325,360.4860728514269,276.57892714857314,0.2634178481092314,0.0,9.792499999999999,10380.0,False,False,False,100.0
2025-11-19,SMALL250,EQ,17.05,17.05,16.92,16.96,17.04,85618,0.129999999999999,0.129999999999999,,,,,,,,,0.3076923076923035,,,False,False,False,98.35
2025-11-19,SMALLCAP,EQ,45.44,45.44,45.16,45.29,45.29,897476,0.28000000000000114,0.28000000000000114,0.590714285714287,45.42,45.6075,45.6096,45.6075,46.21679057107433,44.998209428925676,0.026718876109162976,0.4642857142857215,0.9580000000000005,1484425.85,False,False,True,75.44
2025-11-19,SMARTEN,SM,73.0,74.9,72.25,74.3,72.5,26400,2.6500000000000057,2.6500000000000057,4.63214285714286,76.965,83.7,88.711,83.7,99.60521926915823,67.79478073084178,0.3800530291316182,0.7735849056603746,4.295000000000003,59520.0,False,False,False,90.91
2025-11-19,SMARTLINK,EQ,132.38,135.95,132.1,132.39,133.65,3287,3.8499999999999943,3.8499999999999943,6.555714285714282,135.448,134.151,142.47539999999998,134.151,140.91888563733102,127.383114362669,0.1008995182642098,0.07532467532467337,5.989499999999995,24896.75,False,False,False,74.02
2025-11-19,SMARTWORKS,EQ,584.0,584.0,561.35,566.75,575.8,81589,22.649999999999977,22.649999999999977,17.710714285714282,584.535,572.5875,558.335,572.5875,606.3081149854952,538.8668850145048,0.1177832732481768,0.2384105960264893,17.4075,93102.0,False,False,False,71.12
2025-11-19,SMCGLOBAL,EQ,62.88,62.88,61.29,61.58,62.24,103901,1.5900000000000034,1.5900000000000034,8.77071428571429,107.06400000000001,121.5035,131.8694,121.5035,179.49727631263562,63.5097236873644,0.954602563920144,0.1823899371069173,3.5580000000000056,116433.2,False,False,True,55.09
2025-11-19,SML100CASE,EQ,10.56,10.56,10.19,10.21,10.25,195864,0.370000000000001,0.370000000000001,0.42214285714285743,10.263,10.299,,10.299,10.436825977232152,10.161174022767847,0.026764924212477406,0.054054054054057554,0.39650000000000024,242171.2,False,False,True,87.57
2025-11-19,SMLMAH,EQ,2880.1,2922.0,2845.0,2853.6,2872.9,20849,77.0,77.0,,,,,,,,,0.1116883116883105,,,False,False,False,57.29
2025-11-19,SMLT,EQ,101.92,101.92,98.51,99.14,100.63,5717,3.4099999999999966,3.4099999999999966,7.1721428571428545,102.37,101.4195,103.8216,101.4195,108.89880872474198,93.94019127525802,0.1474925181990048,0.18475073313782878,6.100999999999999,94635.3,False,False,False,67.66
2025-11-19,SMSLIFE,EQ,1350.0,1350.0,1263.1,1289.4,1333.4,4297,86.90000000000009,86.90000000000009,55.55000000000002,1250.94,1194.685,1177.848,1194.685,1334.5845822009505,1054.7854177990494,0.23420329576574678,0.30264672036824114,49.410000000000025,1759.4,True,True,False,89.43
2025-11-19,SMSPHARMA,EQ,284.25,287.1,281.3,282.95,284.7,98553,5.800000000000011,5.800000000000011,11.973571428571429,287.11,289.209,277.9782,289.209,299.97322760814745,278.44477239185255,0.07443909150923692,0.28448275862068517,11.670000000000005,691516.0,False,False,True,41.59
2025-11-19,SNEHAA,SM,84.95,86.9,84.95,86.9,84.95,2000,1.9500000000000028,1.9500000000000028,3.410714285714287,86.78,82.845,,82.845,93.12054864715272,72.56945135284728,0.2480668392094325,1.0,2.9175000000000004,25750.0,False,False,True,100.0
2025-11-19,SNOWMAN,EQ,46.42,46.46,45.74,45.94,46.42,118878,0.7199999999999989,0.7199999999999989,1.374285714285715,46.775,48.951499999999996,52.1388,48.951499999999996,53.464287497766946,44.438712502233045,0.18437790456950046,0.2777777777777723,1.2910000000000008,273420.9,False,False,False,63.81
2025-11-19,SNXT30BEES,EQ,40.31,40.31,39.97,40.2,40.11,3270,0.3400000000000034,0.3400000000000034,0.7078571428571431,40.135000000000005,40.204499999999996,39.589,40.204499999999996,40.6230439045066,39.78595609549339,0.02082074914532484,0.676470588235299,0.7939999999999994,8161.95,False,False,True,88.04
2025-11-19,SOBHA,EQ,1569.8,1580.0,1559.1,1569.4,1571.6,77518,20.90000000000009,20.90000000000009,48.0857142857143,1607.3799999999999,1581.71,1542.6,1581.71,1656.5088475847117,1506.9111524152884,0.0945797239502964,0.4928229665071836,48.19500000000001,192107.25,False,False,True,34.79
2025-11-19,SOFTTECH,EQ,310.9,337.4,301.1,329.15,314.05,30222,36.299999999999955,36.299999999999955,18.617857142857137,336.71,350.35,367.13,350.35,383.71093523868944,316.9890647613106,0.19044347217747634,0.7727272727272725,18.462499999999995,7255.9,False,False,False,66.05
2025-11-19,SOLARA,EQ,570.0,579.4,560.6,569.7,573.6,88414,18.799999999999955,18.799999999999955,27.85714285714283,568.725,582.0475,615.623,582.0475,620.9112038250338,543.1837961749662,0.13354134782825725,0.48404255319149175,20.98249999999998,127561.15,False,False,False,36.27
2025-11-19,SOLARAPP1,E1,399.95,407.9,372.1,375.0,395.1,22824,35.799999999999955,35.799999999999955,22.096428571428557,400.655,410.9625,434.44,410.9625,441.5422788579318,380.38272114206814,0.14882028826441265,0.08100558659217824,18.139999999999993,2733.05,False,False,False,98.88
2025-11-19,SOLARINDS,EQ,14000.0,14065.0,13677.0,13809.0,13770.0,175913,388.0,388.0,373.64285714285717,13740.7,13865.3,14002.38,13865.3,14268.38267142117,13462.217328578829,0.05814265416848835,0.3402061855670103,316.55,105620.45,False,False,False,30.62
2025-11-19,SOLARWORLD,EQ,297.95,307.5,293.4,304.6,294.9,219304,14.100000000000023,14.100000000000023,15.27142857142856,300.25,307.50750000000005,,307.50750000000005,329.96183755424556,285.05316244575454,0.14604090992411897,0.7943262411347537,14.69249999999999,800131.3,False,False,False,43.81
2025-11-19,SOLEX,EQ,1739.0,1826.7,1715.8,1826.7,1739.8,103330,110.90000000000009,110.90000000000009,85.78928571428573,1680.61,1585.565,1545.731,1585.565,1834.0722314843208,1337.0577685156793,0.3134620548313324,1.0,72.55500000000004,47248.65,True,True,False,59.92
2025-11-19,SOMANYCERA,EQ,442.5,444.65,440.0,441.95,442.4,5681,4.649999999999977,4.649999999999977,13.324999999999992,446.18999999999994,449.72249999999997,460.042,449.72249999999997,461.0561876170167,438.38881238298325,0.05040302683106459,0.41935483870967705,11.689999999999994,18332.15,False,False,True,69.58
2025-11-19,SOMATEX,BE,140.0,140.0,138.86,138.86,141.7,9230,1.1399999999999864,2.839999999999975,7.259285714285712,135.80599999999998,124.39350000000002,95.20379999999999,124.39350000000002,159.17805822631647,89.60894177368355,0.5592664926433688,0.0,3.718,40226.7,False,False,False,
2025-11-19,SOMICONVEY,EQ,140.94,142.39,139.0,139.4,140.94,8694,3.3899999999999864,3.3899999999999864,5.96428571428571,150.04199999999997,152.12650000000002,145.101,152.12650000000002,163.86940811511388,140.38359188488616,0.154383465275463,0.1179941002949874,4.950499999999994,17875.8,False,False,False,78.65
2025-11-19,SONACOMS,EQ,491.05,508.4,489.8,506.95,488.55,5842354,18.599999999999966,19.849999999999966,12.510714285714275,489.62,482.26750000000004,451.034,482.26750000000004,504.27025607736454,460.26474392263555,0.09124710281063722,0.9220430107526887,11.629999999999992,2293453.9,True,True,False,30.83
2025-11-19,SONAMAC,SM,57.5,58.3,56.5,56.85,56.1,37000,1.7999999999999972,2.1999999999999957,3.2392857142857143,65.39,69.27250000000001,73.105,69.27250000000001,80.15792488835407,58.38707511164595,0.31427839007843117,0.19444444444444553,2.6550000000000002,13800.0,False,False,False,89.19
2025-11-19,SONAMLTD,EQ,40.69,41.39,40.0,40.18,40.84,59847,1.3900000000000006,1.3900000000000006,1.6378571428571418,40.337,40.584500000000006,43.3922,40.584500000000006,42.688301083752805,38.480698916247206,0.10367510176312626,0.1294964028776976,1.9454999999999991,48945.5,False,False,False,64.16
2025-11-19,SONATSOFTW,EQ,366.5,376.9,362.6,370.05,365.5,1382029,14.299999999999955,14.299999999999955,11.842857142857143,375.09000000000003,372.35749999999996,370.49700000000007,372.35749999999996,387.3089305335634,357.4060694664365,0.08030685850862916,0.5209790209790218,12.045000000000002,1127742.05,False,False,False,33.18
2025-11-19,SONUINFRA,SM,91.0,93.45,91.0,93.45,92.6,7500,2.450000000000003,2.450000000000003,4.646428571428571,92.32,96.1725,102.79799999999999,96.1725,105.05863948798931,87.28636051201069,0.18479585095509238,1.0,3.7424999999999997,58050.0,False,False,False,80.0
2025-11-19,SOTL,EQ,385.35,387.0,378.65,380.05,385.0,13908,8.350000000000023,8.350000000000023,8.410714285714294,388.96500000000003,393.15500000000003,399.8589999999999,393.15500000000003,404.15313165951324,382.1568683404868,0.055948069639267996,0.16766467065868626,8.01500000000001,15635.85,False,False,False,68.5
2025-11-19,SOUTHBANK,EQ,39.33,41.5,39.33,41.08,39.24,160686044,2.1700000000000017,2.259999999999998,1.4528571428571422,38.504000000000005,38.0435,33.234,38.0435,41.24285790433032,34.84414209566968,0.16819471943066858,0.8064516129032252,1.7009999999999994,59255168.65,True,True,False,36.06
2025-11-19,SOUTHWEST,EQ,203.0,205.95,192.6,194.74,202.45,305476,13.349999999999994,13.349999999999994,13.864999999999997,187.94299999999998,165.1505,146.8706,165.1505,214.27470481799202,116.02629518200797,0.5949022838924741,0.16029962546816598,10.1275,419560.95,True,True,False,39.65
2025-11-19,SPAL,EQ,818.0,846.4,795.2,798.2,817.05,93579,51.19999999999993,51.19999999999993,41.49285714285714,750.39,732.97,729.5310000000001,732.97,813.5827558144485,652.3572441855515,0.2199619515517648,0.058593750000000076,33.800000000000004,73106.55,False,True,False,42.38
2025-11-19,SPANDANA,EQ,278.6,286.95,276.0,280.55,282.65,672069,10.949999999999989,10.949999999999989,14.828571428571431,255.00500000000002,252.1,255.36379999999997,252.1,280.28893399900005,223.91106600099994,0.22363295516858434,0.4155251141552526,11.897499999999999,576460.95,True,True,False,31.55
2025-11-19,SPARC,EQ,130.03,131.3,128.11,130.72,130.14,169524,3.1899999999999977,3.1899999999999977,3.9571428571428555,132.214,133.103,135.44819999999999,133.103,139.372293740129,126.83370625987102,0.09420214029930195,0.8181818181818141,3.7834999999999988,612071.5,False,False,False,45.42
2025-11-19,SPCENET,BE,8.4,8.83,8.4,8.79,8.41,1134611,0.4299999999999997,0.4299999999999997,0.552142857142857,8.995999999999999,9.669500000000001,8.486799999999999,9.669500000000001,11.330974947147858,8.008025052852144,0.3436527115461724,0.9069767441860443,0.577,1124982.95,False,False,False,
2025-11-19,SPCL,SM,86.4,88.0,81.0,81.65,86.05,84600,7.0,7.0,5.239285714285716,92.965,98.7825,99.98400000000001,98.7825,113.40547079939617,84.15952920060383,0.2960639951286143,0.09285714285714367,4.572500000000002,42120.0,False,False,False,83.69
2025-11-19,SPECIALITY,EQ,127.87,132.9,126.84,131.1,127.15,25228,6.060000000000002,6.060000000000002,5.740714285714285,129.37400000000002,134.952,133.7508,134.952,148.17163781652133,121.73236218347867,0.19591614524455106,0.7029702970297012,5.530999999999999,43201.2,False,False,False,61.61
2025-11-19,SPECTRUM,EQ,1421.0,1422.8,1380.0,1392.2,1451.3,1041,42.799999999999955,71.29999999999995,79.52142857142859,1460.59,1426.885,1396.384,1426.885,1580.3122501871835,1273.4577498128165,0.21505201917068792,0.285046728971964,73.50500000000002,6152.75,False,True,False,53.22
2025-11-19,SPECTSTM,SM,77.0,78.95,77.0,78.95,77.95,4000,1.9500000000000028,1.9500000000000028,3.0499999999999994,85.215,90.495,99.015,90.495,104.5330162416207,76.45698375837931,0.310249543988523,1.0,1.8300000000000005,4480.0,False,False,False,80.0
2025-11-19,SPENCERS,EQ,46.57,47.01,45.56,46.48,47.18,127423,1.4499999999999957,1.6199999999999974,1.533571428571428,46.946999999999996,49.412,53.8034,49.412,54.78157577467721,44.04242422532279,0.21733893688485426,0.6344827586206878,1.6054999999999993,143152.7,False,False,False,32.02
2025-11-19,SPIC,EQ,90.28,91.54,88.14,88.58,90.15,458466,3.4000000000000057,3.4000000000000057,2.4292857142857125,89.243,89.777,95.73299999999999,89.777,92.46866937048352,87.08533062951648,0.05996345100601544,0.12941176470588148,2.2939999999999996,609158.0,False,False,False,47.16
2025-11-19,SPLIL,EQ,39.72,41.7,38.55,38.94,39.72,99678,3.1500000000000057,3.1500000000000057,3.249285714285714,39.748000000000005,39.947500000000005,39.496,39.947500000000005,43.244558537545196,36.650441462454815,0.16506958070193078,0.12380952380952377,2.7309999999999994,57785.95,False,False,False,28.57
2025-11-19,SPLPETRO,EQ,641.05,643.85,621.45,626.35,641.05,130529,22.399999999999977,22.399999999999977,22.278571428571436,656.7149999999999,719.5975000000001,774.0670000000001,719.5975000000001,850.7256299912424,588.4693700087578,0.3644485423899952,0.2187499999999992,24.412500000000012,88136.25,False,False,False,71.99
2025-11-19,SPMLINFRA,EQ,214.1,214.11,203.99,206.04,212.5,140399,10.120000000000005,10.120000000000005,9.039285714285716,215.63400000000001,220.79150000000004,243.39520000000002,220.79150000000004,236.05322503356265,205.52977496643743,0.13824558493929892,0.20256916996047253,10.240000000000002,170709.65,False,False,False,55.72
2025-11-19,SPORTKING,EQ,100.99,102.5,98.75,99.81,99.97,64737,3.75,3.75,3.4657142857142866,100.471,99.98949999999999,102.8664,99.98949999999999,104.40702181658405,95.57197818341594,0.08835971410166181,0.2826666666666673,3.2910000000000004,176256.7,False,False,False,44.19
2025-11-19,SPPPOLY,SM,17.0,17.0,16.9,16.9,17.2,6000,0.10000000000000142,0.3000000000000007,0.5107142857142856,17.065,17.2275,17.07,17.2275,17.891935850929173,16.563064149070826,0.07713665371402391,0.0,0.4250000000000004,8400.0,False,False,False,100.0
2025-11-19,SPRL,ST,163.0,163.1,163.0,163.1,155.45,1600,0.09999999999999432,7.650000000000006,7.9392857142857185,177.03,158.19,,158.19,206.30534682406437,110.07465317593562,0.6083234948361385,1.0,2.1975000000000007,2120.0,False,False,False,100.0
2025-11-19,SPUNWEB,SM,146.95,150.0,146.2,146.7,146.15,67200,3.8000000000000114,3.8499999999999943,4.6285714285714255,146.28,144.985,150.59599999999998,144.985,150.0180010927887,139.95199890721133,0.06942788692331868,0.13157894736842066,3.977499999999999,30420.0,False,False,False,75.0
2025-11-19,SRD,BE,69.7,69.7,65.0,66.51,67.58,17458,4.700000000000003,4.700000000000003,3.2278571428571445,69.645,70.04150000000001,71.28399999999999,70.04150000000001,74.54602339321282,65.5369766067872,0.12862441247582665,0.32127659574468176,3.1420000000000017,23378.9,False,False,False,
2025-11-19,SREEL,EQ,238.8,238.8,228.14,232.72,235.28,6908,10.660000000000025,10.660000000000025,6.844999999999994,226.212,227.25549999999998,230.17879999999997,227.25549999999998,235.2369571977811,219.27404280221887,0.07024214769526908,0.429643527204503,5.718999999999999,5245.55,False,False,False,58.7
2025-11-19,SRF,EQ,2827.9,2834.9,2772.3,2786.4,2816.6,580738,62.59999999999991,62.59999999999991,60.85000000000001,2880.34,2972.33,2955.9120000000003,2972.33,3200.0763510135835,2744.5836489864164,0.15324432415888112,0.2252396166134174,65.25500000000002,456976.25,False,False,False,68.73
2025-11-19,SRGHFL,EQ,281.2,282.15,263.35,270.85,279.95,27881,18.799999999999955,18.799999999999955,10.735714285714279,282.39,288.815,294.059,288.815,305.91567542525513,271.71432457474486,0.11841957949036673,0.39893617021276695,9.907499999999995,3507.25,False,False,False,96.11
2025-11-19,SRHHYPOLTD,EQ,542.7,549.0,530.45,533.1,542.7,5252,18.549999999999955,18.549999999999955,15.242857142857133,538.8199999999999,546.8325,574.07,546.8325,567.5136091336977,526.1513908663022,0.07563964882737496,0.142857142857142,14.809999999999997,8461.6,False,False,False,61.41
2025-11-19,SRIVASAVI,SM,55.0,55.6,53.7,55.2,55.35,13000,1.8999999999999986,1.8999999999999986,1.8000000000000003,57.44000000000001,58.480000000000004,60.748999999999995,58.480000000000004,62.920765699741395,54.03923430025861,0.15187297194737998,0.7894736842105269,1.3225000000000005,10700.0,False,False,False,84.62
2025-11-19,SRM,EQ,618.9,631.8,611.55,620.6,615.0,111253,20.25,20.25,26.039285714285704,597.595,573.8774999999999,550.634,573.8774999999999,635.6211512930674,512.1338487069324,0.21518059618321858,0.44691358024691696,22.604999999999997,173732.25,False,True,True,40.28
2025-11-19,SRPL,BZ,0.68,0.69,0.66,0.67,0.69,234560,0.029999999999999916,0.029999999999999916,0.04499999999999997,0.681,0.7074999999999999,0.7334,0.7074999999999999,0.7684507998306813,0.6465492001693185,0.17229908079344572,0.3333333333333346,0.047999999999999994,521203.25,False,False,False,
2025-11-19,SSDL,EQ,85.03,85.48,83.0,83.37,84.58,15557,2.480000000000004,2.480000000000004,2.067142857142857,83.78,84.70150000000001,86.8216,84.70150000000001,86.98998661783294,82.41301338216708,0.054036507448697604,0.14919354838709836,1.876999999999999,26224.15,False,False,False,67.85
2025-11-19,SSEGL,SM,537.0,550.0,536.0,540.4,534.75,41600,14.0,15.25,25.04285714285715,540.4100000000001,528.205,499.518,528.205,572.1477001901334,484.2622998098667,0.1663850216871606,0.31428571428571267,22.1125,95190.0,False,False,False,70.67
2025-11-19,SSFL,SM,161.05,168.5,161.05,163.1,164.25,12000,7.449999999999989,7.449999999999989,9.367857142857138,150.535,144.83,148.819,144.83,167.6674341816236,121.9925658183764,0.3153688349323151,0.27516778523489743,7.857499999999999,18175.0,False,True,False,70.83
2025-11-19,SSFLPP,E1,142.0,145.0,135.1,140.9,142.95,11650,9.900000000000006,9.900000000000006,8.814285714285718,127.88999999999999,124.50500000000002,126.495,124.50500000000002,140.87640494887353,108.1335950511265,0.262983895407791,0.5858585858585866,7.065,23125.65,False,True,False,71.25
2025-11-19,SSWL,EQ,206.0,207.4,201.0,202.61,205.7,116219,6.400000000000006,6.400000000000006,7.7942857142857145,213.783,218.6875,226.6546,218.6875,234.89593345298974,202.47906654701026,0.14823374406849718,0.2515625000000019,7.410000000000001,217577.7,False,False,False,52.28
2025-11-19,STALLION,BE,215.0,215.0,204.55,204.9,215.3,424645,10.449999999999989,10.75,16.292857142857137,222.99,273.6175,258.8138,273.6175,389.3324915741257,157.90250842587432,0.845815721393008,0.03349282296650667,11.494999999999997,849172.65,False,False,False,
2025-11-19,STANLEY,EQ,234.0,238.8,232.25,233.95,235.3,233838,6.550000000000011,6.550000000000011,8.63571428571429,248.195,266.6625,285.182,266.6625,307.6601447494242,225.66485525057584,0.30748714010724554,0.25954198473282225,7.605000000000002,75474.85,False,False,True,69.59
2025-11-19,STAR,EQ,960.0,975.0,941.9,963.3,966.15,359608,33.10000000000002,33.10000000000002,48.28214285714286,949.6550000000001,890.9375,866.9680000000001,890.9375,1022.3056577666374,759.5693422333626,0.2948987056143386,0.646525679758307,39.13999999999999,821950.5,False,False,False,37.78
2025-11-19,STARCEMENT,EQ,229.0,232.8,228.15,229.35,229.45,150358,4.650000000000006,4.650000000000006,6.9571428571428635,238.59,247.5125,259.63,247.5125,268.46518180925835,226.55981819074162,0.16930604966826618,0.2580645161290295,6.740000000000007,318755.4,False,False,False,55.12
2025-11-19,STARHEALTH,EQ,517.0,517.0,504.65,507.75,515.55,212084,12.350000000000023,12.350000000000023,14.76071428571428,502.04499999999996,496.75,472.672,496.75,520.0040319084674,473.4959680915327,0.093624688106562,0.2510121457489892,14.115,802157.85,False,True,False,54.16
2025-11-19,STARPAPER,EQ,169.96,171.89,167.13,169.24,168.99,6363,4.759999999999991,4.759999999999991,4.084285714285717,165.69699999999997,166.143,169.5136,166.143,170.29033215453092,161.9956678454691,0.049924849732229645,0.44327731092437345,4.084000000000003,6814.85,False,False,False,72.14
2025-11-19,STARTECK,EQ,305.05,308.0,298.0,300.5,298.0,302,10.0,10.0,10.700000000000001,300.415,300.12,309.058,300.12,303.81518605756224,296.42481394243777,0.024624723827550574,0.25,11.990000000000004,16635.95,False,False,False,24.5
2025-11-19,STCINDIA,EQ,125.99,126.79,122.76,124.93,125.52,47772,4.030000000000001,4.030000000000001,4.390714285714284,128.509,130.8805,130.0584,130.8805,137.38161521202318,124.37938478797685,0.09934429058604093,0.5384615384615388,4.306499999999999,74952.15,False,False,False,37.21
2025-11-19,STEELCAS,EQ,220.0,226.1,217.0,225.5,221.3,66755,9.099999999999994,9.099999999999994,10.03785714285714,217.29000000000002,220.74300000000002,219.46280000000002,220.74300000000002,232.78292541505166,208.70307458494838,0.10908545607382014,0.9340659340659346,9.778999999999996,134655.25,False,False,False,68.19
2025-11-19,STEELCITY,EQ,96.49,96.79,95.0,95.23,95.49,7970,1.7900000000000063,1.7900000000000063,2.422142857142859,96.845,98.3225,100.8014,98.3225,101.79449582373027,94.85050417626974,0.07062464489268006,0.12849162011173362,2.502500000000002,6137.1,False,False,False,86.94
2025-11-19,STEELXIND,EQ,8.73,9.1,8.63,9.0,8.74,1265357,0.46999999999999886,0.46999999999999886,0.2600000000000002,9.015,9.478,9.8604,9.478,10.444842282898327,8.511157717101673,0.20401820698424283,0.7872340425531917,0.27699999999999997,1437102.25,False,False,False,55.81
2025-11-19,STEL,EQ,479.65,492.0,464.55,485.9,470.5,13377,27.44999999999999,27.44999999999999,18.160714285714278,442.76000000000005,428.07250000000005,444.18300000000005,428.07250000000005,474.8665431572225,381.2784568427776,0.21862671933946917,0.7777777777777769,19.422499999999992,8301.5,False,False,False,63.74
2025-11-19,STERTOOLS,EQ,296.95,297.9,288.5,291.95,297.75,48380,9.399999999999977,9.399999999999977,10.239285714285712,299.35,307.21500000000003,317.373,307.21500000000003,325.06913397507844,289.3608660249216,0.11623217600103126,0.36702127659574435,8.652499999999998,62417.45,False,False,False,55.72
2025-11-19,STLNETWORK,EQ,24.49,24.5,23.84,23.93,24.49,685897,0.6600000000000001,0.6600000000000001,0.817142857142857,24.329,25.548000000000002,26.546999999999997,25.548000000000002,28.512041835062377,22.583958164937627,0.23203709371084816,0.13636363636363613,0.7834999999999995,1873202.15,False,False,False,56.15
2025-11-19,STLTECH,EQ,114.65,114.65,112.05,112.59,114.67,1273174,2.6000000000000085,2.6200000000000045,4.687857142857145,115.41000000000001,116.849,118.06620000000001,116.849,122.71201935865807,110.98598064134194,0.10035206734602888,0.20769230769230942,4.595000000000001,1372709.65,False,False,False,50.99
2025-11-19,STOVEKRAFT,EQ,631.15,633.1,614.0,616.15,631.15,61693,19.100000000000023,19.100000000000023,28.589285714285715,646.5049999999999,689.0274999999999,685.785,689.0274999999999,794.6269908841889,583.4280091158109,0.3065174927972802,0.11256544502617669,25.992500000000007,139937.95,False,False,False,56.83
2025-11-19,STUDDS,EQ,583.0,599.0,570.35,574.6,571.45,1917754,28.649999999999977,28.649999999999977,,,,,,,,,0.14834205933682384,,,False,False,False,19.85
2025-11-19,STUDIOLSD,SM,16.7,16.75,16.1,16.3,16.45,56000,0.6499999999999986,0.6499999999999986,0.710714285714286,17.225,18.1475,20.514,18.1475,20.222222873060574,16.072777126939428,0.22865109497843478,0.30769230769230727,0.6200000000000004,63200.0,False,False,False,85.71
2025-11-19,STYL,EQ,319.1,324.05,315.0,320.9,321.0,146457,9.050000000000011,9.050000000000011,12.446428571428564,344.03499999999997,362.47999999999996,,362.47999999999996,407.91633347883624,317.0436665211637,0.25069705075500043,0.6519337016574552,13.079999999999998,223839.3,False,False,False,50.25
2025-11-19,STYLAMIND,EQ,2024.7,2062.4,1994.0,2051.2,2024.5,210654,68.40000000000009,68.40000000000009,75.05714285714289,1990.2399999999998,1983.155,1864.4659999999997,1983.155,2114.212170349442,1852.0978296505575,0.13217037533570733,0.8362573099415167,81.94000000000003,84340.25,False,False,False,67.68
2025-11-19,STYLEBAAZA,EQ,297.0,299.7,292.45,296.75,297.05,161990,7.25,7.25,13.53571428571429,311.865,320.155,340.264,320.155,344.9848993151398,295.32510068486016,0.1551117384713018,0.5931034482758636,12.430000000000001,411425.55,False,False,True,44.56
2025-11-19,STYRENIX,EQ,2118.0,2118.1,2016.4,2051.1,2118.0,134789,101.69999999999982,101.69999999999982,71.12142857142862,2260.93,2358.86,2432.638,2358.86,2628.964782630746,2088.7552173692543,0.22901298307720325,0.34119960668633115,79.16500000000005,63548.95,False,False,False,59.77
2025-11-19,SUBAHOTELS,SM,166.0,172.85,163.25,166.15,165.85,109200,9.599999999999994,9.599999999999994,10.007142857142858,165.435,172.5125,,172.5125,191.92360184919946,153.10139815080052,0.22503994608158215,0.3020833333333341,10.117500000000001,215400.0,False,False,False,65.93
2025-11-19,SUBEXLTD,EQ,12.94,13.4,12.82,13.09,13.0,2204575,0.5800000000000001,0.5800000000000001,0.5314285714285715,12.929999999999998,13.011000000000001,12.880600000000001,13.011000000000001,13.571067853032089,12.450932146967913,0.08609143848006881,0.46551724137930955,0.527,1766569.1,False,False,False,47.62
2025-11-19,SUBROS,EQ,887.5,901.0,870.7,876.2,884.0,111439,30.299999999999955,30.299999999999955,40.107142857142854,932.9400000000002,1008.0600000000001,1028.126,1008.0600000000001,1188.2028810694435,827.9171189305566,0.3574050772165217,0.1815181518151818,39.92499999999998,205147.15,False,False,False,42.18
2025-11-19,SUDARSCHEM,EQ,1045.0,1046.0,1007.0,1036.9,1043.1,153037,39.0,39.0,49.70000000000004,1062.0,1130.085,1279.892,1130.085,1281.6862305359043,978.4837694640958,0.2683005801084065,0.766666666666669,46.00000000000003,131096.05,False,False,False,52.9
2025-11-19,SUKHJITS,EQ,154.22,155.0,153.0,154.39,154.22,8350,2.0,2.0,5.217142857142856,157.44,160.78050000000002,164.7696,160.78050000000002,169.67780627774474,151.8831937222553,0.11067643498738612,0.6949999999999932,4.946999999999998,8098.2,False,False,True,57.4
2025-11-19,SULA,EQ,245.0,247.9,245.0,245.2,246.8,139017,2.9000000000000057,2.9000000000000057,5.135714285714291,248.59,250.025,260.8906,250.025,255.9039880081529,244.1460119918471,0.047027201345088705,0.06896551724137526,4.930000000000002,332282.9,False,False,False,66.42
2025-11-19,SUMEETINDS,BE,33.47,33.9,32.55,33.04,33.98,118844,1.3500000000000014,1.4299999999999997,1.97,34.694,35.384,79.7786,35.384,39.011877616464226,31.756122383535775,0.2050575184526467,0.36296296296296404,2.1055,220736.5,False,False,True,
2025-11-19,SUMICHEM,EQ,458.0,460.3,452.7,458.1,456.15,127030,7.600000000000023,7.600000000000023,10.832142857142847,471.20500000000004,493.8125,527.798,493.8125,543.527084127799,444.09791587220104,0.20135004329699616,0.710526315789476,12.462499999999995,382937.6,False,False,True,51.73
2025-11-19,SUMIT,EQ,82.89,82.89,79.61,80.59,80.37,23184,3.280000000000001,3.280000000000001,3.980714285714286,83.52799999999999,85.151,89.669,85.151,89.68163306834727,80.62036693165273,0.10641408951973015,0.29878048780487915,4.078,70168.8,False,False,False,77.29
2025-11-19,SUMMITSEC,EQ,2172.7,2179.9,2100.2,2108.2,2172.7,9779,79.70000000000027,79.70000000000027,67.21428571428578,2196.9900000000002,2268.475,2219.548,2268.475,2443.177202332998,2093.7727976670017,0.15402612092528967,0.10037641154328698,78.48500000000004,17127.55,False,False,False,67.95
2025-11-19,SUNCLAY,EQ,1325.0,1331.5,1256.2,1263.7,1325.3,20171,75.29999999999995,75.29999999999995,65.97142857142856,1365.81,1442.8799999999999,1581.96,1442.8799999999999,1652.720068623708,1233.0399313762919,0.29086281412689624,0.09960159362549807,56.960000000000015,32343.55,False,False,False,56.81
2025-11-19,SUNDARAM,EQ,1.9,1.91,1.87,1.89,1.89,141273,0.039999999999999813,0.039999999999999813,0.097142857142857,1.8909999999999996,1.8765,1.9138,1.8765,1.9355846849868992,1.817415315013101,0.06297328535773954,0.4999999999999972,0.10699999999999987,1022796.9,False,False,True,81.35
2025-11-19,SUNDARMFIN,EQ,4648.0,4720.0,4604.9,4713.6,4653.1,49886,115.10000000000036,115.10000000000036,115.02142857142852,4753.56,4676.54,4567.438,4676.54,4870.944767431249,4482.135232568751,0.08314042750890561,0.9443961772371884,103.9099999999999,45730.35,False,False,False,55.8
2025-11-19,SUNDRMBRAK,EQ,750.35,755.95,732.15,739.25,753.65,1590,23.800000000000068,23.800000000000068,31.33928571428574,763.8,767.1375,767.41,767.1375,800.6084258162957,733.6665741837044,0.08726186848197533,0.29831932773109254,27.82000000000001,2604.95,False,False,False,58.36
2025-11-19,SUNDRMFAST,EQ,978.4,981.8,957.0,960.05,984.75,97788,24.799999999999955,27.75,28.17500000000001,957.845,964.845,993.495,964.845,990.8846601360265,938.8053398639736,0.05397687739694239,0.12298387096774033,25.672500000000007,191373.65,False,False,False,48.54
2025-11-19,SUNDROP,EQ,756.0,769.75,745.1,749.85,762.5,13926,24.649999999999977,24.649999999999977,25.021428571428576,771.1400000000001,769.0625,791.6659999999999,769.0625,793.3713435553863,744.7536564446137,0.06321682192380011,0.19269776876267766,24.097500000000007,12728.45,False,False,False,76.23
2025-11-19,SUNFLAG,EQ,254.0,254.0,247.55,248.65,253.25,105459,6.449999999999989,6.449999999999989,9.15714285714285,260.325,262.12749999999994,264.19,262.12749999999994,274.51747477801945,249.73752522198043,0.09453395601773572,0.17054263565891414,7.857499999999995,142382.9,False,False,False,64.08
2025-11-19,SUNLITE,ST,285.4,285.4,259.2,268.3,272.8,49800,26.19999999999999,26.19999999999999,18.682142857142853,247.33499999999998,214.85500000000002,190.19799999999998,214.85500000000002,284.0804497999109,145.6295502000891,0.6443922626879607,0.3473282442748102,13.177499999999998,59040.0,True,True,False,89.16
2025-11-19,SUNPHARMA,EQ,1762.0,1790.3,1751.1,1784.1,1758.8,2131124,39.200000000000045,39.200000000000045,28.314285714285706,1732.3200000000002,1713.045,1660.792,1713.045,1774.336613618825,1651.7533863811752,0.07155867314498432,0.8418367346938765,26.085,1691418.05,True,True,False,66.61
2025-11-19,SUNREST,SM,45.0,45.0,45.0,45.0,45.0,1600,0.0,0.0,2.435714285714286,46.085,45.7025,,45.7025,49.88657397162158,41.51842602837842,0.18310044184110624,0.5,1.2700000000000002,13520.0,False,False,True,100.0
2025-11-19,SUNTECH,SM,49.05,50.5,49.0,49.05,50.05,48000,1.5,1.5,2.432142857142857,52.614999999999995,52.81,56.135999999999996,52.81,57.624623557456026,47.99537644254398,0.182337570818255,0.03333333333333144,2.1975000000000002,34880.0,False,False,False,73.33
2025-11-19,SUNTECK,EQ,425.1,438.0,423.3,436.6,427.0,200836,14.699999999999989,14.699999999999989,12.671428571428578,442.965,440.50999999999993,438.15600000000006,440.50999999999993,457.01559299146635,424.0044070085335,0.07493856208243362,0.9047619047619062,13.057500000000005,278067.55,False,False,False,50.34
2025-11-19,SUNTV,EQ,562.6,562.6,553.95,559.95,559.05,113194,8.649999999999977,8.649999999999977,12.964285714285731,560.5649999999999,562.765,561.0279999999999,562.765,574.9107852772069,550.6192147227931,0.04316467895909259,0.6936416184971117,12.165000000000003,178023.8,False,False,True,45.85
2025-11-19,SUPERHOUSE,EQ,162.0,162.0,159.01,161.14,161.52,7860,2.990000000000009,2.990000000000009,6.154999999999999,159.04699999999997,160.996,162.62959999999998,160.996,167.31160416745732,154.6803958325427,0.07845665938852281,0.7123745819397956,5.808500000000002,7144.45,False,False,True,73.55
2025-11-19,SUPERSPIN,EQ,9.21,9.42,9.21,9.28,9.2,18755,0.20999999999999908,0.22000000000000064,0.40857142857142864,9.286,9.334,9.2652,9.334,9.589217554255201,9.078782445744798,0.0546855697997004,0.3333333333333277,0.4794999999999999,29238.55,False,False,False,68.49
2025-11-19,SUPRAJIT,EQ,470.2,479.0,461.0,465.5,470.1,217727,18.0,18.0,15.624999999999996,453.53000000000003,448.44000000000005,455.13399999999996,448.44000000000005,469.21191854403423,427.6680814559659,0.09264079272158673,0.25,13.672499999999994,152774.85,False,False,False,32.3
2025-11-19,SUPREME,EQ,84.0,85.0,83.0,83.76,83.62,13184,2.0,2.0,3.38357142857143,86.24300000000001,86.02850000000001,85.1006,86.02850000000001,89.38589348304573,82.67110651695428,0.07805305179203928,0.38000000000000256,3.733000000000002,67291.6,False,False,False,47.52
2025-11-19,SUPREMEENG,BZ,0.94,0.97,0.94,0.97,0.93,120980,0.030000000000000027,0.039999999999999925,0.052857142857142846,0.819,0.9109999999999999,,0.9109999999999999,1.2246176015468506,0.5973823984531492,0.6885128464255779,1.0,0.032000000000000015,135554.6,False,False,False,
2025-11-19,SUPREMEIND,EQ,3635.0,3636.3,3571.5,3591.0,3618.4,206982,64.80000000000018,64.80000000000018,87.20714285714287,3776.56,3889.94,4153.795999999999,3889.94,4255.8050866097965,3524.0749133902036,0.18810834440109434,0.3009259259259251,96.07000000000001,344706.65,False,False,False,54.66
2025-11-19,SUPREMEINF,BZ,86.9,86.9,82.0,83.33,83.37,1383,4.900000000000006,4.900000000000006,5.473571428571428,88.536,92.9515,100.53119999999998,92.9515,104.79980667226354,81.10319332773645,0.2549352441276052,0.27142857142857074,5.332499999999999,14486.55,False,False,False,
2025-11-19,SUPREMEPWR,SM,212.5,227.0,212.5,221.35,210.95,136000,14.5,16.05000000000001,15.410714285714288,203.215,207.71749999999997,208.51899999999998,207.71749999999997,223.67846096731017,191.75653903268977,0.15367950189377594,0.6103448275862065,13.125,113550.0,False,False,False,75.0
2025-11-19,SUPRIYA,EQ,806.8,806.8,749.6,766.05,802.65,480353,57.19999999999993,57.19999999999993,34.371428571428574,776.9849999999999,763.0550000000001,725.401,763.0550000000001,804.1826658710403,721.9273341289598,0.10779738255051134,0.2875874125874117,32.6075,449323.5,False,False,False,45.04
2025-11-19,SURAJEST,EQ,280.0,280.9,275.0,277.2,279.55,88812,5.899999999999977,5.899999999999977,12.353571428571415,283.96000000000004,283.13250000000005,285.614,283.13250000000005,300.82507683323746,265.43992316676264,0.12497736454301366,0.3728813559322029,10.699999999999992,709060.6,False,False,True,43.42
2025-11-19,SURAJLTD,EQ,280.1,283.35,280.0,283.35,279.4,142,3.3500000000000227,3.9500000000000455,8.882142857142854,280.36,292.3,305.341,292.3,329.8817641948851,254.71823580511492,0.2571451535743078,1.0,14.122499999999993,40999.95,False,False,False,88.73
2025-11-19,SURAKSHA,EQ,301.0,308.4,300.05,306.05,302.45,25223,8.349999999999966,8.349999999999966,9.489285714285712,312.565,313.4525,308.427,313.4525,330.26712086994576,296.6378791300542,0.10728656412021452,0.7185628742514999,8.514999999999992,43866.75,False,False,False,48.94
2025-11-19,SURANASOL,EQ,30.18,30.53,30.0,30.16,30.18,33169,0.5300000000000011,0.5300000000000011,0.8228571428571426,30.733999999999998,31.3435,32.5552,31.3435,32.69895232302715,29.988047676972844,0.08649017008484396,0.3018867924528298,0.9004999999999999,61707.65,False,False,False,79.04
2025-11-19,SURANAT&P,EQ,20.79,21.15,20.62,21.03,20.84,171455,0.5299999999999976,0.5299999999999976,0.7864285714285705,20.973000000000003,21.1365,22.198800000000002,21.1365,21.925049935007358,20.347950064992645,0.0746149963340531,0.7735849056603812,0.865499999999999,141156.4,False,False,False,68.52
2025-11-19,SURANI,SM,85.5,86.0,85.5,85.5,85.5,2600,0.5,0.5,4.196428571428571,83.49000000000001,85.0325,87.79799999999999,85.0325,91.19360988377886,78.87139011622114,0.14491188389801224,0.0,3.2700000000000005,2560.0,False,False,True,100.0
2025-11-19,SURYALAXMI,EQ,61.95,61.95,59.61,59.99,61.15,6568,2.3400000000000034,2.3400000000000034,2.5750000000000006,60.903000000000006,61.138999999999996,62.9934,61.138999999999996,62.706735947154414,59.57126405284558,0.0512843176091993,0.16239316239316326,2.477,8491.45,False,False,False,91.18
2025-11-19,SURYAROSNI,EQ,269.0,274.05,264.35,265.7,269.05,737773,9.699999999999989,9.699999999999989,11.814285714285708,284.16999999999996,282.3075,286.816,282.3075,306.69492042529345,257.92007957470656,0.1727720335116385,0.1391752577319554,11.399999999999995,759874.15,False,False,False,54.72
2025-11-19,SURYODAY,EQ,138.2,140.0,136.3,138.93,138.13,193007,3.6999999999999886,3.6999999999999886,7.14214285714286,140.373,146.001,140.2228,146.001,161.1734288101808,130.8285711898192,0.2078400669883193,0.7108108108108118,6.711000000000003,446946.15,False,False,False,49.5
2025-11-19,SUTLEJTEX,EQ,34.29,35.3,33.0,34.54,34.07,41296,2.299999999999997,2.299999999999997,1.6899999999999988,34.525,34.7595,35.5428,34.7595,36.21319150785152,33.305808492148486,0.08364283190791101,0.6695652173913048,1.5074999999999996,36300.75,False,False,False,49.72
2025-11-19,SUVEN,EQ,181.99,181.99,176.05,180.03,178.66,103636,5.939999999999998,5.939999999999998,6.515714285714283,185.7,190.2875,204.77540000000002,190.2875,202.96700137031974,177.60799862968025,0.13326678179407203,0.6700336700336685,7.848999999999997,140279.25,False,False,True,59.24
2025-11-19,SUVIDHAA,EQ,3.8,3.87,3.7,3.75,3.79,100258,0.16999999999999993,0.16999999999999993,0.12642857142857153,3.835,3.8930000000000007,3.9930000000000003,3.8930000000000007,4.042412181564965,3.7435878184350364,0.0767594048625556,0.2941176470588226,0.16000000000000006,107987.65,False,False,False,66.84
2025-11-19,SUYOG,EQ,679.55,689.4,671.0,675.8,679.55,17512,18.399999999999977,18.399999999999977,25.864285714285725,702.625,741.5925,771.526,741.5925,826.4344664729672,656.7505335270328,0.22881020634099514,0.26086956521738913,26.12250000000001,17866.8,False,False,True,73.26
2025-11-19,SUZLON,EQ,56.95,57.08,56.3,56.53,56.9,35976206,0.7800000000000011,0.7800000000000011,1.567142857142857,57.971999999999994,56.709500000000006,56.4702,56.709500000000006,61.07185475402933,52.34714524597068,0.1538491700342738,0.29487179487179954,1.3935000000000006,82342122.3,False,False,False,45.48
2025-11-19,SVLL,EQ,787.5,787.5,757.15,770.4,762.9,927,30.350000000000023,30.350000000000023,33.617857142857154,772.38,774.3399999999999,776.7360000000001,774.3399999999999,804.8372392193123,743.8427607806875,0.07876963406078055,0.43657331136738026,34.03500000000001,1871.85,False,False,False,74.87
2025-11-19,SVPGLOB,EQ,3.69,3.71,3.53,3.56,3.62,45281,0.18000000000000016,0.18000000000000016,0.27285714285714285,3.6119999999999997,3.5819999999999994,3.6152,3.5819999999999994,3.7445546062097272,3.4194453937902716,0.09076192418186928,0.1666666666666679,0.27749999999999997,106885.6,False,False,False,74.63
2025-11-19,SWANCORP,EQ,463.1,479.0,460.1,470.0,464.3,2876314,18.899999999999977,18.899999999999977,18.196428571428566,461.86,455.66,456.962,455.66,491.89547433110266,419.4245256688974,0.15904610600492752,0.5238095238095233,15.617499999999996,1276891.55,False,False,False,23.21
2025-11-19,SWARAJ,SM,225.3,234.0,225.3,232.2,227.35,44000,8.699999999999989,8.699999999999989,13.607142857142856,230.41,212.08249999999998,188.109,212.08249999999998,253.81687761606108,170.3481223839389,0.39356738642802774,0.7931034482758605,10.6675,47675.0,False,False,True,76.14
2025-11-19,SWARAJENG,EQ,3909.3,3909.3,3695.0,3781.8,3909.3,67857,214.30000000000018,214.30000000000018,91.79285714285717,3921.4199999999996,3974.4100000000008,4153.174,3974.4100000000008,4114.610283879899,3834.2097161201027,0.07055149513004347,0.405039664022399,92.22500000000007,13759.4,False,False,False,49.7
2025-11-19,SWASTIK,SM,27.45,27.5,27.05,27.5,27.7,6000,0.4499999999999993,0.6499999999999986,1.4928571428571424,29.285000000000004,29.665,30.851000000000003,29.665,31.873189303479098,27.4568106965209,0.1488750583838934,1.0,1.1224999999999996,11340.0,False,False,False,80.0
2025-11-19,SWELECTES,EQ,732.05,747.7,726.45,728.8,747.75,13982,21.25,21.299999999999955,29.02142857142857,770.145,795.4275,841.8560000000001,795.4275,857.298838073453,733.556161926547,0.15556751073718972,0.11058823529411337,29.202500000000004,25334.5,False,False,True,48.34
2025-11-19,SWIGGY,EQ,394.2,398.8,393.5,397.0,393.35,2144091,5.300000000000011,5.449999999999989,13.928571428571425,395.56000000000006,409.27750000000003,423.16600000000005,409.27750000000003,440.22286273821976,378.3321372617803,0.15121946717432413,0.6603773584905647,13.527499999999995,7359825.6,False,False,True,49.54
2025-11-19,SWSOLAR,EQ,228.7,229.39,227.0,228.25,229.39,604239,2.3899999999999864,2.3899999999999864,6.515714285714283,231.33,228.53400000000002,244.257,228.53400000000002,236.49532752749678,220.57267247250326,0.0696730248234115,0.5230125523012582,7.389499999999996,1971544.15,False,False,True,45.47
2025-11-19,SYLVANPLY,SM,72.0,73.0,72.0,73.0,72.0,8000,1.0,1.0,3.185714285714286,64.64000000000001,64.65,68.87100000000001,64.65,73.40368493835595,55.89631506164407,0.27080231827860607,1.0,2.84,11500.0,False,False,False,75.0
2025-11-19,SYMPHONY,EQ,871.95,878.0,865.0,868.1,872.45,42619,13.0,13.0,23.43928571428572,896.675,905.3774999999999,914.03,905.3774999999999,946.6632054560005,864.0917945439994,0.09120108563776001,0.23846153846154022,22.6575,69598.15,False,False,False,66.13
2025-11-19,SYNCOMF,EQ,16.35,16.35,16.05,16.1,16.36,1140408,0.3000000000000007,0.3099999999999987,0.4214285714285711,16.322,16.461,16.8412,16.461,16.92631279801867,15.995687201981326,0.056535179881984386,0.16666666666666863,0.38799999999999957,1112327.1,False,False,False,59.57
2025-11-19,SYNGENE,EQ,644.3,646.1,630.8,634.85,643.1,713649,15.300000000000068,15.300000000000068,17.189285714285706,645.2700000000001,648.8050000000001,645.245,648.8050000000001,671.659078410647,625.9509215893531,0.07044976043848901,0.26470588235294445,15.397499999999997,670818.2,False,False,False,64.57
2025-11-19,SYRMA,EQ,873.0,883.8,860.75,876.25,875.4,1127412,23.049999999999955,23.049999999999955,35.91785714285711,854.095,822.865,822.689,822.865,916.1127082828305,729.6172917171696,0.2266415712974314,0.6724511930585697,31.707499999999982,3290978.75,False,True,False,31.73
2025-11-19,SYSTANGO,SM,319.5,366.0,317.1,358.05,317.35,344400,48.89999999999998,48.89999999999998,17.05,297.46500000000003,265.20750000000004,244.93099999999998,265.20750000000004,342.7035661904846,187.71143380951546,0.5844183606457929,0.8374233128834357,13.139999999999997,80140.0,True,True,False,58.42
2025-11-19,SYSTMTXC,EQ,151.0,156.07,151.0,151.29,154.06,62979,5.069999999999993,5.069999999999993,6.352142857142856,157.94099999999997,160.7805,,160.7805,170.97699640808054,150.58400359191944,0.126837476038208,0.0571992110453634,6.495499999999998,167552.35,False,False,False,11.33
2025-11-19,TAC,ST,822.95,859.0,803.0,844.4,818.85,58000,56.0,56.0,44.91785714285714,810.375,802.555,981.86,802.555,861.3342556945053,743.7757443054946,0.1464803177215401,0.7392857142857139,42.4575,63540.0,False,False,False,87.93
2025-11-19,TAINWALCHM,EQ,193.7,201.0,193.7,198.19,195.3,16278,7.300000000000011,7.300000000000011,5.550714285714288,198.328,200.3505,206.3714,200.3505,205.7048271285945,194.99617287140552,0.05344960086043699,0.6150684931506852,5.918500000000003,4487.1,False,False,False,90.07
2025-11-19,TAJGVK,EQ,407.9,409.45,403.25,405.15,404.35,77286,6.199999999999989,6.199999999999989,8.271428571428572,407.125,411.0125,422.129,411.0125,421.7267836904765,400.29821630952347,0.05213604788407419,0.3064516129032227,8.767500000000002,173584.9,False,False,False,50.45
2025-11-19,TAKE,BE,29.65,30.77,29.5,29.51,29.37,2112439,1.2699999999999996,1.3999999999999986,1.4778571428571432,26.613,24.667499999999997,17.368399999999998,24.667499999999997,30.12367402581709,19.211325974182905,0.44237754339248747,0.00787401574803273,0.9225000000000001,2090006.55,True,True,False,
2025-11-19,TALBROAUTO,EQ,282.75,283.4,272.35,281.65,281.75,116504,11.049999999999955,11.049999999999955,9.93214285714285,284.41999999999996,290.525,292.627,290.525,305.8285126686652,275.22148733133474,0.10535074550324575,0.8416289592760174,10.574999999999992,125598.35,False,False,False,49.45
2025-11-19,TANKUP,ST,633.0,633.0,633.0,633.0,620.6,1250,0.0,12.399999999999977,14.90357142857144,588.9350000000001,538.375,459.0160000000001,538.375,655.5699337642204,421.1800662357796,0.43536543771245106,0.5,4.185000000000011,3512.5,True,True,True,100.0
2025-11-19,TANLA,EQ,608.85,615.0,605.05,610.0,607.75,184388,9.950000000000045,9.950000000000045,12.400000000000018,613.035,618.9150000000001,668.2289999999999,618.9150000000001,649.5898447428824,588.2401552571177,0.09912458008896964,0.49748743718593197,17.392500000000002,461172.15,False,False,False,48.57
2025-11-19,TARACHAND,EQ,79.89,81.21,78.6,79.04,80.99,75518,2.6099999999999994,2.6099999999999994,5.111428571428573,79.066,83.561,78.8048,83.561,93.91969856690505,73.20230143309496,0.24793141697454665,0.16858237547893182,5.082000000000001,328588.1,False,False,False,62.07
2025-11-19,TARAPUR,BE,37.8,37.9,36.0,36.15,37.48,26494,1.8999999999999986,1.8999999999999986,2.3228571428571434,36.682,36.129000000000005,30.757199999999997,36.129000000000005,39.06551426013896,33.19248573986105,0.16255718454089269,0.07894736842105195,2.311000000000001,76172.65,False,True,False,
2025-11-19,TARC,EQ,138.2,138.49,133.61,136.5,138.12,732987,4.8799999999999955,4.8799999999999955,6.219999999999997,144.876,145.72150000000002,153.7142,145.72150000000002,156.69911772881466,134.74388227118538,0.15066572508263548,0.5922131147540961,5.820999999999995,967065.6,False,False,False,65.73
2025-11-19,TARIL,EQ,306.0,308.55,300.5,303.3,307.9,2656907,8.050000000000011,8.050000000000011,26.360714285714273,326.78,398.2475,461.231,398.2475,555.8322818636042,240.66271813639582,0.791391191977874,0.3478260869565227,16.42999999999999,3964800.4,False,False,True,36.94
2025-11-19,TARMAT,EQ,53.49,53.49,51.1,51.26,51.68,10280,2.3900000000000006,2.3900000000000006,1.989285714285715,52.059000000000005,52.592499999999994,52.4362,52.592499999999994,54.91127446078741,50.27372553921258,0.08817890234491293,0.06694560669455922,2.077500000000001,59245.65,False,False,False,74.95
2025-11-19,TARSONS,EQ,231.55,231.55,221.85,223.75,230.35,128962,9.700000000000017,9.700000000000017,9.378571428571432,253.16500000000002,271.5375,293.008,271.5375,319.42217265211434,223.6528273478857,0.3526928888430829,0.19587628865979406,8.2225,88433.05,False,False,False,57.6
2025-11-19,TASTYBITE,EQ,8400.0,8460.0,8350.5,8378.5,8400.0,595,109.5,109.5,254.78571428571428,8612.85,8819.6,9015.26,8819.6,9345.85123277762,8293.34876722238,0.11933675739888891,0.2557077625570776,241.425,1371.9,False,False,True,51.93
2025-11-19,TATACAP,EQ,322.4,323.35,317.95,320.25,320.95,4399133,5.400000000000034,5.400000000000034,4.528571428571423,324.68500000000006,326.135,,326.135,331.74428694220575,320.52571305779423,0.03439855852457269,0.4259259259259253,4.892499999999996,4449454.7,False,False,False,77.66
2025-11-19,TATACHEM,EQ,826.0,829.0,817.0,819.4,826.7,259722,12.0,12.0,18.800000000000004,845.51,873.985,914.9020000000002,873.985,938.8283736013175,809.1416263986825,0.14838555261547387,0.1999999999999981,17.22750000000001,365648.45,False,False,True,61.73
2025-11-19,TATACOMM,EQ,1880.9,1911.9,1863.0,1875.5,1880.9,127977,48.90000000000009,48.90000000000009,47.42142857142863,1869.73,1886.985,1761.646,1886.985,1947.1410395970167,1826.828960402983,0.06375889537756457,0.2556237218813901,51.62000000000004,302026.9,False,False,False,44.17
2025-11-19,TATACONSUM,EQ,1154.1,1165.8,1149.0,1162.1,1154.1,1935207,16.799999999999955,16.799999999999955,24.907142857142876,1163.83,1166.4550000000002,1136.808,1166.4550000000002,1188.9082826107854,1144.001717389215,0.038498326314834616,0.7797619047619014,24.56500000000001,1444702.75,False,False,False,70.83
2025-11-19,TATAELXSI,EQ,5270.0,5385.0,5251.5,5347.5,5277.0,137005,133.5,133.5,114.85714285714286,5300.35,5390.15,5455.53,5390.15,5615.4038789899105,5164.896121010089,0.08357981836865797,0.7191011235955056,113.8,141105.5,False,False,False,36.73
2025-11-19,TATAGOLD,EQ,11.85,12.05,11.85,11.98,11.83,32077734,0.20000000000000107,0.22000000000000064,0.4414285714285714,11.973,11.966999999999999,11.514000000000001,11.966999999999999,12.601636904064103,11.332363095935895,0.1060644947044546,0.6500000000000005,0.6120000000000002,57012376.45,False,False,False,46.83
2025-11-19,TATAINVEST,EQ,762.0,772.95,756.0,762.35,767.5,371769,16.950000000000045,16.950000000000045,18.910714285714278,775.03,802.8149999999999,4797.556,802.8149999999999,872.6074286735109,733.022571326489,0.17386926919280515,0.3746312684365785,30.537499999999994,2183678.3,False,False,False,38.87
2025-11-19,TATAPOWER,EQ,386.95,389.75,384.2,389.1,386.25,3747191,5.550000000000011,5.550000000000011,7.4178571428571365,391.775,396.64750000000004,392.837,396.64750000000004,409.9716688296112,383.3233311703889,0.0671839294568157,0.8828828828828872,6.802499999999995,4858308.55,False,False,False,51.5
2025-11-19,TATASTEEL,EQ,172.45,173.9,172.06,173.21,172.45,19621610,1.8400000000000034,1.8400000000000034,3.942857142857138,176.743,177.1915,173.4222,177.1915,185.6787569773755,168.70424302262447,0.09579756339751651,0.6250000000000019,3.3664999999999994,26125510.45,False,False,True,46.01
2025-11-19,TATATECH,EQ,675.05,685.1,674.15,682.3,675.05,661254,10.950000000000045,10.950000000000045,12.757142857142867,682.9549999999999,687.3125,693.105,687.3125,702.1659465697359,672.4590534302641,0.0432218141521822,0.7442922374429172,11.915000000000003,560655.3,False,False,False,45.86
2025-11-19,TATSILV,EQ,14.92,15.39,14.92,15.28,14.92,22841585,0.47000000000000064,0.47000000000000064,0.6964285714285718,15.072,14.8325,14.2408,14.8325,16.16318215588842,13.501817844111578,0.179427898990517,0.7659574468085084,0.8455000000000004,36009187.35,False,False,False,45.66
2025-11-19,TATVA,EQ,1555.0,1556.1,1486.0,1533.4,1559.0,210227,70.09999999999991,73.0,77.35714285714289,1510.77,1440.23,1215.472,1440.23,1596.4462872430322,1284.0137127569678,0.2169324166876571,0.6761768901569208,72.82000000000004,284598.6,False,True,False,31.3
2025-11-19,TAURIAN,ST,309.3,309.3,309.3,309.3,325.55,8800,0.0,16.25,17.032142857142862,326.425,322.7425,,322.7425,352.0407128294542,293.4442871705458,0.18155782290497346,0.5,12.879999999999999,52280.0,False,False,True,100.0
2025-11-19,TBI,SM,88.2,91.3,88.2,90.7,89.6,28200,3.0999999999999943,3.0999999999999943,3.214285714285712,88.03999999999999,88.835,90.65799999999999,88.835,94.19541975968343,83.47458024031656,0.12068260842423456,0.8064516129032273,3.0474999999999994,34950.0,False,False,False,85.11
2025-11-19,TBOTEK,EQ,1612.0,1630.6,1586.7,1610.2,1621.4,84529,43.899999999999864,43.899999999999864,62.37857142857144,1596.52,1581.24,1571.0480000000002,1581.24,1651.0492085616108,1511.4307914383892,0.08829679057146396,0.5353075170842841,52.11999999999999,337233.1,False,False,False,52.99
2025-11-19,TBZ,EQ,188.28,190.91,183.15,184.6,187.34,286756,7.759999999999991,7.759999999999991,6.742142857142854,189.45,186.0465,186.2572,186.0465,194.68745197301791,177.4055480269821,0.09289023951558245,0.18685567010309154,5.7955,369495.25,False,False,False,48.11
2025-11-19,TCI,EQ,1128.5,1139.0,1111.3,1128.8,1118.6,11961,27.700000000000045,27.700000000000045,33.985714285714316,1132.58,1165.045,1177.674,1165.045,1238.1092860773974,1091.9807139226027,0.1254274059412252,0.631768953068591,31.40500000000003,20778.35,False,False,False,60.25
2025-11-19,TCIEXP,EQ,605.0,621.8,603.0,619.8,602.65,16621,18.799999999999955,19.149999999999977,19.753571428571433,628.335,650.9975,686.306,650.9975,709.7493295459792,592.2456704540207,0.180497865340433,0.8936170212765955,18.017500000000002,23404.05,False,False,False,57.6
2025-11-19,TCIFINANCE,EQ,11.47,11.47,11.1,11.21,11.31,6696,0.370000000000001,0.370000000000001,0.8978571428571429,11.586000000000002,11.784,12.239599999999998,11.784,12.482924888668258,11.085075111331744,0.11862268986222964,0.29729729729729976,0.9339999999999999,12837.1,False,False,True,75.13
2025-11-19,TCL,SM,108.0,108.9,106.0,106.05,105.0,10400,2.9000000000000057,3.9000000000000057,5.110714285714287,117.29,123.11499999999998,123.431,123.11499999999998,139.38721865634795,106.84278134365202,0.26434177242980905,0.017241379310343814,5.4300000000000015,18560.0,False,False,False,100.0
2025-11-19,TCPLPACK,EQ,3256.1,3281.6,3170.0,3222.8,3255.3,5493,111.59999999999991,111.59999999999991,100.64285714285721,3267.84,3341.1400000000003,3374.508,3341.1400000000003,3541.2225269732453,3141.0574730267554,0.11976901714579152,0.4731182795698945,96.21500000000007,4353.35,False,False,False,63.9
2025-11-19,TCS,EQ,3097.0,3155.0,3083.5,3147.7,3087.1,3151053,71.5,71.5,44.62857142857144,3075.38,3058.4,3042.8059999999996,3058.4,3152.229078648356,2964.5709213516443,0.06135827795471867,0.8979020979020954,42.790000000000035,2720514.85,False,False,False,56.75
2025-11-19,TDPOWERSYS,EQ,761.5,767.7,745.0,762.2,766.05,718478,22.700000000000045,22.700000000000045,38.95357142857143,787.6450000000001,727.1225000000001,638.298,727.1225000000001,862.2890878647529,591.9559121352472,0.37178491344925463,0.757709251101322,32.79,1832961.7,False,False,False,49.54
2025-11-19,TEAMGTY,EQ,269.2,275.0,255.0,264.8,250.2,8785,20.0,24.80000000000001,12.689285714285717,255.4,252.53000000000003,252.90400000000002,252.53000000000003,270.8883060220713,234.17169397792878,0.14539505026785923,0.49000000000000055,8.5375,2057.55,False,False,False,33.51
2025-11-19,TEAMLEASE,EQ,1695.0,1713.4,1680.0,1704.7,1692.9,5759,33.40000000000009,33.40000000000009,41.34285714285712,1696.81,1714.78,1782.234,1714.78,1770.0297457007655,1659.5302542992345,0.06443945660757125,0.7395209580838317,44.79,18695.4,False,False,False,60.91
2025-11-19,TECH,EQ,38.51,39.75,38.51,39.71,38.61,73059,1.240000000000002,1.240000000000002,0.8900000000000011,38.771,38.498,37.9026,38.498,39.69544060395497,37.300559396045024,0.062207938280169024,0.9677419354838717,0.8700000000000013,88718.5,False,False,False,83.66
2025-11-19,TECHD,ST,669.0,677.0,646.65,660.7,676.35,31800,30.350000000000023,30.350000000000023,44.98214285714287,733.615,698.045,,698.045,828.9791051827204,567.1108948172795,0.3751451702475356,0.4629324546952243,37.165000000000006,80340.0,False,False,True,90.57
2025-11-19,TECHERA,ST,256.1,260.0,244.1,248.9,255.9,45600,15.900000000000006,15.900000000000006,16.299999999999994,255.19500000000002,275.14,244.90400000000002,275.14,324.0828503460922,226.1971496539078,0.35576688483021157,0.3018867924528308,14.729999999999999,93280.0,False,False,False,96.49
2025-11-19,TECHLABS,SM,436.0,436.0,421.25,434.45,429.45,9625,14.75,14.75,20.17142857142857,437.03999999999996,444.82000000000005,492.861,444.82000000000005,469.52381347079705,420.11618652920305,0.11107330367697944,0.8949152542372873,20.287499999999994,21462.5,False,False,True,71.43
2025-11-19,TECHM,EQ,1427.5,1443.5,1417.8,1433.9,1422.0,5777445,25.700000000000045,25.700000000000045,24.62857142857146,1428.4,1438.1200000000001,1459.73,1438.1200000000001,1476.035463863711,1400.2045361362893,0.05272920738702025,0.6264591439688758,22.505000000000006,1882635.8,False,False,False,74.98
2025-11-19,TECHNOE,EQ,1205.6,1211.0,1179.4,1182.5,1205.6,200059,31.59999999999991,31.59999999999991,37.02857142857147,1250.1100000000001,1290.58,1355.856,1290.58,1388.042558964968,1193.1174410350318,0.15103683454720845,0.09810126582278221,35.17500000000003,148872.8,False,False,False,58.76
2025-11-19,TECILCHEM,BE,19.66,19.66,18.77,19.55,19.75,460,0.8900000000000006,0.9800000000000004,1.2799999999999994,19.939,19.75,19.6992,19.75,21.724477145980664,17.775522854019336,0.19994705275753563,0.8764044943820232,0.7854999999999999,808.9,False,False,False,
2025-11-19,TEGA,EQ,1920.9,1932.3,1908.7,1912.8,1918.7,32498,23.59999999999991,23.59999999999991,42.15000000000003,1934.4599999999998,1923.6,1956.7079999999999,1923.6,1964.6334985103726,1882.5665014896272,0.042663234051125744,0.17372881355931885,42.95500000000002,109157.8,False,False,True,46.98
2025-11-19,TEJASNET,EQ,514.7,515.8,507.35,511.6,514.4,364132,8.449999999999932,8.449999999999932,15.721428571428573,522.655,534.1475,570.42,534.1475,571.0801748963623,497.2148251036377,0.13828642798613613,0.5029585798816608,15.215000000000003,1228476.7,False,False,True,41.94
2025-11-19,TEMBO,EQ,775.0,804.85,760.15,802.25,766.55,164998,44.700000000000045,44.700000000000045,42.58214285714288,749.075,682.4775,626.954,682.4775,844.2377314383843,520.7172685616156,0.4740382838654297,0.9418344519015656,37.922500000000014,141722.25,False,False,False,66.96
2025-11-19,TENNIND,EQ,505.0,517.0,480.1,490.8,397.0,101572434,36.89999999999998,120.0,,,,,,,,,0.28997289972899715,,,False,False,False,44.58
2025-11-19,TERASOFT,BE,521.0,529.95,515.0,519.7,529.95,13614,14.950000000000045,14.950000000000045,33.00714285714286,541.53,515.7225,464.33,515.7225,582.428725159276,449.01627484072395,0.2586903815880674,0.3143812709030121,20.404999999999998,25440.4,False,True,False,
2025-11-19,TEXINFRA,EQ,97.2,97.25,95.92,96.37,97.11,53040,1.3299999999999983,1.3299999999999983,3.3035714285714284,99.429,98.5875,96.21859999999998,98.5875,106.16778462526308,91.00721537473693,0.15377780398657184,0.3383458646616567,3.2739999999999996,182756.05,False,False,False,65.77
2025-11-19,TEXMOPIPES,EQ,51.69,52.41,50.95,51.24,52.41,27667,1.4599999999999937,1.4599999999999937,1.6964285714285718,53.342000000000006,53.7995,55.408,53.7995,55.71687815779741,51.882121842202594,0.07127866087221658,0.19863013698630164,1.7285000000000004,25447.85,False,False,False,77.79
2025-11-19,TEXRAIL,EQ,133.0,133.76,132.0,132.18,133.27,504138,1.759999999999991,1.759999999999991,3.482142857142859,132.938,134.29450000000003,138.6082,134.29450000000003,138.01390573210185,130.5750942678982,0.0553917804839635,0.10227272727273168,2.9710000000000036,1052336.8,False,False,True,53.78
2025-11-19,TFCILTD,EQ,66.97,67.09,65.05,65.17,66.75,7056374,2.0400000000000063,2.0400000000000063,2.279999999999998,67.963,69.5085,134.2204,69.5085,73.87564678027414,65.14135321972586,0.12565792040611265,0.05882352941176675,2.2974999999999994,5689436.5,False,False,False,48.52
2025-11-19,TFL,EQ,12.48,13.14,12.22,13.14,11.95,271063,0.9199999999999999,1.1900000000000013,0.9114285714285717,12.822,13.243,14.1842,13.243,14.41449647886804,12.07150352113196,0.17692312600891638,1.0,0.9655000000000002,39130.8,False,False,False,69.9
2025-11-19,TGBHOTELS,EQ,11.13,11.18,10.7,10.73,10.92,19357,0.4800000000000004,0.4800000000000004,0.4992857142857143,11.312000000000001,11.545,11.7574,11.545,12.237863622944657,10.852136377055343,0.12002834524809991,0.06250000000000232,0.5215000000000001,21925.4,False,False,False,78.4
2025-11-19,TGL,SM,57.5,57.65,56.2,57.65,54.95,72400,1.4499999999999957,2.6999999999999957,2.514285714285714,48.64,47.6325,53.795,47.6325,55.814814770282126,39.450185229717874,0.3435601646053483,1.0,2.215,47550.0,False,False,False,70.17
2025-11-19,THANGAMAYL,EQ,3249.0,3249.0,3140.7,3183.6,3217.2,35592,108.30000000000018,108.30000000000018,170.96428571428575,3215.7200000000003,2623.12,2304.88,2623.12,3819.941021874196,1426.298978125804,0.9125171718214921,0.39612188365650985,130.54000000000002,247639.1,False,True,False,28.93
2025-11-19,THEINVEST,EQ,126.94,131.79,124.1,125.1,125.44,28689,7.689999999999998,7.689999999999998,5.0778571428571455,128.905,135.0015,142.83460000000002,135.0015,148.78077033626946,121.22222966373053,0.20413507014765708,0.1300390117035111,5.340000000000002,14220.2,False,False,False,31.39
2025-11-19,THEJO,EQ,1689.9,1691.9,1641.4,1659.5,1682.2,24535,50.5,50.5,64.95714285714291,1705.27,1752.83,1810.2459999999999,1752.83,1863.3191686999105,1642.3408313000893,0.12606946332492094,0.3584158415841566,61.275000000000055,5538.55,False,False,False,91.46
2025-11-19,THELEELA,EQ,430.0,430.5,422.0,426.8,430.8,244835,8.5,8.800000000000011,13.34999999999999,432.425,433.395,428.905,433.395,443.67084059821855,423.1191594017814,0.047420208346744035,0.5647058823529425,11.9225,386118.85,False,False,False,52.33
2025-11-19,THEMISMED,EQ,114.76,115.02,110.99,111.87,114.18,56227,4.030000000000001,4.030000000000001,5.035000000000002,117.902,121.8905,123.4918,121.8905,131.3260592839004,112.45494071609959,0.1548202572620575,0.21836228287841425,4.518000000000002,84989.3,False,False,False,48.49
2025-11-19,THERMAX,EQ,2940.0,2968.2,2895.0,2921.9,2943.4,157434,73.19999999999982,73.19999999999982,75.96428571428568,3080.3499999999995,3156.2599999999998,3210.722,3156.2599999999998,3390.7248579211946,2921.795142078805,0.1485713204369696,0.36748633879781634,76.425,121312.35,False,False,False,63.96
2025-11-19,THOMASCOOK,EQ,158.12,160.01,155.63,156.67,157.8,662848,4.3799999999999955,4.3799999999999955,4.827857142857143,154.788,159.446,163.6026,159.446,170.1355133659118,148.7564866340882,0.13408318008494172,0.23744292237442766,4.7299999999999995,668134.7,False,False,False,39.54
2025-11-19,THOMASCOTT,EQ,390.0,425.0,389.95,401.55,386.4,104513,35.05000000000001,38.60000000000002,28.992857142857137,414.515,393.08,363.134,393.08,459.4639619185236,326.6960380814764,0.3377631114201872,0.3309557774607709,27.69999999999999,71759.45,False,True,False,27.43
2025-11-19,THYROCARE,EQ,1591.9,1594.8,1557.7,1564.0,1591.9,207573,37.09999999999991,37.09999999999991,70.17857142857144,1458.56,1378.1150000000002,1287.96,1378.1150000000002,1603.515579191801,1152.7144208081995,0.32711432528025697,0.16981132075471617,57.480000000000004,773736.0,False,True,True,37.07
2025-11-19,TI,EQ,490.0,493.0,484.0,487.95,489.5,687984,9.0,9.0,24.61785714285714,496.48499999999996,494.5799999999999,475.478,494.5799999999999,523.2122091358663,465.9477908641336,0.11578393439227763,0.4388888888888876,21.459999999999997,1904363.3,False,False,True,33.42
2025-11-19,TICL,BE,31.15,31.15,30.11,30.92,31.44,374753,1.0399999999999991,1.3300000000000018,1.4835714285714297,31.805,31.0805,27.793599999999998,31.0805,33.665491102499004,28.495508897500994,0.16634166776589857,0.7788461538461566,1.4510000000000007,907308.9,False,False,False,
2025-11-19,TIGERLOGS,EQ,39.34,39.83,39.33,39.64,39.34,75606,0.5,0.5,1.3435714285714293,40.983999999999995,42.05650000000001,,42.05650000000001,45.08889360901573,39.02410639098429,0.144205704659956,0.6200000000000045,1.7215000000000003,215006.15,False,False,True,72.59
2025-11-19,TIIL,EQ,2440.9,2440.9,2405.0,2412.3,2438.5,4973,35.90000000000009,35.90000000000009,89.99285714285718,2434.32,2439.965,2403.95,2439.965,2552.5488047855833,2327.381195214417,0.09228313093473324,0.20334261838440568,83.86500000000005,9758.8,False,False,True,73.13
2025-11-19,TIINDIA,EQ,3025.0,3042.7,3002.2,3033.3,3031.7,365037,40.5,40.5,70.1642857142858,3024.29,3074.195,3146.6220000000003,3074.195,3204.7668878625896,2943.6231121374108,0.08494704328293383,0.7679012345679103,71.90000000000006,250782.45,False,False,True,78.3
2025-11-19,TIJARIA,EQ,6.15,6.4,6.12,6.37,6.28,22235,0.28000000000000025,0.28000000000000025,0.4557142857142858,6.1850000000000005,6.2865,6.3362,6.2865,6.678279274592326,5.894720725407675,0.12464146173302328,0.892857142857142,0.4915000000000001,69163.5,False,False,False,76.06
2025-11-19,TIL,EQ,281.45,283.45,275.0,277.95,280.7,15248,8.449999999999989,8.449999999999989,14.189285714285708,280.865,294.66499999999996,310.326,294.66499999999996,326.7439198695971,262.5860801304028,0.21773145687202178,0.3491124260355021,13.352499999999996,34615.1,False,False,False,80.56
2025-11-19,TIMETECHNO,EQ,205.5,208.36,204.49,206.52,205.56,1918749,3.8700000000000045,3.8700000000000045,6.942857142857144,207.79699999999997,211.567,283.1116,211.567,224.10234060165595,199.03165939834406,0.1184999607845831,0.5245478036175707,6.8370000000000015,1878400.25,False,False,False,37.73
2025-11-19,TIMKEN,EQ,3098.3,3099.0,3043.6,3084.0,3098.3,40866,55.40000000000009,55.40000000000009,75.1714285714286,3069.71,3039.43,3013.948,3039.43,3148.339854466894,2930.5201455331057,0.07166465716722814,0.7292418772563182,67.00500000000004,60500.95,False,False,False,66.93
2025-11-19,TINNARUBR,EQ,850.0,850.0,839.1,840.75,841.65,17600,10.899999999999977,10.899999999999977,31.271428571428576,895.8199999999999,936.3825,926.6640000000001,936.3825,1032.4848219022317,840.2801780977683,0.20526296017328755,0.15137614678898906,29.89500000000001,21507.1,False,False,True,60.24
2025-11-19,TIPSFILMS,EQ,414.75,418.0,405.1,406.5,412.6,1525,12.899999999999977,12.899999999999977,16.525000000000002,421.265,427.3675,437.84299999999996,427.3675,445.1756800024641,409.5593199975359,0.08333895302035882,0.10852713178294417,15.8625,2559.35,False,False,False,63.48
2025-11-19,TIPSMUSIC,EQ,490.1,497.0,485.25,495.2,490.1,183189,11.75,11.75,11.407142857142864,495.3,509.68500000000006,550.792,509.68500000000006,545.0089451364101,474.36105486359,0.1386108876518244,0.8468085106382969,12.427500000000009,235055.6,False,False,False,63.14
2025-11-19,TIRUMALCHM,EQ,252.0,258.1,250.1,255.8,253.95,118098,8.000000000000028,8.000000000000028,8.492857142857142,261.075,271.21750000000003,287.557,271.21750000000003,295.9279689352519,246.50703106474813,0.18221883864611893,0.7124999999999996,7.8424999999999985,260711.45,False,False,False,53.75
2025-11-19,TIRUPATI,ST,870.0,870.0,870.0,870.0,873.0,375,0.0,3.0,33.35357142857142,845.575,805.33,661.063,805.33,914.6076161892249,696.0523838107752,0.2713859317030904,0.5,25.497500000000002,5125.0,False,True,True,100.0
2025-11-19,TIRUPATIFL,EQ,35.0,35.45,33.51,34.06,35.35,333994,1.9400000000000048,1.9400000000000048,1.9600000000000009,35.672000000000004,38.1135,38.6446,38.1135,43.96238801397328,32.26461198602672,0.306919491202502,0.28350515463917675,2.0960000000000005,413410.55,False,False,False,78.12
2025-11-19,TITAGARH,EQ,869.6,881.2,857.45,871.7,869.7,909718,23.75,23.75,26.389285714285702,867.675,877.1450000000001,891.175,877.1450000000001,905.9808093349243,848.3091906650759,0.06574924176715181,0.6,24.417499999999997,822769.9,False,False,False,27.17
2025-11-19,TITAN,EQ,3882.9,3940.5,3862.4,3933.1,3879.2,1578123,78.09999999999991,78.09999999999991,63.42142857142861,3840.37,3786.72,3623.012,3786.72,3915.0121603216767,3658.427839678323,0.06775898947990709,0.905249679897566,62.55500000000004,922458.35,True,True,False,70.65
2025-11-19,TMB,EQ,508.15,508.15,499.15,502.85,508.15,101444,9.0,9.0,14.932142857142859,503.475,483.8125,450.913,483.8125,532.7295509638507,434.8954490361494,0.20221491161906996,0.41111111111111615,13.877499999999998,224008.4,False,False,False,63.27
2025-11-19,TMCV,BE,320.05,333.0,318.0,325.3,325.15,12999201,15.0,15.0,,,,,,,,,0.4866666666666674,,,False,False,False,
2025-11-19,TMPV,EQ,371.2,371.25,360.35,360.85,371.3,17854517,10.899999999999977,10.949999999999989,10.021428571428569,392.855,,,,,,,0.045871559633027616,,,False,False,False,55.38
2025-11-19,TNIDETF,EQ,96.93,99.0,96.93,98.49,96.83,86127,2.069999999999993,2.1700000000000017,1.8457142857142839,96.639,96.396,94.873,96.396,98.36283908848701,94.429160911513,0.040807483474148434,0.7536231884057938,1.9234999999999993,45850.45,True,True,False,81.45
2025-11-19,TNPETRO,EQ,109.0,109.9,107.45,108.76,108.41,217135,2.450000000000003,2.450000000000003,6.961428571428573,112.82000000000001,113.32350000000001,108.9976,113.32350000000001,123.65251210184209,102.99448789815793,0.18229250070536263,0.5346938775510207,6.079000000000001,737538.85,False,False,True,39.92
2025-11-19,TNPL,EQ,146.5,147.1,146.12,146.3,147.75,79428,0.9799999999999898,1.6299999999999955,3.617142857142856,148.517,151.86999999999998,155.5726,151.86999999999998,159.7194331005494,144.02056689945056,0.10337042339565972,0.183673469387764,3.359499999999997,147194.6,False,False,True,49.14
2025-11-19,TNTELE,EQ,10.54,11.26,10.37,10.52,10.88,109894,0.8900000000000006,0.8900000000000006,0.737142857142857,11.536,12.184000000000001,12.679200000000002,12.184000000000001,13.698746183358734,10.669253816641268,0.24864513843708685,0.16853932584269693,0.8234999999999999,49624.5,False,False,False,67.8
2025-11-19,TOKYOPLAST,EQ,122.0,123.46,120.15,121.31,122.34,4071,3.309999999999988,3.309999999999988,4.278571428571428,123.103,124.5815,124.9814,124.5815,128.526280222015,120.63671977798502,0.0633285073949983,0.3504531722054383,4.399999999999999,6697.8,False,False,False,55.56
2025-11-19,TOLINS,EQ,164.0,164.12,159.68,161.92,162.78,183627,4.439999999999998,4.439999999999998,10.121428571428567,176.14000000000001,177.969,176.49239999999998,177.969,200.06352683358418,155.8744731664158,0.24829635311300488,0.5045045045045005,9.568499999999995,682646.7,False,False,True,59.48
2025-11-19,TOP100CASE,EQ,11.22,11.22,10.95,11.11,11.07,409083,0.27000000000000135,0.27000000000000135,0.3671428571428573,11.031,11.0385,10.8452,11.0385,11.14882225523444,10.928177744765561,0.01998863165003213,0.5925925925925901,0.41200000000000025,704680.85,False,False,False,57.44
2025-11-19,TOP10ADD,EQ,100.06,100.64,99.8,100.56,100.06,558481,0.8400000000000034,0.8400000000000034,0.8400000000000004,99.351,99.3495,96.9454,99.3495,100.83714881608492,97.86185118391509,0.02994778667401272,0.9047619047619072,0.8540000000000006,259861.15,True,True,False,98.48
2025-11-19,TOP15IETF,EQ,10.98,11.05,10.93,11.01,10.98,32201,0.120000000000001,0.120000000000001,0.13357142857142876,10.892,10.914,10.6698,10.914,11.050146979400822,10.777853020599178,0.024949052483199907,0.6666666666666617,0.15950000000000006,176397.6,False,False,False,83.11
2025-11-19,TORNTPHARM,EQ,3783.5,3788.4,3721.6,3731.4,3790.8,116182,66.80000000000018,69.20000000000027,78.84285714285716,3759.5800000000004,3673.5800000000004,3611.3579999999997,3673.5800000000004,3898.8915141309903,3448.2684858690104,0.12266590853118209,0.14670658682634963,75.54499999999999,284745.9,False,False,False,59.26
2025-11-19,TORNTPOWER,EQ,1313.1,1317.7,1296.1,1300.8,1313.1,238155,21.600000000000136,21.600000000000136,35.192857142857164,1303.78,1308.6100000000001,1278.5439999999999,1308.6100000000001,1339.6740563996414,1277.545943600359,0.047476416043956915,0.21759259259259334,31.25,513011.9,False,False,False,59.3
2025-11-19,TOTAL,EQ,66.06,66.99,65.0,66.2,66.01,5604,1.9899999999999949,1.9899999999999949,3.0392857142857133,67.36,68.04100000000001,69.8252,68.04100000000001,70.1070000000006,65.97499999999943,0.060728090416089855,0.6030150753768874,2.8639999999999994,6481.6,False,False,False,68.9
2025-11-19,TOUCHWOOD,EQ,107.44,107.5,104.0,104.25,107.31,1086,3.5,3.5,4.607142857142856,103.46,103.522,104.06540000000001,103.522,107.53880768770411,99.5051923122959,0.07760297690740328,0.07142857142857142,4.8805000000000005,22175.6,False,False,False,57.64
2025-11-19,TPHQ,EQ,0.58,0.59,0.54,0.57,0.57,3136734,0.04999999999999993,0.04999999999999993,0.03642857142857142,0.605,0.632,0.6734,0.632,0.7128949936646272,0.5511050063353728,0.25599681539438973,0.5999999999999991,0.032,3222244.95,False,False,False,70.38
2025-11-19,TPLPLASTEH,EQ,68.57,71.07,68.38,70.47,69.06,76601,2.6899999999999977,2.6899999999999977,3.701428571428572,70.61,70.1855,72.0232,70.1855,73.96380901330218,66.40719098669783,0.10766637021328272,0.7769516728624555,3.3735,162820.8,False,False,True,18.95
2025-11-19,TRACXN,EQ,47.12,47.33,46.55,46.81,47.12,91569,0.7800000000000011,0.7800000000000011,1.8821428571428582,47.556,50.161500000000004,50.687200000000004,50.161500000000004,56.09884376636562,44.22415623363439,0.23672911561120039,0.3333333333333394,1.7350000000000005,254345.95,False,False,False,60.02
2025-11-19,TRANSRAILL,EQ,631.7,647.5,626.5,632.05,631.45,641368,21.0,21.0,28.000000000000007,652.45,693.8525,734.4,693.8525,785.6349627856554,602.0700372143446,0.26455900291677387,0.2642857142857121,22.67500000000002,1059793.8,False,False,False,32.87
2025-11-19,TRANSTEEL,SM,130.05,140.0,130.0,137.1,133.65,226000,10.0,10.0,5.4928571428571455,128.905,128.44,129.277,128.44,135.11484831288328,121.76515168711671,0.10393722069267027,0.7099999999999994,5.290000000000003,65700.0,True,True,False,64.6
2025-11-19,TRANSWORLD,EQ,222.1,229.25,222.1,223.94,225.41,7130,7.150000000000006,7.150000000000006,8.528571428571427,236.84900000000002,242.01949999999997,249.8962,242.01949999999997,256.70338024331534,227.3356197566846,0.12134460440844952,0.2573426573426576,7.9399999999999995,12788.25,False,False,True,49.45
2025-11-19,TRAVELFOOD,EQ,1299.9,1329.9,1281.2,1322.3,1300.5,74554,48.700000000000045,48.700000000000045,38.40000000000003,1289.77,1308.665,1318.7120000000002,1308.665,1359.3004924929141,1258.0295075070858,0.07738495717836755,0.8439425051334676,38.85000000000004,103426.25,False,False,False,66.64
2025-11-19,TREEHOUSE,EQ,7.99,8.2,7.51,8.08,7.99,43672,0.6899999999999995,0.6899999999999995,0.61,7.654000000000001,7.666500000000001,7.7012,7.666500000000001,8.199201605028554,7.133798394971448,0.13896865715216927,0.8260869565217401,0.5645,31276.25,False,True,False,78.91
2025-11-19,TREJHARA,BE,245.5,245.5,237.0,240.06,241.52,13879,8.5,8.5,13.209285714285715,245.921,231.1565,208.45260000000002,231.1565,264.2801225524925,198.03287744750745,0.2865904489165785,0.36000000000000026,13.579500000000001,25220.3,False,False,True,
2025-11-19,TREL,EQ,27.8,27.89,27.0,27.32,27.68,73135,0.8900000000000006,0.8900000000000006,1.16,28.232,28.7615,30.3448,28.7615,30.58013987639081,26.942860123609194,0.12646349296043724,0.3595505617977529,1.0589999999999997,97860.25,False,False,True,74.64
2025-11-19,TRENT,EQ,4380.0,4388.9,4330.9,4358.9,4374.0,593957,58.0,58.0,96.42142857142855,4417.02,4594.719999999999,4804.1179999999995,4594.719999999999,4998.914020737563,4190.525979262436,0.17593847752967048,0.4827586206896552,85.86999999999993,955336.05,False,False,False,60.21
2025-11-19,TRF,EQ,320.1,325.0,317.1,320.35,323.5,7522,7.899999999999977,7.899999999999977,11.482142857142849,318.64,326.5875,337.42699999999996,326.5875,346.44561861682644,306.7293813831735,0.12160978982249143,0.41139240506329233,10.709999999999994,17642.75,False,False,False,65.58
2025-11-19,TRIDENT,EQ,28.39,28.68,28.35,28.56,28.38,4084290,0.3299999999999983,0.3299999999999983,0.529285714285714,28.401999999999997,28.444499999999998,28.637600000000003,28.444499999999998,29.100044811587956,27.78895518841204,0.04609290453957416,0.6363636363636315,0.5114999999999998,4333880.9,False,False,True,44.19
2025-11-19,TRIGYN,BE,72.3,72.3,71.02,71.56,72.35,13618,1.2800000000000011,1.3299999999999983,3.150714285714286,72.999,75.05,78.253,75.05,79.840290179102,70.259709820898,0.12765596746441044,0.4218750000000045,2.7764999999999995,22465.45,False,False,True,
2025-11-19,TRITURBINE,EQ,540.2,548.55,534.0,546.7,540.15,637579,14.549999999999955,14.549999999999955,17.25,537.07,531.6925,527.3330000000001,531.6925,547.4838987664218,515.9011012335782,0.059400494708583704,0.8728522336769818,14.815000000000003,652303.65,False,False,False,69.08
2025-11-19,TRIVENI,EQ,365.25,365.95,363.35,364.45,363.7,78358,2.599999999999966,2.599999999999966,7.02499999999999,363.64,359.9375,354.38,359.9375,369.252105466686,350.622894533314,0.0517567937027177,0.4230769230769155,6.589999999999992,201092.15,False,False,True,55.1
2025-11-19,TROM,SM,85.0,91.8,85.0,90.0,85.0,7200,6.799999999999997,6.799999999999997,5.532142857142858,90.47999999999999,91.9225,94.945,91.9225,97.71935043795318,86.12564956204682,0.12612473416091124,0.7352941176470591,3.9925000000000006,6750.0,False,False,False,91.67
2025-11-19,TRU,EQ,9.25,9.39,8.8,8.85,9.16,184200,0.5899999999999999,0.5899999999999999,0.4792857142857147,9.709,9.862,10.683599999999998,9.862,10.696735886373553,9.027264113626448,0.16928328663020736,0.08474576271186263,0.4790000000000004,145540.5,False,False,False,77.47
2025-11-19,TRUALT,EQ,461.95,464.75,451.0,453.75,466.15,157638,13.75,15.149999999999977,25.174999999999994,458.3349999999999,457.985,,457.985,493.052094262285,422.91790573771505,0.1531364313778179,0.2,22.25,639132.0,False,False,True,63.72
2025-11-19,TRUST,ST,54.0,56.0,52.0,55.3,54.0,16200,4.0,4.0,3.060714285714286,57.73,60.3275,58.146,60.3275,66.79074028641992,53.864259713580076,0.21427177610276976,0.8249999999999993,2.7800000000000002,13680.0,False,False,False,85.19
2025-11-19,TSC,SM,58.5,58.5,58.5,58.5,59.0,2000,0.0,0.5,2.335714285714286,60.495000000000005,60.4125,63.163000000000004,60.4125,63.239136694023244,57.58586330597676,0.09357787524182058,0.5,1.8525000000000003,21000.0,False,False,True,100.0
2025-11-19,TSFINV,EQ,538.45,541.1,527.05,530.0,535.75,55558,14.050000000000068,14.050000000000068,28.771428571428594,546.545,608.8075,,608.8075,740.3485364677123,477.26646353228773,0.43212685936921696,0.2099644128113901,28.117500000000007,129265.75,False,False,True,52.24
2025-11-19,TTKHLTCARE,EQ,1133.0,1140.0,1125.0,1129.5,1125.9,2791,15.0,15.0,27.764285714285716,1136.91,1154.0800000000002,1157.442,1154.0800000000002,1196.3432038539524,1111.8167961460479,0.07324137642789458,0.3,30.05,3588.0,False,False,False,75.71
2025-11-19,TTKPRESTIG,EQ,663.4,664.0,656.5,660.95,659.9,33102,7.5,7.5,24.057142857142853,662.6800000000001,662.3975,657.835,662.3975,699.3302696632685,625.4647303367316,0.11151240656333533,0.5933333333333394,19.80999999999999,221426.4,False,False,True,72.77
2025-11-19,TTL,EQ,9.5,9.5,9.25,9.44,9.3,72811,0.25,0.25,0.49785714285714305,9.273,9.629000000000001,10.1916,9.629000000000001,10.401007771981723,8.85699222801828,0.1603505601789846,0.759999999999998,0.4800000000000001,123335.6,False,False,False,85.09
2025-11-19,TTML,EQ,52.54,52.68,51.7,51.92,52.49,951906,0.9799999999999969,0.9799999999999969,1.0271428571428582,53.852,54.50899999999999,55.940799999999996,54.50899999999999,56.47533567836248,52.54266432163751,0.07214719324744477,0.2244897959183669,1.1305000000000014,1059019.45,False,False,False,66.42
2025-11-19,TUNWAL,SM,33.0,34.4,32.3,32.45,33.1,228000,2.1000000000000014,2.1000000000000014,1.4785714285714282,32.865,31.805,31.182999999999996,31.805,34.91448548798668,28.695514512013315,0.1955343806311387,0.07142857142857409,1.3475,152000.0,False,True,False,57.89
2025-11-19,TVSELECT,EQ,636.0,663.95,615.55,624.0,636.0,383317,48.40000000000009,48.40000000000009,39.2,621.45,615.8950000000001,566.8710000000001,615.8950000000001,674.0454677539233,557.7445322460769,0.18883240732242726,0.17458677685950474,40.005,521185.85,False,False,False,19.52
2025-11-19,TVSHLTD,EQ,15390.0,15458.0,14831.0,14960.0,15387.0,4409,627.0,627.0,605.1428571428571,15153.5,15048.3,13856.76,15048.3,15891.394087276229,14205.20591272377,0.11205173837260414,0.20574162679425836,576.05,7266.1,False,True,False,57.41
2025-11-19,TVSINVIT,IV,108.0,108.25,108.0,108.12,104.6,75000,0.25,3.6500000000000057,0.875714285714284,104.088,103.63199999999999,,103.63199999999999,106.23261992609456,101.03138007390542,0.05018951532527726,0.4800000000000182,0.14699999999999988,160000.0,False,False,False,100.0
2025-11-19,TVSMOTOR,EQ,3475.0,3504.9,3441.2,3477.7,3479.9,652297,63.70000000000027,63.70000000000027,75.8071428571429,3460.95,3523.6,3506.856,3523.6,3682.919063517227,3364.2809364827726,0.09042971024930599,0.5729984301412848,73.83000000000001,1017651.25,False,False,False,68.18
2025-11-19,TVSSCS,EQ,120.8,121.0,115.64,116.59,120.81,712613,5.359999999999999,5.359999999999999,2.7392857142857188,123.798,125.67749999999998,127.531,125.67749999999998,132.28934051531806,119.0656594846819,0.10521916039574435,0.1772388059701498,3.026500000000003,463196.3,False,False,False,68.97
2025-11-19,TVSSRICHAK,EQ,4696.0,4697.0,4463.4,4555.6,4704.2,19068,233.60000000000036,240.80000000000018,169.13571428571439,4305.370000000001,4206.945,3695.822,4206.945,4563.652832686639,3850.23716731336,0.16958045930557195,0.3946917808219203,158.30500000000012,15133.9,False,True,False,34.05
2025-11-19,TVTODAY,EQ,142.7,142.7,139.1,139.79,141.22,17883,3.5999999999999943,3.5999999999999943,3.7521428571428594,142.27100000000002,144.839,147.5776,144.839,150.94413849146773,138.73386150853227,0.08430241152545553,0.19166666666666635,3.853,31084.25,False,False,False,56.3
2025-11-19,TVVISION,EQ,6.07,6.07,5.75,5.78,5.93,21629,0.3200000000000003,0.3200000000000003,0.41142857142857153,5.996,6.0445,6.4270000000000005,6.0445,6.4306333966390525,5.658366603360948,0.12776355253174038,0.0937500000000007,0.44350000000000006,44864.85,False,False,False,80.94
2025-11-19,UBL,EQ,1760.0,1760.0,1738.0,1748.0,1766.2,73922,22.0,28.200000000000045,30.342857142857156,1790.22,1800.9399999999998,1794.7220000000002,1800.9399999999998,1846.7430304674342,1755.1369695325654,0.050865692879756556,0.45454545454545453,28.065000000000033,145841.1,False,False,False,54.05
2025-11-19,UCAL,EQ,126.7,131.9,124.0,128.78,124.22,18018,7.900000000000006,7.900000000000006,4.1621428571428565,126.30499999999999,127.46599999999998,133.25979999999998,127.46599999999998,133.0061025261282,121.92589747387177,0.0869267495038396,0.6050632911392402,4.593500000000001,17512.15,False,False,False,72.96
2025-11-19,UCOBANK,EQ,31.5,31.98,31.11,31.85,31.55,11982894,0.870000000000001,0.870000000000001,0.9085714285714293,31.568,31.914000000000005,30.912000000000003,31.914000000000005,33.31556198578583,30.51243801421418,0.08783367711887093,0.8505747126436795,0.9445,13519714.45,False,False,False,26.04
2025-11-19,UDS,EQ,198.99,199.59,195.39,196.25,195.92,168794,4.200000000000017,4.200000000000017,8.990000000000004,201.85,217.3935,236.9542,217.3935,252.2263599313942,182.56064006860578,0.32045907473217194,0.20476190476190717,8.181999999999999,298742.5,False,False,True,52.49
2025-11-19,UFBL,EQ,189.5,189.73,183.3,184.46,189.54,57845,6.429999999999978,6.429999999999978,5.7935714285714255,192.772,201.6885,,201.6885,221.26802938658125,182.10897061341876,0.1941561307321066,0.18040435458786944,6.019499999999998,85912.5,False,False,False,66.75
2025-11-19,UFLEX,EQ,519.3,519.3,512.0,514.75,516.6,10875,7.2999999999999545,7.2999999999999545,10.410714285714286,526.4,537.0024999999999,545.6990000000001,537.0024999999999,561.3854751055958,512.6195248944041,0.09081140257483289,0.3767123287671256,10.117500000000001,18609.7,False,False,True,70.14
2025-11-19,UFO,EQ,77.76,78.99,76.32,77.48,78.17,159190,2.6700000000000017,2.6700000000000017,3.357857142857143,80.03,75.6255,74.62819999999999,75.6255,85.12656409829971,66.1244359017003,0.25126614960032545,0.4344569288389551,2.8725000000000014,174792.35,False,False,False,56.24
2025-11-19,UGARSUGAR,EQ,40.34,41.8,40.2,40.68,40.34,83598,1.5999999999999943,1.5999999999999943,1.0235714285714284,41.293,42.074,43.132799999999996,42.074,43.95170498215247,40.196295017847525,0.08925726016791714,0.2999999999999991,1.0284999999999997,101965.0,False,False,False,60.14
2025-11-19,UGROCAP,EQ,184.0,186.0,176.05,179.8,185.22,960673,9.949999999999989,9.949999999999989,6.499999999999998,175.30599999999998,177.1065,176.826,177.1065,184.65025841341662,169.5627415865834,0.0851889503029715,0.3768844221105532,5.9769999999999985,555288.05,False,False,False,55.93
2025-11-19,UHTL,SM,70.2,71.3,69.7,69.7,70.15,12000,1.5999999999999943,1.5999999999999943,3.6857142857142873,74.29,79.4425,77.487,79.4425,92.56074206972879,66.3242579302712,0.33025753393281415,0.0,3.807500000000001,65500.0,False,False,False,50.0
2025-11-19,UJJIVANSFB,EQ,52.97,54.35,52.08,54.11,52.97,11715444,2.270000000000003,2.270000000000003,1.5585714285714296,52.150999999999996,52.0025,48.7668,52.0025,54.56394392872439,49.441056071275604,0.09851233801161076,0.8942731277533033,1.7045000000000006,14177104.65,False,True,False,50.46
2025-11-19,ULTRACEMCO,EQ,11707.0,11754.0,11638.0,11666.0,11707.0,271396,116.0,116.0,155.35714285714286,11816.2,11961.4,12185.82,11961.4,12361.5916540859,11561.2083459141,0.0669138485605197,0.2413793103448276,171.5,247320.45,False,False,False,75.98
2025-11-19,UMA,SM,22.6,22.6,22.6,22.6,22.35,4000,0.0,0.25,0.6071428571428571,23.04,23.1825,23.813,23.1825,24.233820598105034,22.13117940189497,0.09069950161587685,0.5,0.2749999999999998,13400.0,False,False,True,100.0
2025-11-19,UMAEXPORTS,EQ,42.5,43.49,41.7,41.92,43.11,84866,1.7899999999999991,1.7899999999999991,2.059285714285714,43.818,46.171,47.1854,46.171,51.27627922840666,41.06572077159334,0.2211465737543765,0.12290502793296032,2.2965000000000004,47297.8,False,False,False,84.1
2025-11-19,UMESLTD,EQ,5.06,5.09,4.95,4.95,5.03,20394,0.13999999999999968,0.13999999999999968,0.25142857142857145,5.045,5.195500000000001,5.4694,5.195500000000001,5.670451576479136,4.7205484235208655,0.18283190317741713,0.0,0.2715,44423.5,False,False,False,98.9
2025-11-19,UMIYA-MRO,EQ,89.2,91.49,89.0,89.45,90.21,19511,2.489999999999995,2.489999999999995,4.770714285714286,91.498,95.459,90.7968,95.459,105.53417920436132,85.38382079563868,0.21108914202665688,0.18072289156626659,5.145000000000002,98901.4,False,False,False,63.25
2025-11-19,UNICHEMLAB,EQ,477.0,499.4,472.05,482.2,477.0,80435,27.349999999999966,27.349999999999966,17.428571428571423,473.3,470.9225,482.08,470.9225,482.4570340174541,459.38796598254595,0.048986973514555214,0.3711151736745883,15.304999999999998,29608.25,False,False,False,38.98
2025-11-19,UNIDT,EQ,198.0,207.0,196.1,202.1,199.63,29888,10.900000000000006,10.900000000000006,8.881428571428572,201.496,200.466,199.2662,200.466,207.85388034553895,193.07811965446106,0.07370706599162896,0.55045871559633,7.767500000000001,13977.3,False,True,False,60.38
2025-11-19,UNIECOM,EQ,132.01,132.66,128.7,128.98,132.87,294295,3.960000000000008,4.170000000000016,5.022142857142862,130.864,131.5695,138.19320000000002,131.5695,137.56328503117976,125.57571496882026,0.0911120743208684,0.07070707070707086,4.468500000000001,274704.05,False,False,False,56.13
2025-11-19,UNIENTER,EQ,152.8,153.0,150.15,152.59,152.8,14397,2.8499999999999943,2.8499999999999943,4.342142857142854,153.406,150.518,150.9728,150.518,157.5178017114769,143.5181982885231,0.09300949669111855,0.8561403508771939,4.559999999999997,6331.4,False,False,False,88.12
2025-11-19,UNIHEALTH,SM,230.8,265.65,225.5,265.65,221.4,670000,40.14999999999998,44.24999999999997,11.578571428571426,179.26999999999998,172.24,168.208,172.24,223.53859257328614,120.94140742671388,0.5956641032662114,1.0,7.804999999999998,95300.0,True,True,False,54.33
2025-11-19,UNIINFO,EQ,16.72,17.0,15.96,16.67,16.72,33007,1.0399999999999991,1.0399999999999991,1.114285714285714,16.257,16.562,17.316200000000002,16.562,17.539785252496735,15.584214747503268,0.11807574598439,0.682692307692309,1.0864999999999996,7822.55,False,False,False,72.39
2025-11-19,UNIMECH,EQ,981.6,985.5,968.0,970.0,981.6,18486,17.5,17.5,32.907142857142844,990.5,999.925,1013.928,999.925,1058.10165769017,941.7483423098299,0.11636204253353008,0.11428571428571428,31.509999999999998,46466.85,False,False,True,59.17
2025-11-19,UNIONBANK,EQ,153.3,154.99,152.01,154.48,153.11,9710597,2.980000000000018,2.980000000000018,4.2450000000000045,153.11700000000002,148.23049999999998,140.8384,148.23049999999998,159.2968661153972,137.16413388460276,0.14931294322554695,0.8288590604026791,3.950500000000001,14767526.65,False,True,False,39.77
2025-11-19,UNIONGOLD,EQ,119.9,120.85,119.25,120.85,119.2,2252,1.5999999999999943,1.6499999999999915,3.8999999999999986,120.81000000000002,120.6475,116.118,120.6475,126.83308606762532,114.46191393237467,0.10253981338403735,1.0,4.197499999999999,31008.45,False,False,True,69.09
2025-11-19,UNIPARTS,EQ,491.0,491.7,476.0,488.25,492.6,216886,15.699999999999989,16.600000000000023,21.66428571428571,491.19000000000005,495.2825000000001,456.922,495.2825000000001,535.0110196678659,455.55398033213436,0.1604277141545108,0.7802547770700643,19.497499999999995,364855.2,False,False,False,36.1
2025-11-19,UNITDSPR,EQ,1428.2,1428.5,1408.7,1411.7,1434.7,484493,19.799999999999955,26.0,31.857142857142858,1425.85,1398.605,1355.932,1398.605,1465.5950432900318,1331.6149567099683,0.09579551523129366,0.15151515151515185,26.11999999999997,1142064.5,False,False,False,59.13
2025-11-19,UNITECH,EQ,6.63,6.63,6.43,6.45,6.63,3804119,0.20000000000000018,0.20000000000000018,0.18499999999999991,6.781000000000001,6.914,7.0686,6.914,7.271625502446343,6.556374497553656,0.10344966804927502,0.10000000000000223,0.213,3678063.5,False,False,False,76.92
2025-11-19,UNITEDPOLY,BE,39.96,40.79,38.01,39.96,39.96,79650,2.780000000000001,2.780000000000001,2.508571428571429,42.905,42.645500000000006,41.900600000000004,42.645500000000006,45.93797308265423,39.35302691734578,0.154411278219471,0.701438848920864,2.4724999999999997,255140.2,False,False,False,
2025-11-19,UNITEDTEA,EQ,443.6,444.85,440.0,441.0,443.6,2804,4.850000000000023,4.850000000000023,12.446428571428571,432.08500000000004,443.03000000000003,462.17400000000004,443.03000000000003,475.1987643530173,410.8612356469828,0.14522160735398168,0.20618556701030832,12.504999999999999,7990.4,False,False,False,47.72
2025-11-19,UNIVASTU,EQ,68.7,68.73,66.35,67.77,68.7,22117,2.3800000000000097,2.3800000000000097,3.166428571428572,68.275,70.3055,163.6238,70.3055,75.34193713356316,65.26906286643683,0.1432729198587072,0.5966386554621832,3.2665000000000006,52362.7,False,False,False,72.63
2025-11-19,UNIVCABLES,EQ,906.0,924.7,885.0,918.35,899.55,250153,39.700000000000045,39.700000000000045,39.08928571428572,795.725,751.8174999999999,734.7610000000001,751.8174999999999,899.1324221056715,604.5025778943283,0.3918901119105943,0.8400503778337528,31.297500000000007,256866.25,True,True,False,39.63
2025-11-19,UNIVPHOTO,EQ,239.55,240.55,234.3,238.95,237.5,1958,6.25,6.25,13.003571428571423,254.29000000000002,264.665,261.82,264.665,295.69949854597314,233.6305014540269,0.23451909807472177,0.7439999999999963,13.944999999999993,6135.3,False,False,False,55.77
2025-11-19,UNOMINDA,EQ,1280.1,1310.9,1280.1,1305.1,1292.3,734535,30.800000000000182,30.800000000000182,33.10714285714289,1295.68,1254.6950000000002,1274.974,1254.6950000000002,1348.3605427571974,1161.029457242803,0.14930408227847766,0.8116883116883069,31.245000000000026,760268.55,False,False,False,58.72
2025-11-19,UPL,EQ,760.0,762.0,750.6,752.65,759.65,2359649,11.399999999999977,11.399999999999977,17.092857142857138,753.0550000000001,722.905,698.554,722.905,791.509437903097,654.3005620969029,0.1898020843765005,0.17982456140350514,14.64249999999999,2624558.65,False,True,True,70.26
2025-11-19,URAVIDEF,EQ,194.24,202.5,193.04,194.87,203.21,69083,9.460000000000008,10.170000000000016,13.311428571428575,216.1,227.4045,263.90319999999997,227.4045,254.00344093756604,200.80555906243399,0.23393504471165721,0.19344608879492717,13.326000000000004,19873.8,False,False,False,35.21
2025-11-19,URBAN,SM,162.0,166.4,159.05,161.35,161.6,28000,7.349999999999994,7.349999999999994,7.824999999999995,168.01000000000002,165.6275,166.366,165.6275,176.3384978526744,154.9165021473256,0.12933839915079814,0.3129251700680251,6.592499999999997,19760.0,False,False,False,60.0
2025-11-19,URBANCO,EQ,148.0,148.0,143.51,144.97,148.25,3976179,4.490000000000009,4.740000000000009,6.642142857142856,143.374,148.3145,,148.3145,160.96394026429695,135.66505973570307,0.17057590814515022,0.3251670378619165,6.394999999999999,6900776.0,False,False,False,46.84
2025-11-19,URJA,EQ,12.35,12.35,12.24,12.26,12.32,485334,0.10999999999999943,0.10999999999999943,0.2978571428571427,12.431000000000001,12.7105,13.132199999999997,12.7105,13.478679015594727,11.942320984405272,0.12087313883713895,0.18181818181817888,0.33449999999999996,900064.5,False,False,False,67.88
2025-11-19,USHAFIN,SM,43.5,43.5,43.1,43.1,43.65,12800,0.3999999999999986,0.5499999999999972,1.8749999999999996,43.45,43.675,44.398999999999994,43.675,47.913926750957145,39.43607324904285,0.19411227251091692,0.0,1.3700000000000003,30320.0,False,False,False,100.0
2025-11-19,USHAMART,EQ,452.45,459.7,447.35,448.9,452.45,215933,12.349999999999966,12.349999999999966,16.764285714285712,461.555,459.88500000000005,443.39799999999997,459.88500000000005,477.19318014696563,442.57681985303446,0.07527177510449604,0.1255060728744906,16.165,604725.0,False,False,False,46.65
2025-11-19,USK,EQ,27.37,27.44,26.0,26.16,27.37,50357,1.4400000000000013,1.4400000000000013,1.3328571428571419,25.619999999999997,27.151000000000003,29.593599999999995,27.151000000000003,30.609536684784533,23.692463315215473,0.2547631162597716,0.1111111111111111,1.347999999999999,63351.25,False,False,False,64.27
2025-11-19,UTIAMC,EQ,1175.5,1177.9,1145.0,1149.0,1174.6,81364,32.90000000000009,32.90000000000009,30.021428571428583,1179.1299999999999,1246.065,1304.3339999999998,1246.065,1396.5145832496692,1095.615416750331,0.2414795106991515,0.12158054711246168,33.13500000000001,207445.1,False,False,False,55.78
2025-11-19,UTIBANKETF,EQ,60.31,61.13,60.31,60.95,60.84,718010,0.8200000000000003,0.8200000000000003,0.7671428571428562,60.181000000000004,59.99300000000001,58.2658,59.99300000000001,60.85972025475349,59.12627974524653,0.02889404613049793,0.7804878048780493,0.8089999999999999,887136.75,True,True,False,84.38
2025-11-19,UTINEXT50,EQ,74.6,75.32,74.43,74.7,74.84,70643,0.8899999999999864,0.8899999999999864,1.0249999999999997,74.885,74.85549999999999,73.9448,74.85549999999999,75.61950196334855,74.09149803665143,0.02041271418529199,0.3033707865168541,1.2044999999999981,218218.05,False,False,False,72.16
2025-11-19,UTINIFTETF,EQ,285.23,286.74,284.47,286.37,285.23,28040,2.269999999999982,2.269999999999982,3.0728571428571416,284.024,284.188,278.8426,284.188,287.49748092606524,280.87851907393474,0.023290785860523657,0.8370044052863403,3.0870000000000006,199154.0,False,False,False,80.79
2025-11-19,UTISENSETF,EQ,929.05,936.22,929.05,934.52,933.71,2954,7.170000000000073,7.170000000000073,11.58785714285716,928.0470000000001,928.2050000000002,909.9574,928.2050000000002,938.6574379931241,917.7525620068762,0.02252183083074085,0.7629009762900937,12.996500000000015,15275.8,False,False,True,91.94
2025-11-19,UTISXN50,EQ,93.39,93.81,93.0,93.47,93.28,1437,0.8100000000000023,0.8100000000000023,2.0,93.189,92.866,91.4174,92.866,93.9472844214174,91.7847155785826,0.023286981703042955,0.5802469135802438,2.0215000000000005,4593.55,False,False,True,72.65
2025-11-19,UTKARSHBNK,EQ,16.8,16.9,16.62,16.79,16.78,12209471,0.2799999999999976,0.2799999999999976,1.0242857142857134,16.924,18.246000000000002,20.148400000000002,18.246000000000002,21.734606598629362,14.757393401370642,0.38239686491607583,0.6071428571428558,1.0474999999999994,24475874.85,False,False,True,54.03
2025-11-19,UTSSAV,SM,263.0,264.9,256.75,261.9,265.1,49800,8.149999999999977,8.350000000000023,15.617857142857137,257.02000000000004,237.425,206.48600000000002,237.425,288.0726899769375,186.7773100230625,0.4266415918874381,0.6319018404907966,13.504999999999995,162420.0,False,False,False,67.47
2025-11-19,UTTAMSUGAR,EQ,230.75,235.3,230.28,234.36,231.46,32902,5.02000000000001,5.02000000000001,6.212142857142861,238.26,244.3125,253.67879999999997,244.3125,257.97928729621583,230.6457127037842,0.1118795583215416,0.8127490039840646,6.261500000000003,31861.7,False,False,False,48.33
2025-11-19,UWCSL,SM,107.35,107.35,107.35,107.35,113.0,1000,0.0,5.650000000000006,4.875,108.63999999999999,111.50999999999999,,111.50999999999999,121.46633466693447,101.55366533306551,0.1785729471246432,0.5,0.954999999999999,2150.0,False,False,True,100.0
2025-11-19,UYFINCORP,BE,15.15,15.69,15.0,15.26,15.16,14723,0.6899999999999995,0.6899999999999995,0.8835714285714286,15.703999999999999,15.244499999999999,14.609200000000001,15.244499999999999,16.441855001659917,14.04714499834008,0.15708681841449945,0.3768115942028985,0.786,263909.0,False,False,False,
2025-11-19,V2RETAIL,EQ,2325.0,2351.8,2310.0,2318.9,2321.5,50894,41.80000000000018,41.80000000000018,96.2642857142857,2336.3399999999997,2304.085,2114.172,2304.085,2444.006338973007,2164.163661026993,0.1214550148740234,0.2129186602870826,101.48999999999997,132788.35,False,False,True,59.37
2025-11-19,VADILALIND,EQ,5102.5,5328.0,5097.5,5300.0,5097.5,13457,230.5,230.5,126.07142857142857,5228.2,5321.525,5410.21,5321.525,5579.071981151017,5063.978018848982,0.09679442684231211,0.8785249457700651,129.625,5344.3,False,False,False,49.99
2025-11-19,VAIBHAVGBL,EQ,256.2,256.2,248.55,251.4,256.3,393991,7.649999999999977,7.75,12.145714285714286,262.87,252.294,240.18259999999998,252.294,286.40226785399693,218.18573214600306,0.27038508925299004,0.3725490196078435,10.714499999999997,2031369.65,False,False,False,56.04
2025-11-19,VAISHALI,EQ,9.7,9.7,9.31,9.36,9.52,84345,0.3899999999999988,0.3899999999999988,0.4278571428571429,9.619,9.904,10.9462,9.904,10.535550473042372,9.272449526957628,0.12753442508933202,0.12820512820512586,0.544,382062.3,False,False,False,63.59
2025-11-19,VAKRANGEE,EQ,8.16,8.28,8.02,8.14,8.23,3133232,0.2599999999999998,0.2599999999999998,0.315,8.336,8.515,8.545200000000001,8.515,9.113113701565169,7.916886298434832,0.1404847214480724,0.4615384615384657,0.34199999999999997,4568904.65,False,False,False,67.97
2025-11-19,VAL30IETF,EQ,14.47,14.49,14.41,14.46,14.48,74808,0.08000000000000007,0.08000000000000007,0.1864285714285714,14.433000000000002,14.228500000000002,13.713600000000001,14.228500000000002,14.787115252208515,13.669884747791489,0.07852061035365825,0.6250000000000083,0.20099999999999998,130264.6,False,True,True,58.62
2025-11-19,VALIANTLAB,EQ,81.0,81.0,76.62,77.18,79.41,28806,4.3799999999999955,4.3799999999999955,3.320000000000001,80.51,82.31649999999999,83.8196,82.31649999999999,87.01668840047952,77.61631159952046,0.11419796518266771,0.12785388127853947,3.2215000000000016,29080.0,False,False,False,50.21
2025-11-19,VALIANTORG,EQ,282.1,286.0,276.0,278.5,282.1,14099,10.0,10.0,13.235714285714282,290.58000000000004,297.64,324.681,297.64,317.41123162577196,277.868768374228,0.13285332365120264,0.25,12.312499999999996,15683.2,False,False,False,75.23
2025-11-19,VARDHACRLC,EQ,40.39,40.44,39.76,40.01,39.89,10094,0.6799999999999997,0.6799999999999997,1.0585714285714307,40.254999999999995,40.5295,42.578799999999994,40.5295,41.885987744138596,39.1730122558614,0.06693829157224232,0.36764705882352955,1.3440000000000012,55127.6,False,False,False,58.77
2025-11-19,VARDMNPOLY,EQ,6.97,6.98,6.75,6.81,6.93,488808,0.23000000000000043,0.23000000000000043,0.4021428571428573,7.192,7.609,8.265,7.609,8.57446154765481,6.64353845234519,0.2537683132224497,0.26086956521738913,0.39349999999999996,439036.95,False,False,False,74.8
2025-11-19,VARROC,EQ,636.7,655.0,633.0,641.2,638.0,294823,22.0,22.0,21.510714285714283,641.51,627.7850000000001,619.491,627.7850000000001,659.249139905616,596.3208600943842,0.10023858456514846,0.3727272727272748,18.525,235195.7,False,True,False,42.46
2025-11-19,VASCONEQ,EQ,54.55,55.5,51.5,51.8,54.33,3661469,4.0,4.0,2.8757142857142854,58.74400000000001,62.30650000000001,62.8558,62.30650000000001,71.93326742214124,52.679732577858765,0.30901326256943457,0.07499999999999929,2.6305000000000005,2120859.45,False,False,False,46.32
2025-11-19,VASWANI,EQ,53.99,54.45,52.01,52.67,53.65,97456,2.440000000000005,2.440000000000005,3.961428571428572,61.42100000000001,61.129,58.5508,61.129,69.32441554773149,52.933584452268505,0.26813510928467643,0.2704918032786895,3.914500000000001,226425.55,False,True,False,54.75
2025-11-19,VBL,EQ,457.9,457.9,451.8,454.55,457.9,4612838,6.099999999999966,6.099999999999966,13.285714285714281,462.255,464.53499999999997,460.395,464.53499999999997,485.17813687403185,443.8918631259681,0.08887656204174878,0.45081967213115004,11.6725,7912853.05,False,False,False,68.3
2025-11-19,VCL,EQ,1.33,1.33,1.33,1.33,1.27,650732,0.0,0.06000000000000005,0.07857142857142858,1.0539999999999998,1.0095,1.0438,1.0095,1.2511174662560651,0.767882533743935,0.4786874021913126,0.5,0.07150000000000001,1799754.35,True,True,True,100.0
2025-11-19,VDEAL,SM,194.95,214.0,188.0,212.4,180.0,27600,26.0,34.0,12.128571428571423,190.685,202.74,203.743,202.74,240.68019768003336,164.79980231996666,0.3742744172835489,0.9384615384615387,7.877499999999998,11640.0,False,False,False,58.7
2025-11-19,VEDL,EQ,509.0,514.8,507.55,511.8,510.7,4009545,7.249999999999943,7.249999999999943,12.246428571428567,517.54,505.1125,477.737,505.1125,539.1243637389962,471.1006362610039,0.13467044960873525,0.5862068965517288,10.89499999999999,9807597.15,False,True,True,46.62
2025-11-19,VEEDOL,EQ,1712.6,1713.9,1697.1,1701.2,1710.9,7397,16.800000000000182,16.800000000000182,41.55714285714287,1736.83,1755.9,1799.5720000000001,1755.9,1816.1771598534626,1695.6228401465376,0.06865671149093061,0.24404761904762454,44.05500000000003,10541.0,False,False,False,69.61
2025-11-19,VELS,SM,65.9,66.0,65.9,66.0,65.0,2400,0.09999999999999432,1.0,1.9107142857142847,60.935,59.475,56.898,59.475,68.92817407012059,50.021825929879405,0.3178873163554634,1.0,0.44499999999999995,2700.0,False,False,False,100.0
2025-11-19,VENKEYS,EQ,1342.2,1359.0,1335.0,1353.8,1340.9,17878,24.0,24.0,42.79285714285715,1383.56,1427.78,1466.28,1427.78,1571.2723078077724,1284.2876921922275,0.2010005852551128,0.7833333333333314,36.27500000000001,36836.25,False,False,False,31.23
2025-11-19,VENTIVE,EQ,745.0,749.0,728.0,730.05,738.95,32840,21.0,21.0,19.496428571428574,734.115,740.4025,737.2080000000001,740.4025,767.2635400952761,713.541459904724,0.07255794002661,0.09761904761904545,21.1375,77987.45,False,False,False,52.33
2025-11-19,VENUSPIPES,EQ,1258.0,1285.4,1255.0,1265.5,1259.7,23786,30.40000000000009,30.40000000000009,28.34999999999999,1277.76,1287.27,1318.014,1287.27,1320.0802483989269,1254.459751601073,0.05097648263212362,0.34539473684210426,28.849999999999987,31707.35,False,False,False,54.58
2025-11-19,VENUSREM,EQ,558.0,665.85,554.05,644.85,554.9,784381,111.80000000000007,111.80000000000007,31.667857142857148,531.275,487.56749999999994,466.14099999999996,487.56749999999994,610.185864346455,364.94913565354483,0.5029800564904555,0.8121645796064402,23.297500000000007,125280.0,True,True,False,35.1
2025-11-19,VERANDA,EQ,217.4,223.45,215.45,219.57,217.4,189381,8.0,8.0,10.085714285714285,224.055,232.575,227.3942,232.575,256.6821694730012,208.4678305269988,0.20730662773729933,0.5150000000000006,10.3195,497334.3,False,False,False,52.31
2025-11-19,VERITAAS,SM,57.5,57.5,56.0,56.8,58.5,6000,1.5,2.5,1.682142857142858,58.55499999999999,61.7325,,61.7325,72.32359413611266,51.141405863887336,0.34312863195602517,0.5333333333333314,0.5449999999999996,2940.0,False,False,False,80.0
2025-11-19,VERTEXPLUS,ST,122.55,122.55,122.55,122.55,129.0,600,0.0,6.450000000000003,8.117857142857144,122.72999999999999,127.44500000000001,124.869,127.44500000000001,144.19447461862606,110.69552538137397,0.26285024314215616,0.5,3.2700000000000005,5460.0,False,False,True,100.0
2025-11-19,VERTIS,IV,109.0,110.0,109.0,110.0,109.0,175000,1.0,1.0,0.9964285714285717,108.49000000000001,106.44500000000001,,106.44500000000001,111.0807200088012,101.80927999119882,0.08710075642446684,1.0,0.5219999999999999,77500.0,False,False,False,100.0
2025-11-19,VERTOZ,EQ,71.27,71.31,70.0,70.25,70.9,170482,1.3100000000000023,1.3100000000000023,2.8192857142857144,69.97999999999999,69.3595,72.41460000000001,69.3595,71.24760460515306,67.47139539484694,0.054444008539653845,0.19083969465648823,2.7235,255237.05,False,False,True,20.61
2025-11-19,VESUVIUS,EQ,484.25,485.0,473.0,481.2,480.9,89293,12.0,12.0,11.814285714285697,488.06000000000006,488.5275,503.20300000000003,488.5275,499.23102628809653,477.8239737119034,0.04381954460330915,0.6833333333333323,12.567499999999987,66512.55,False,False,False,66.34
2025-11-19,VETO,EQ,116.12,117.76,114.56,115.26,116.72,32738,3.200000000000003,3.200000000000003,3.85357142857143,115.99600000000001,118.15949999999998,117.0038,118.15949999999998,124.37075583115015,111.94824416884981,0.1051334142603882,0.2187500000000007,4.0585,42481.75,False,False,False,56.93
2025-11-19,VGINFOTECH,SM,173.7,178.8,172.0,176.05,170.75,153000,6.800000000000011,8.050000000000011,5.471428571428569,161.74,159.29500000000002,170.312,159.29500000000002,170.74820479167283,147.8417952083272,0.14379867279792607,0.5955882352941183,5.034999999999998,54850.0,False,False,False,75.82
2025-11-19,VGL,BE,159.98,159.98,154.6,155.08,156.28,4212,5.3799999999999955,5.3799999999999955,7.192857142857142,151.973,141.387,,141.387,168.09654743158336,114.67745256841665,0.3778218284790448,0.08921933085502204,6.603999999999997,43340.4,False,False,True,
2025-11-19,VGUARD,EQ,351.0,351.9,346.6,348.4,349.4,110983,5.2999999999999545,5.2999999999999545,8.160714285714281,356.81000000000006,363.5425,364.751,363.5425,383.3563909606363,343.72860903936373,0.10900453707963324,0.3396226415094283,7.439999999999998,287539.85,False,False,False,54.28
2025-11-19,VHL,BE,3745.6,3824.9,3707.0,3777.9,3745.6,612,117.90000000000009,117.90000000000009,193.1428571428571,3811.65,3909.245,3896.6360000000004,3909.245,4263.146780018129,3555.3432199818712,0.18105888989722,0.6013570822731131,149.33999999999997,1384.15,False,False,False,
2025-11-19,VHLTD,BE,124.0,124.0,121.04,121.28,124.0,5914,2.9599999999999937,2.9599999999999937,4.590714285714283,124.25,126.4365,122.53479999999999,126.4365,132.1368272713071,120.73617272869289,0.0901690140316619,0.08108108108107952,5.372999999999998,29625.15,False,False,True,
2025-11-19,VIAZ,ST,78.85,78.85,78.85,78.85,83.0,4000,0.0,4.150000000000006,3.671428571428573,81.19000000000001,79.8575,80.169,79.8575,86.70806749474063,73.00693250525937,0.17156979606776146,0.5,1.7774999999999999,18700.0,False,False,True,50.0
2025-11-19,VIDHIING,EQ,373.5,377.7,370.1,373.85,370.55,9175,7.599999999999966,7.599999999999966,17.33928571428571,352.05,348.7625,359.98199999999997,348.7625,378.5302489071638,318.99475109283617,0.17070498638565684,0.49342105263158115,16.325000000000003,17745.55,False,False,True,57.43
2025-11-19,VIESL,ST,278.9,280.0,277.05,277.05,276.8,27200,2.9499999999999886,3.1999999999999886,12.73214285714286,260.175,245.5375,225.97299999999998,245.5375,286.7426801961834,204.33231980381657,0.33563248136177504,0.0,10.6225,78840.0,False,False,True,100.0
2025-11-19,VIJAYA,EQ,1026.0,1030.0,1000.05,1004.6,1025.0,470651,29.950000000000045,29.950000000000045,29.61428571428573,1027.4450000000002,1011.9975000000001,1023.1619999999999,1011.9975000000001,1050.3401847651521,973.6548152348481,0.07577624404240524,0.1519198664440755,27.245000000000015,115674.3,False,False,False,84.47
2025-11-19,VIJAYPD,SM,47.65,49.6,47.05,47.75,47.6,52000,2.5500000000000043,2.5500000000000043,3.1321428571428576,47.855000000000004,46.372499999999995,,46.372499999999995,53.50653637501239,39.2384636249876,0.30768392366218744,0.27450980392156926,3.1725000000000003,247400.0,False,False,False,53.85
2025-11-19,VIJIFIN,BE,2.77,3.0,2.77,2.87,2.86,79600,0.22999999999999998,0.22999999999999998,0.1492857142857143,2.959,2.9370000000000003,3.11,2.9370000000000003,3.136609619006676,2.7373903809933244,0.13592755805698048,0.4347826086956526,0.10149999999999997,92546.0,False,False,False,
2025-11-19,VIKASECO,EQ,1.69,1.69,1.6,1.6,1.66,5735732,0.08999999999999986,0.08999999999999986,0.0492857142857143,1.775,1.8504999999999998,1.9484000000000001,1.8504999999999998,2.047931000605271,1.6530689993947285,0.2133812489654378,0.0,0.04550000000000002,2853664.95,False,False,False,70.3
2025-11-19,VIKASLIFE,EQ,1.98,1.99,1.94,1.96,1.98,2706772,0.050000000000000044,0.050000000000000044,0.050714285714285746,1.9969999999999999,2.0484999999999998,2.1462,2.0484999999999998,2.1580947079014408,1.938905292098559,0.1069999588981605,0.4,0.047,3850513.9,False,False,False,64.48
2025-11-19,VIKRAMSOLR,EQ,310.0,310.0,295.05,300.05,310.35,1521114,14.949999999999989,15.300000000000011,7.150000000000001,314.93,323.275,331.914,323.275,342.883964786546,303.66603521345394,0.12131445231797101,0.33444816053511733,8.502499999999998,1538557.15,False,False,False,51.88
2025-11-19,VIKRAN,EQ,110.3,110.39,106.75,108.35,110.39,3571946,3.6400000000000006,3.6400000000000006,4.971428571428573,104.806,102.79249999999999,102.3644,102.79249999999999,112.0716117570595,93.51338824294048,0.18054063782979327,0.43956043956043794,4.311500000000001,7407591.5,False,False,True,34.28
2025-11-19,VILAS,SM,432.0,441.0,430.0,431.65,435.8,20000,11.0,11.0,22.16428571428571,416.45,434.62,488.02600000000007,434.62,484.12107473580505,385.11892526419496,0.22779013729605194,0.14999999999999794,19.34499999999999,40325.0,False,False,True,75.0
2025-11-19,VIMTALABS,EQ,621.75,630.0,616.55,625.3,620.65,147806,13.450000000000045,13.450000000000045,23.142857142857142,638.795,662.035,718.596,662.035,719.5670180421303,604.5029819578697,0.17380355432002928,0.6505576208178416,21.09249999999999,286642.25,False,False,False,35.27
2025-11-19,VINATIORGA,EQ,1660.0,1675.1,1650.5,1656.4,1666.8,32181,24.59999999999991,24.59999999999991,26.457142857142863,1658.0,1674.155,1696.7920000000001,1674.155,1716.6546223512685,1631.6553776487315,0.05077143078301412,0.23983739837398832,24.010000000000012,38799.45,False,False,False,73.04
2025-11-19,VINCOFE,EQ,166.99,167.8,162.55,163.73,166.18,2986476,5.25,5.25,7.360714285714288,167.10100000000003,159.317,151.963,159.317,180.15003828057712,138.4839617194229,0.26152938205686915,0.22476190476190064,6.409500000000003,3819417.25,False,True,True,20.46
2025-11-19,VINDHYATEL,EQ,1614.0,1617.7,1574.1,1577.9,1615.2,21105,43.600000000000136,43.600000000000136,58.40714285714291,1472.5800000000002,1437.9950000000001,1443.22,1437.9950000000001,1621.8188338736318,1254.1711661263685,0.2556668609746649,0.0871559633027562,47.13500000000005,47937.85,False,True,False,55.46
2025-11-19,VINEETLAB,EQ,40.81,42.6,40.81,41.74,41.17,65347,1.7899999999999991,1.7899999999999991,2.6371428571428566,43.949,44.0095,40.042,44.0095,47.93443808868387,40.084561911316136,0.17836776553625314,0.5195530726256984,2.7384999999999993,104165.85,False,False,False,14.72
2025-11-19,VINNY,EQ,1.27,1.35,1.25,1.31,1.27,1963761,0.10000000000000009,0.10000000000000009,0.04285714285714289,1.2369999999999999,1.2369999999999999,1.2702,1.2369999999999999,1.283086874487202,1.1909131255127978,0.07451394419919492,0.6,0.04550000000000004,465573.35,False,False,False,83.52
2025-11-19,VINSYS,SM,380.7,387.15,377.0,387.05,383.75,14250,10.149999999999977,10.149999999999977,17.078571428571426,393.195,391.27250000000004,400.83899999999994,391.27250000000004,405.455041203889,377.0899587961111,0.07249444417324981,0.9901477832512349,15.2125,14037.5,False,False,False,54.39
2025-11-19,VINYAS,SM,1245.0,1248.0,1211.0,1214.0,1246.45,13100,37.0,37.0,53.63571428571431,1231.215,1215.58,1219.3090000000002,1215.58,1286.4388766492912,1144.7211233507087,0.11658447267854231,0.08108108108108109,45.8575,11020.0,False,False,True,74.81
2025-11-19,VINYLINDIA,EQ,268.7,270.65,264.6,265.55,266.5,4941,6.0499999999999545,6.0499999999999545,7.567857142857138,266.905,273.2925,283.55199999999996,273.2925,287.7388239268675,258.84617607313254,0.10572060284762647,0.15702479338842906,7.709999999999996,10654.7,False,False,False,57.86
2025-11-19,VIPCLOTHNG,EQ,33.02,34.0,32.83,33.66,33.23,108130,1.1700000000000017,1.1700000000000017,1.2685714285714293,34.213,33.997499999999995,34.6682,33.997499999999995,35.38432190637433,32.61067809362566,0.08158375800422601,0.7094017094017069,1.3295000000000001,137961.05,False,False,False,48.24
2025-11-19,VIPIND,EQ,390.85,392.5,387.05,388.25,390.9,123943,5.449999999999989,5.449999999999989,9.421428571428562,394.31,409.01750000000004,422.836,409.01750000000004,442.393663275607,375.64133672439306,0.16320163941937438,0.22018348623853048,10.284999999999993,248921.6,False,False,True,53.12
2025-11-19,VIPULLTD,EQ,9.84,9.84,9.0,9.07,9.63,310235,0.8399999999999999,0.8399999999999999,0.7157142857142859,9.344999999999999,8.736999999999998,9.295399999999999,8.736999999999998,10.112137811275673,7.361862188724324,0.31478489442043606,0.08333333333333369,0.6420000000000001,576331.2,False,False,False,57.52
2025-11-19,VIRINCHI,BE,26.22,26.5,25.65,25.98,26.23,83647,0.8500000000000014,0.8500000000000014,1.1678571428571425,27.020999999999997,27.4185,28.3886,27.4185,28.745455538064487,26.091544461935516,0.09679271572584096,0.38823529411764857,1.1724999999999999,171460.85,False,False,False,
2025-11-19,VISAKAIND,EQ,72.9,73.85,71.81,72.0,73.05,35179,2.039999999999992,2.039999999999992,3.1007142857142864,76.465,78.4185,80.7102,78.4185,84.23222952587263,72.60477047412736,0.14827443845196303,0.09313725490196004,2.7479999999999998,84984.9,False,False,False,70.35
2025-11-19,VISAMAN,ST,112.3,112.3,112.3,112.3,112.0,100000,0.0,0.29999999999999716,5.385714285714286,113.86000000000001,117.535,107.56299999999999,117.535,125.89790021463942,109.17209978536057,0.14230484901755944,0.5,3.1225,9950.0,False,False,True,100.0
2025-11-19,VISASTEEL,BE,54.15,55.6,53.31,53.31,56.12,64836,2.289999999999999,2.809999999999995,4.325000000000001,62.581,62.798500000000004,50.994400000000006,62.798500000000004,70.17119360546073,55.42580639453927,0.23480476780371276,0.0,4.2935,71263.35,False,False,False,
2025-11-19,VISHNU,EQ,484.0,485.2,477.95,482.0,482.85,46432,7.25,7.25,16.7142857142857,499.7299999999999,493.28249999999997,487.50300000000004,493.28249999999997,520.2945024248485,466.2704975751514,0.10951940287704727,0.558620689655174,16.064999999999994,104950.85,False,False,True,55.49
2025-11-19,VISHNUINFR,SM,164.9,170.0,161.0,161.2,159.1,36500,9.0,10.900000000000006,7.639285714285715,162.175,161.8375,166.12400000000002,161.8375,170.84271376758997,152.83228623241004,0.11128710920015403,0.02222222222222096,6.455,15325.0,False,False,False,73.97
2025-11-19,VISHWARAJ,EQ,7.42,7.46,7.3,7.38,7.37,220097,0.16000000000000014,0.16000000000000014,0.23142857142857137,7.585000000000001,7.799000000000001,8.248,7.799000000000001,8.30728732032193,7.290712679678073,0.1303467932611689,0.5,0.22299999999999995,325306.55,False,False,True,60.77
2025-11-19,VISHWAS,SM,45.7,45.7,42.9,42.9,44.1,6400,2.8000000000000043,2.8000000000000043,1.971428571428572,48.275,51.63250000000001,56.676,51.63250000000001,60.57399176591921,42.691008234080805,0.34635130066989595,0.0,0.8850000000000005,4960.0,False,False,False,100.0
2025-11-19,VITAL,SM,57.1,58.1,57.1,58.1,58.25,3600,1.0,1.1499999999999986,2.471428571428571,59.614999999999995,59.207499999999996,58.53,59.207499999999996,63.22113613198811,55.19386386801188,0.13557863892203234,1.0,1.5350000000000001,7200.0,False,False,False,100.0
2025-11-19,VIVIANA,SM,942.0,1059.95,942.0,995.8,1500.05,11200,117.95000000000005,558.05,106.78571428571432,1456.335,1570.175,1543.589,1570.175,1890.0959160089426,1250.2540839910573,0.4074971465078003,0.4561254768969897,79.54750000000004,12935.0,False,False,False,62.5
2025-11-19,VIVIDHA,EQ,0.78,0.8,0.77,0.78,0.78,572279,0.030000000000000027,0.030000000000000027,0.040714285714285744,0.78,0.778,0.7852,0.778,0.8087245829914738,0.7472754170085263,0.07898350383412271,0.3333333333333333,0.03700000000000002,376328.1,False,False,False,85.21
2025-11-19,VLEGOV,EQ,24.63,24.63,24.0,24.63,23.46,960091,0.629999999999999,1.1699999999999982,1.2735714285714288,21.383000000000003,23.025,27.912799999999997,23.025,27.302370687701206,18.74762931229879,0.37154142781335137,1.0,1.2355,662352.55,False,False,False,72.38
2025-11-19,VLINFRA,SM,25.55,26.5,25.0,26.5,25.8,16500,1.5,1.5,1.9392857142857147,26.955000000000002,29.577499999999997,32.986,29.577499999999997,35.15553504829412,23.999464951705875,0.37718096852635435,1.0,1.4125,28650.0,False,False,False,90.91
2025-11-19,VLSFINANCE,EQ,253.95,269.59,252.79,255.88,258.5,157972,16.799999999999983,16.799999999999983,10.976428571428576,223.071,220.17600000000002,220.706,220.17600000000002,251.58251932322338,188.76948067677665,0.2852855835624533,0.18392857142857183,8.560500000000005,93356.4,False,True,False,40.0
2025-11-19,VMARCIND,SM,760.0,768.0,724.0,729.55,756.25,25250,44.0,44.0,46.800000000000004,723.3599999999999,653.6125,541.4780000000001,653.6125,824.4518803401301,482.77311965986985,0.5227543241297561,0.1261363636363626,42.095000000000006,55725.0,False,False,False,65.35
2025-11-19,VMART,EQ,831.0,843.45,811.7,822.8,832.25,105388,31.75,31.75,34.15357142857146,822.3149999999999,835.53,798.3510000000001,835.53,885.4519931493097,785.6080068506902,0.11949778739078129,0.34960629921259556,29.600000000000016,174019.25,False,False,False,47.62
2025-11-19,VMM,EQ,135.0,138.93,134.61,137.25,134.1,17237086,4.319999999999993,4.8300000000000125,3.4364285714285763,138.352,142.76799999999997,146.5866,142.76799999999997,152.4301210921827,133.10587890781724,0.1353541562840795,0.6111111111111089,3.1415000000000033,8123513.15,False,False,False,36.42
2025-11-19,VMSTMT,EQ,64.03,64.03,62.8,63.09,64.03,134953,1.230000000000004,1.230000000000004,2.5750000000000006,66.384,68.6265,,68.6265,74.05176414103516,63.20123585896482,0.15810988877576948,0.23577235772358154,2.470000000000001,330422.6,False,False,True,51.94
2025-11-19,VOLERCAR,ST,207.0,211.0,203.2,208.05,209.5,5600,7.800000000000011,7.800000000000011,8.742857142857144,221.225,225.81750000000002,221.075,225.81750000000002,247.30622436884207,204.32877563115798,0.1903193894967577,0.6217948717948738,6.1325,13880.0,False,False,False,71.43
2025-11-19,VOLTAMP,EQ,8670.5,8670.5,8351.0,8513.5,8670.5,41801,319.5,319.5,313.75,8091.85,7656.825,7433.84,7656.825,8775.38135866058,6538.26864133942,0.29217237135773105,0.5086071987480438,246.375,66129.05,False,True,False,46.55
2025-11-19,VOLTAS,EQ,1390.0,1404.5,1383.6,1401.8,1384.2,709008,20.90000000000009,20.90000000000009,43.50714285714287,1348.1599999999999,1388.43,1389.9359999999997,1388.43,1484.5717932015002,1292.2882067985,0.13848993928610034,0.870813397129185,38.87500000000002,1144162.45,False,False,True,41.11
2025-11-19,VPRPL,EQ,87.75,88.61,86.96,87.33,87.93,353940,1.6500000000000057,1.6500000000000057,2.625714285714285,89.104,90.757,98.6876,90.757,94.8721724143679,86.64182758563211,0.09068550997428056,0.2242424242424262,2.5789999999999997,690023.55,False,False,True,50.12
2025-11-19,VRAJ,EQ,136.28,137.89,135.27,136.58,136.28,15734,2.619999999999976,2.619999999999976,3.787142857142854,139.728,142.85750000000002,147.755,142.85750000000002,150.40366955812715,135.31133044187288,0.1056461096985056,0.5000000000000054,3.6014999999999957,20602.35,False,False,False,71.37
2025-11-19,VRLLOG,EQ,271.7,277.0,270.05,275.6,271.7,120981,6.949999999999989,6.949999999999989,8.367857142857137,273.8,272.46750000000003,273.31100000000004,272.46750000000003,279.7455680815726,265.18943191842743,0.05342338503911548,0.7985611510791396,7.092499999999992,279163.3,False,False,False,55.83
2025-11-19,VSSL,EQ,276.75,280.0,274.0,277.65,276.05,62368,6.0,6.0,11.507142857142851,285.24,290.09000000000003,283.00899999999996,290.09000000000003,310.80732608229164,269.3726739177084,0.1428337831865394,0.6083333333333295,11.982499999999996,315965.15,False,False,False,61.84
2025-11-19,VSTIND,EQ,254.3,254.3,251.8,253.25,252.8,89804,2.5,2.5,5.18214285714285,254.75500000000002,256.125,260.721,256.125,261.6793226409701,250.57067735902987,0.043371967913871066,0.5799999999999954,4.762499999999994,565633.9,False,False,False,53.65
2025-11-19,VSTL,EQ,138.7,138.7,136.42,137.94,137.4,5682,2.280000000000001,2.280000000000001,4.721428571428571,140.137,142.89950000000002,151.1172,142.89950000000002,150.25410801130786,135.54489198869217,0.10293399222961375,0.6666666666666708,5.162499999999996,18466.9,False,False,False,81.01
2025-11-19,VSTTILLERS,EQ,5601.0,5601.0,5330.0,5353.5,5567.0,32780,271.0,271.0,216.35714285714286,5768.6,5736.8,5483.24,5736.8,6202.595706291913,5271.004293708087,0.1623886857801956,0.08671586715867159,197.725,33327.85,False,False,False,55.45
2025-11-19,VTL,EQ,457.85,468.95,454.4,460.65,455.55,405957,14.550000000000011,14.550000000000011,11.614285714285712,447.725,438.3475,424.369,438.3475,470.0397147380075,406.65528526199256,0.1445985878236215,0.42955326460481064,12.629999999999999,983214.65,True,True,False,33.53
2025-11-19,WAAREEENER,EQ,3098.1,3199.0,3075.1,3174.4,3281.9,2440637,123.90000000000009,206.80000000000018,80.30714285714296,3317.16,3411.6949999999997,3420.53,3411.6949999999997,3627.73531545061,3195.6546845493895,0.1266469103777508,0.8014527845036329,81.37500000000009,1151677.95,False,False,False,28.53
2025-11-19,WAAREERTL,EQ,1100.0,1124.4,1090.6,1106.9,1127.1,430788,33.80000000000018,36.5,36.41428571428571,1162.84,1213.225,1137.85,1213.225,1328.7210064244625,1097.7289935755373,0.1903950321242352,0.48224852071006197,43.37500000000002,1114055.6,False,False,False,35.7
2025-11-19,WABAG,EQ,1396.0,1411.8,1396.0,1403.6,1400.1,98689,15.799999999999955,15.799999999999955,28.000000000000018,1395.2,1404.2350000000001,1448.4279999999999,1404.2350000000001,1439.627557127174,1368.8424428728263,0.05040831075592597,0.4810126582278437,28.880000000000017,158340.95,False,False,False,52.72
2025-11-19,WALCHANNAG,EQ,160.0,162.98,157.51,158.43,159.77,115495,5.469999999999999,5.469999999999999,7.834999999999998,165.215,168.292,185.075,168.292,178.42820362857898,158.15579637142102,0.12045972035009368,0.1681901279707525,7.751499999999998,275002.2,False,False,False,57.65
2025-11-19,WALPAR,SM,40.4,40.4,40.05,40.05,42.15,4000,0.3500000000000014,2.1000000000000014,1.8571428571428572,44.435,43.722500000000004,43.580999999999996,43.722500000000004,48.03834001093645,39.406659989063556,0.19741963569953444,0.0,0.8424999999999997,6100.0,False,False,False,100.0
2025-11-19,WANBURY,EQ,235.9,235.9,222.75,228.6,233.2,77443,13.150000000000006,13.150000000000006,12.403571428571428,244.16,244.57750000000001,250.982,244.57750000000001,267.69077486532376,221.46422513467627,0.18900573327737624,0.4448669201520906,12.645,104234.25,False,False,False,53.99
2025-11-19,WCIL,EQ,120.99,122.0,118.2,119.25,120.47,193866,3.799999999999997,3.799999999999997,4.552142857142856,125.53,126.87250000000002,130.99720000000002,126.87250000000002,133.96092965684213,119.78407034315791,0.11174099441316453,0.2763157894736837,4.3265,251166.25,False,False,False,51.78
2025-11-19,WEALTH,EQ,1040.0,1070.0,1019.4,1061.0,1035.2,7581,50.60000000000002,50.60000000000002,60.39285714285718,1099.1,1138.86,1177.9540000000002,1138.86,1258.7175888294107,1019.0024111705891,0.21048695858913444,0.8221343873517787,49.195000000000036,8176.35,False,False,False,79.96
2025-11-19,WEBELSOLAR,EQ,117.7,119.0,112.2,115.7,118.4,3749892,6.799999999999997,6.799999999999997,137.85714285714283,826.3399999999999,1018.6699999999998,1157.806,1018.6699999999998,1918.8236826564666,118.51631734353305,1.7673116566826685,0.5147058823529413,46.55500000000002,1028566.35,False,False,False,36.19
2025-11-19,WEIZMANIND,EQ,108.3,108.3,104.18,107.95,106.32,2806,4.11999999999999,4.11999999999999,3.835714285714286,107.27799999999999,107.7895,108.9982,107.7895,111.00515840847642,104.57384159152359,0.05966552230924932,0.9150485436893215,4.281499999999999,3139.3,False,False,False,68.21
2025-11-19,WEL,EQ,177.0,180.0,168.37,170.26,176.68,697415,11.629999999999995,11.629999999999995,7.544999999999997,157.676,152.2825,146.2034,152.2825,170.6929403803926,133.8720596196074,0.2417932511009814,0.16251074806534713,7.285999999999997,370501.45,True,True,False,42.32
2025-11-19,WELCORP,EQ,908.5,910.0,891.65,896.75,903.2,344055,18.350000000000023,18.350000000000023,29.378571428571433,911.96,893.4350000000001,877.6729999999999,893.4350000000001,967.1290642114408,819.7409357885593,0.16496793658506934,0.2779291553133524,26.272499999999997,1216284.65,False,False,False,55.65
2025-11-19,WELENT,EQ,547.0,547.0,530.3,535.9,542.2,176152,16.700000000000045,16.700000000000045,17.207142857142873,553.045,553.875,532.264,553.875,570.6784371483932,537.0715628516068,0.060675918387337165,0.3353293413173657,16.31500000000001,207542.85,False,False,False,57.78
2025-11-19,WELINV,EQ,1220.0,1220.0,1140.0,1155.7,1211.7,1500,80.0,80.0,92.8928571428572,1149.95,1165.2050000000002,1081.604,1165.2050000000002,1299.4404271420174,1030.969572857983,0.2304065415819829,0.19625000000000056,83.03500000000005,2533.6,False,False,False,29.07
2025-11-19,WELSPUNLIV,EQ,141.8,142.1,135.9,136.62,140.92,2395281,6.199999999999989,6.199999999999989,4.37928571428571,135.339,131.432,124.6508,131.432,142.7532094760233,120.11079052397666,0.17227478051042852,0.11612903225806455,4.153499999999996,3948636.0,False,True,False,44.74
2025-11-19,WENDT,EQ,8205.0,8520.0,8150.0,8484.0,8187.0,18356,370.0,370.0,147.96428571428572,8343.4,8583.925,9006.78,8583.925,9140.852219212733,8026.997780787266,0.12976050448081355,0.9027027027027027,197.65,9201.6,False,False,False,53.55
2025-11-19,WESTLIFE,EQ,548.6,569.95,531.2,561.85,543.1,459553,38.75,38.75,21.139285714285695,560.455,576.8625,649.375,576.8625,616.1590376973683,537.5659623026316,0.13624230279267005,0.7909677419354832,19.12499999999999,242150.1,False,False,False,33.68
2025-11-19,WEWIN,BE,48.35,48.73,47.02,47.22,48.35,2822,1.7099999999999937,1.7099999999999937,2.618571428571427,50.745,53.791999999999994,53.861799999999995,53.791999999999994,63.50186632245774,44.08213367754225,0.36101525589149847,0.11695906432748332,2.549499999999999,7719.6,False,False,False,
2025-11-19,WEWORK,EQ,639.95,646.0,632.35,635.35,636.1,235323,13.649999999999977,13.649999999999977,20.535714285714285,625.005,634.025,,634.025,655.7802637308766,612.2697362691233,0.06862588614290183,0.21978021978022014,20.565000000000005,309940.15,False,False,False,45.07
2025-11-19,WHEELS,EQ,899.85,900.95,870.0,872.65,893.05,21332,30.950000000000045,30.950000000000045,24.457142857142873,895.0649999999999,914.0325,869.821,914.0325,963.3995363197922,864.6654636802078,0.10802030851155116,0.0856219709208392,25.090000000000014,64638.7,False,False,False,60.85
2025-11-19,WHIRLPOOL,EQ,1203.0,1216.4,1198.0,1202.1,1206.9,78970,18.40000000000009,18.40000000000009,40.24285714285713,1259.15,1325.2450000000001,1289.644,1325.2450000000001,1481.4491033391892,1169.040896660811,0.23573618966936533,0.2228260869565157,48.754999999999995,1094208.75,False,False,True,43.42
2025-11-19,WHITEFORCE,SM,69.0,69.0,62.3,63.6,68.0,8000,6.700000000000003,6.700000000000003,4.621428571428571,69.485,72.005,77.091,72.005,80.46974453247128,63.54025546752871,0.2351154651057923,0.19402985074626922,3.7649999999999997,37280.0,False,False,False,80.0
2025-11-19,WILLAMAGOR,EQ,33.75,33.75,32.42,32.99,32.99,1090,1.3299999999999983,1.3299999999999983,1.5307142857142846,33.031,33.3725,33.4678,33.3725,34.37680821962176,32.36819178037825,0.060187772544565456,0.4285714285714293,1.5079999999999987,3612.9,False,False,False,71.74
2025-11-19,WINDLAS,EQ,811.6,824.15,794.5,814.5,807.55,70251,29.649999999999977,29.649999999999977,26.399999999999984,849.425,895.0600000000001,927.3760000000001,895.0600000000001,1004.9974986071632,785.122501392837,0.24565391952978144,0.6745362563237779,24.012499999999996,39874.15,False,False,False,64.89
2025-11-19,WINDMACHIN,EQ,294.25,306.35,288.05,290.7,292.75,122447,18.30000000000001,18.30000000000001,13.41071428571429,294.69,290.825,295.435,290.825,305.7973244688352,275.8526755311648,0.10296449389725926,0.14480874316939757,12.370000000000001,72968.95,False,False,False,27.59
2025-11-19,WINNY,SM,75.0,75.0,75.0,75.0,78.0,500,0.0,3.0,3.1750000000000007,68.08500000000001,72.05,,72.05,84.28000408830675,59.81999591169325,0.33948658121600983,0.5,1.6724999999999994,1750.0,False,False,True,100.0
2025-11-19,WINSOL,SM,182.9,182.9,177.15,178.05,179.5,8800,5.75,5.75,8.185714285714287,181.22000000000003,184.015,188.43,184.015,193.30047790907835,174.72952209092162,0.10092088046168375,0.15652173913043577,7.817499999999998,10660.0,False,False,False,63.64
2025-11-19,WINSOME,BZ,1.85,1.86,1.85,1.86,1.85,633,0.010000000000000009,0.010000000000000009,0.04214285714285707,1.884,1.891,1.9626,1.891,1.9369999999999952,1.8450000000000049,0.04865150713907473,1.0,0.04199999999999994,8704.45,False,False,True,
2025-11-19,WIPL,EQ,171.0,171.0,164.11,166.14,164.44,1063,6.889999999999986,6.889999999999986,10.733571428571423,165.439,164.7455,165.71959999999999,164.7455,175.1072073400092,154.38379265999077,0.12579047488409964,0.2946298984034799,8.915,15588.05,False,False,True,45.91
2025-11-19,WIPRO,EQ,241.2,246.85,240.54,246.07,240.9,13298452,6.310000000000002,6.310000000000002,3.5035714285714312,242.544,242.369,245.35,242.369,246.507424337837,238.230575662163,0.03414978266888088,0.8763866877971472,3.4679999999999978,9292651.3,False,False,False,50.27
2025-11-19,WOCKPHARMA,EQ,1344.4,1352.5,1325.1,1330.6,1344.4,189463,27.40000000000009,27.40000000000009,36.06428571428575,1350.77,1336.19,1414.1860000000001,1336.19,1390.592680081047,1281.787319918953,0.08142955729506587,0.2007299270072986,37.110000000000035,328816.7,False,False,False,54.85
2025-11-19,WOL3D,SM,177.0,183.8,166.5,178.4,168.0,125000,17.30000000000001,17.30000000000001,7.296428571428572,142.425,131.94,132.214,131.94,163.66370722346284,100.21629277653714,0.48088081284618533,0.6878612716763004,5.08,22900.0,True,True,False,72.8
2025-11-19,WOMANCART,SM,332.0,338.0,325.25,331.0,332.95,8400,12.75,12.75,28.535714285714285,327.59000000000003,294.815,263.844,294.815,368.28428678026023,221.34571321973974,0.49840942136770683,0.45098039215686275,23.452500000000004,61040.0,False,False,True,61.9
2025-11-19,WONDERLA,EQ,566.65,574.0,560.0,571.75,558.65,258942,14.0,15.350000000000023,18.61785714285715,550.525,563.1575,593.0790000000001,563.1575,598.2536148134694,528.0613851865306,0.12464049511360284,0.8392857142857143,17.55,122626.95,False,False,False,47.66
2025-11-19,WORTHPERI,EQ,147.84,151.6,145.56,148.37,147.84,67778,6.039999999999992,6.039999999999992,6.383571428571429,151.12900000000002,154.042,,154.042,162.42245249375,145.66154750625,0.10880737063593045,0.4652317880794712,5.721999999999999,26639.35,False,False,False,83.04
2025-11-19,WSI,EQ,81.49,81.49,78.1,80.3,79.5,103883,3.3900000000000006,3.3900000000000006,4.562142857142855,81.52099999999999,81.3365,77.835,81.3365,84.96352233243742,77.70947766756258,0.08918560135824433,0.6489675516224196,4.828499999999999,147700.55,False,False,False,51.59
2025-11-19,WSTCSTPAPR,EQ,427.5,429.7,423.15,428.8,425.7,23776,6.550000000000011,6.550000000000011,8.335714285714285,436.695,446.3974999999999,467.126,446.3974999999999,469.779383478455,423.01561652154487,0.10475812914926744,0.8625954198473319,9.632499999999999,56783.15,False,False,False,55.04
2025-11-19,WTICAB,ST,158.15,161.4,156.5,160.55,160.2,12500,4.900000000000006,4.900000000000006,7.175000000000003,157.78500000000003,157.7225,163.487,157.7225,164.77370379793467,150.67129620206532,0.08941278255080506,0.8265306122448993,5.892500000000001,9500.0,False,False,False,92.0
2025-11-19,XCHANGING,EQ,86.98,87.49,86.51,87.05,87.07,71864,0.9799999999999898,0.9799999999999898,3.6007142857142833,88.219,87.97399999999999,87.38159999999999,87.97399999999999,93.97381133036716,81.97418866963282,0.13639964831352824,0.5510204081632629,2.8924999999999974,827129.45,False,False,True,52.37
2025-11-19,XELPMOC,BE,155.0,155.5,146.0,146.81,148.32,77533,9.5,9.5,7.272142857142854,133.95,132.7165,115.63959999999999,132.7165,146.4277279172939,119.00527208270609,0.2066243144943381,0.08526315789473708,8.480499999999997,41280.55,True,True,False,
2025-11-19,XPROINDIA,EQ,1029.2,1032.6,1016.0,1023.0,1029.2,4900,16.59999999999991,16.59999999999991,33.24999999999998,1039.7099999999998,1074.9850000000001,1129.182,1074.9850000000001,1165.9161448294842,984.053855170516,0.1691765835420663,0.4216867469879541,31.29999999999996,19343.4,False,False,True,66.98
2025-11-19,XTGLOBAL,EQ,38.23,40.0,37.82,38.02,38.6,24189,2.1799999999999997,2.1799999999999997,2.3042857142857147,39.058,39.4225,39.5752,39.4225,41.37281151357927,37.47218848642073,0.09894408084618037,0.09174311926605636,2.3235,48960.45,False,False,False,55.0
2025-11-19,YASHO,EQ,1677.0,1698.3,1635.4,1651.8,1684.9,7271,62.899999999999864,62.899999999999864,86.12857142857145,1662.42,1624.3400000000001,1666.3740000000003,1624.3400000000001,1733.0824553704747,1515.5975446295256,0.1338912485938591,0.26073131955484735,71.42,12861.8,False,True,False,54.04
2025-11-19,YASHOPTICS,ST,109.3,114.5,109.1,110.1,114.8,174400,5.400000000000006,5.700000000000003,4.032142857142856,123.375,127.67749999999998,132.914,127.67749999999998,140.20808159065254,115.14691840934742,0.19628488325120028,0.18518518518518498,4.02,24640.0,False,False,False,93.58
2025-11-19,YATHARTH,EQ,777.0,786.0,764.75,767.5,777.1,262054,21.25,21.25,26.55714285714286,779.055,791.4475,788.4680000000001,791.4475,837.4640782626204,745.4309217373795,0.11628460071608146,0.12941176470588237,25.22,364436.85,False,False,False,46.37
2025-11-19,YATRA,EQ,188.15,189.72,179.7,182.15,188.57,1656672,10.02000000000001,10.02000000000001,11.749285714285719,171.91899999999998,163.948,158.6464,163.948,198.53201457321018,129.36398542678984,0.4218900452974134,0.24451097804391364,10.255500000000007,4075455.55,False,True,False,42.94
2025-11-19,YCCL,SM,12.35,12.35,12.0,12.05,12.35,21000,0.34999999999999964,0.34999999999999964,0.5678571428571428,12.58,12.595,12.482000000000001,12.595,13.401783738061198,11.788216261938803,0.12811174879891976,0.14285714285714504,0.45249999999999996,12900.0,False,False,False,100.0
2025-11-19,YESBANK,T0,22.64,22.64,22.64,22.93,22.99,1,0.0,0.34999999999999787,0.40500000000000036,22.782999999999998,22.701,22.0338,22.701,23.146326846260507,22.255673153739494,0.0392341171103041,0.5,0.3269999999999998,51031179.7,False,False,True,39.87
2025-11-19,YESBANK,T0,22.64,22.64,22.64,22.93,22.99,1,0.0,0.34999999999999787,0.40500000000000036,22.782999999999998,22.701,22.0338,22.701,23.146326846260507,22.255673153739494,0.0392341171103041,0.5,0.3269999999999998,51031179.7,False,False,True,100.0
2025-11-19,YUKEN,EQ,901.05,914.0,892.0,905.35,918.45,2754,22.0,26.450000000000045,36.800000000000004,915.305,924.0375,954.428,924.0375,964.1460262132559,883.9289737867441,0.08681146861086463,0.6068181818181828,32.68249999999999,4679.2,False,False,True,70.44
2025-11-19,ZAGGLE,EQ,395.25,395.25,382.0,384.2,398.0,747147,13.25,16.0,13.974999999999998,380.01,370.265,362.494,370.265,402.1707690708128,338.35923092918716,0.1723401837646703,0.16603773584905573,12.542499999999999,1195552.55,False,False,False,52.7
2025-11-19,ZEAL,SM,106.8,110.0,104.0,104.0,106.1,9600,6.0,6.0,4.750000000000001,112.02000000000001,110.74749999999999,113.214,110.74749999999999,120.05821828593274,101.43678171406724,0.16814317769579903,0.0,3.272500000000001,4770.0,False,False,False,87.5
2025-11-19,ZEEL,EQ,99.6,99.68,98.5,99.01,99.64,4328277,1.1800000000000068,1.1800000000000068,2.462142857142858,100.089,101.875,109.09459999999999,101.875,106.58018224939134,97.16981775060866,0.09237167606167052,0.4322033898305103,2.3950000000000005,6839001.7,False,False,False,47.85
2025-11-19,ZEELEARN,EQ,7.64,7.76,7.6,7.63,7.75,165316,0.16000000000000014,0.16000000000000014,0.46214285714285713,7.899000000000001,8.2415,8.744399999999999,8.2415,9.071108944021232,7.411891055978769,0.20132474525783686,0.1875000000000014,0.46449999999999997,477872.4,False,False,True,78.85
2025-11-19,ZEEMEDIA,EQ,9.39,9.5,9.27,9.41,9.32,863404,0.23000000000000043,0.23000000000000043,0.38928571428571423,9.596,9.9685,11.0834,9.9685,11.018362371932604,8.918637628067398,0.21063597771632703,0.6086956521739144,0.5314999999999999,3877325.7,False,False,True,40.74
2025-11-19,ZENITHDRUG,SM,57.35,59.0,56.8,58.75,57.35,12000,2.200000000000003,2.200000000000003,3.6178571428571438,59.335,61.364999999999995,64.262,61.364999999999995,66.85345151203863,55.876548487961365,0.17887888900965154,0.8863636363636365,2.9400000000000004,20560.0,False,False,False,86.67
2025-11-19,ZENITHEXPO,EQ,223.13,233.9,223.13,233.75,223.13,346,10.77000000000001,10.77000000000001,12.140714285714283,229.69,235.35550000000003,254.30599999999998,235.35550000000003,251.51902866796144,219.19197133203863,0.13735416141081386,0.9860724233983281,11.8075,401.25,False,False,False,51.45
2025-11-19,ZENITHSTL,BE,7.92,8.1,7.75,7.8,7.89,56599,0.34999999999999964,0.34999999999999964,0.46642857142857147,8.069,8.702499999999999,8.107000000000001,8.702499999999999,10.108499644381176,7.296500355618822,0.3231254569103538,0.1428571428571425,0.46299999999999997,273961.6,False,False,False,
2025-11-19,ZENSARTECH,EQ,704.5,724.95,702.85,709.5,703.85,600990,22.100000000000023,22.100000000000023,21.36785714285714,722.405,759.2875,778.1419999999999,759.2875,836.3960655099368,682.1789344900633,0.20310769111815152,0.30090497737556426,21.357500000000005,473084.9,False,False,False,40.56
2025-11-19,ZENTEC,EQ,1398.7,1420.0,1380.0,1401.7,1399.4,195259,40.0,40.0,47.04285714285719,1397.28,1384.12,1438.29,1384.12,1437.8472221504148,1330.392777849585,0.07763376318587253,0.5425000000000011,43.64000000000003,433263.5,False,False,False,42.33
2025-11-19,ZFCVINDIA,EQ,12705.0,13144.0,12658.0,12963.0,12631.0,43689,486.0,513.0,342.57142857142856,12754.8,12832.95,13114.4,12832.95,13169.185914203064,12496.714085796937,0.05240196746703815,0.6275720164609053,301.95,14666.35,False,False,False,69.73
2025-11-19,ZIMLAB,EQ,73.1,74.9,73.1,73.6,74.34,36803,1.8000000000000114,1.8000000000000114,4.375714285714283,73.46700000000001,72.2305,72.827,72.2305,79.41213623417387,65.04886376582614,0.19885328868480392,0.277777777777776,3.671499999999999,454494.0,False,False,False,40.15
2025-11-19,ZODIAC,EQ,362.55,366.0,360.1,363.45,362.55,8008,5.899999999999977,5.899999999999977,13.27499999999999,378.985,375.18,383.13699999999994,375.18,395.034505785844,355.32549421415604,0.10583989437520107,0.5677966101694879,11.544999999999987,22666.25,False,False,True,72.15
2025-11-19,ZODIACLOTH,EQ,93.25,96.8,93.25,95.12,95.27,1089,3.549999999999997,3.549999999999997,2.897142857142858,96.537,97.787,99.236,97.787,101.45270648033926,94.12129351966075,0.07497328848086664,0.5267605633802834,3.0090000000000017,5639.85,False,False,False,72.18
2025-11-19,ZOTA,EQ,1567.0,1674.0,1567.0,1648.6,1574.6,172523,107.0,107.0,57.22857142857145,1559.95,1555.5949999999998,1504.0739999999998,1555.5949999999998,1623.3636498316134,1487.8263501683862,0.08712891187180935,0.7626168224299057,59.32500000000001,63710.4,True,True,False,42.15
2025-11-19,ZTECH,SM,565.0,566.9,555.05,563.55,558.1,70500,11.850000000000023,11.850000000000023,22.57857142857143,549.54,559.2475000000001,577.939,559.2475000000001,594.9901422498393,523.5048577501608,0.12782405732645835,0.7172995780590704,19.142499999999995,28830.0,False,False,False,80.85
2025-11-19,ZUARI,EQ,281.1,289.2,278.0,287.9,282.15,165091,11.199999999999989,11.199999999999989,10.253571428571428,274.625,267.0675,271.14300000000003,267.0675,297.3429401289235,236.79205987107648,0.22672500494387005,0.8839285714285703,8.687499999999996,231306.65,False,False,False,58.58
2025-11-19,ZUARIIND,EQ,321.1,330.7,320.25,327.95,321.1,128039,10.449999999999989,10.449999999999989,15.96785714285714,329.71,336.8725,332.69199999999995,336.8725,361.76965797034035,311.97534202965966,0.14781353758671512,0.7368421052631576,15.11,483418.65,False,False,False,46.93
2025-11-19,ZYDUSLIFE,EQ,933.0,935.15,925.75,930.2,928.4,659272,9.399999999999977,9.399999999999977,21.239285714285725,942.9050000000001,970.5525,995.154,970.5525,1030.5413612577368,910.5636387422633,0.12361796246516647,0.4734042553191549,19.412500000000016,813746.5,False,False,True,61.84
2025-11-19,ZYDUSWELL,EQ,452.45,458.65,448.15,455.7,452.0,117168,10.5,10.5,13.757142857142819,456.34,469.96999999999997,877.4459999999999,469.96999999999997,501.9119692568124,438.0280307431875,0.13593194994068752,0.7190476190476202,15.482499999999998,246794.45,False,False,False,49.45
