Date,Symbol,Series,Open,High,Low,Close,PrevClose,Volume,Turnover
2025-11-17,1018GS2026,GS,105.67,105.67,105.67,105.67,104.11,15,0.02
2025-11-17,20MICRONS,EQ,195.55,196.31,193.5,195.09,193.63,66440,129.56
2025-11-17,21STCENMGM,EQ,42.4,43.27,42.4,42.4,43.27,8770,3.72
2025-11-17,360ONE,EQ,1062.2,1080.0,1060.2,1071.8,1065.4,441511,4722.19
2025-11-17,3IINFOLTD,EQ,18.23,18.25,17.61,17.71,18.2,483566,86.32
2025-11-17,3MINDIA,EQ,35840.0,36570.0,35820.0,36130.0,35910.0,6424,2326.48
2025-11-17,3PLAND,EQ,40.9,40.9,38.66,39.76,40.65,12158,4.8
2025-11-17,574GS2026,GS,96.6,99.8,96.6,99.8,99.08,414,0.41
2025-11-17,591GS2028,GS,102.0,102.0,102.0,102.0,100.93,98,0.1
2025-11-17,5PAISA,EQ,293.0,320.0,288.2,315.2,289.15,1565107,4712.07
2025-11-17,601GS2030,GS,101.25,101.25,101.25,101.25,101.25,100,0.1
2025-11-17,610GS2031,GS,98.0,98.0,98.0,98.0,97.95,200,0.2
2025-11-17,622GS2035,GS,99.03,99.03,99.03,99.03,98.0,6,0.01
2025-11-17,628GS2032,GS,99.4,99.4,99.4,99.4,99.4,100,0.1
2025-11-17,633GS2035,GS,101.25,101.3,101.0,101.3,101.6,1100,1.11
2025-11-17,63MOONS,EQ,742.85,746.9,730.0,732.1,742.85,54186,398.39
2025-11-17,648GS2035,GS,99.75,99.75,99.75,99.75,100.12,600,0.6
2025-11-17,664GS2027,GS,102.86,102.86,102.86,102.86,102.86,100,0.1
2025-11-17,667GS2050,GS,96.65,96.65,96.65,96.65,96.65,12500,12.08
2025-11-17,668GS2040,GS,100.0,100.0,100.0,100.0,100.13,100,0.1
2025-11-17,676GS2061,GS,94.4,94.4,94.25,94.25,94.25,317,0.3
2025-11-17,68GS2060,GS,96.01,97.0,95.9,95.99,96.0,10749,10.32
2025-11-17,690GS2065,GS,95.6,95.6,95.05,95.3,95.24,211100,201.0
2025-11-17,692GS2039,GS,100.5,100.5,100.02,100.5,104.0,2400,2.41
2025-11-17,695GS2061,GS,98.5,99.0,98.5,98.65,98.5,3551,3.5
2025-11-17,698GR2054,GS,98.5,98.5,98.05,98.05,98.0,201,0.2
2025-11-17,699GS2026,GS,100.93,100.93,100.93,100.93,100.93,5,0.01
2025-11-17,699GS2051,GS,102.0,102.0,102.0,102.0,99.67,10,0.01
2025-11-17,702GS2027,GS,105.69,105.69,104.05,105.0,105.76,115,0.12
2025-11-17,702GS2031,GS,104.8,104.9,104.8,104.9,104.76,250,0.26
2025-11-17,704GS2029,GS,106.0,106.0,106.0,106.0,104.91,500,0.53
2025-11-17,709GS2054,GS,100.12,100.3,100.0,100.1,100.09,153501,153.54
2025-11-17,709GS2074,GS,99.99,99.99,99.58,99.6,99.99,720533,717.89
2025-11-17,710GS2029,GS,103.55,103.55,103.25,103.41,103.45,32343,33.43
2025-11-17,716GS2050,GS,104.75,104.75,104.75,104.75,101.01,1,0.0
2025-11-17,718GS2033,GS,105.5,105.5,105.5,105.5,105.05,3604,3.8
2025-11-17,718GS2037,GS,105.4,105.4,105.3,105.38,105.25,17642,18.59
2025-11-17,719GS2060,GS,104.99,104.99,100.0,100.0,105.0,115,0.12
2025-11-17,724GS2055,GS,101.95,101.95,101.79,101.79,101.71,4511,4.6
2025-11-17,725GS2063,GS,102.0,102.5,102.0,102.0,102.04,2035951,2076.86
2025-11-17,732GS2030,GS,104.5,104.8,104.5,104.79,104.39,42000,44.0
2025-11-17,733GS2026,GS,101.5,101.5,101.5,101.5,100.55,38099,38.67
2025-11-17,734GS2064,GS,101.0,101.98,100.34,100.37,101.0,264160,265.2
2025-11-17,737GS2028,GS,103.7,103.72,103.7,103.72,103.8,500,0.52
2025-11-17,738GS2027,GS,105.34,105.75,105.34,105.61,105.4,143457,151.49
2025-11-17,73GS2053,GS,105.0,105.0,102.71,103.22,103.43,10621,10.94
2025-11-17,741GS2036,GS,107.69,107.7,107.69,107.7,107.9,25200,27.14
2025-11-17,746GS2073,GS,101.29,101.29,101.0,101.28,101.29,4833,4.89
2025-11-17,74GS2062,GS,101.8,101.8,100.0,100.0,101.7,12008,12.18
2025-11-17,754GS2036,GS,109.45,109.68,109.45,109.65,109.69,196181,215.11
2025-11-17,772GS2055,GS,112.61,112.61,112.61,112.61,115.5,1,0.0
2025-11-17,795GS2032,GS,109.8,109.8,109.4,109.4,107.0,12200,13.38
2025-11-17,92GS2030,GS,114.0,114.0,113.6,113.65,113.75,21402,24.35
2025-11-17,A2ZINFRA,EQ,17.41,17.95,17.0,17.11,17.4,161426,28.21
2025-11-17,AAATECH,BE,88.0,92.35,88.0,90.83,89.44,19538,17.77
2025-11-17,AADHARHFC,EQ,492.9,499.05,490.75,496.85,494.9,213446,1058.48
2025-11-17,AAKAAR,SM,76.0,79.15,76.0,77.55,76.15,20800,16.31
2025-11-17,AAKASH,EQ,8.98,9.3,8.9,8.94,8.97,107763,9.7
2025-11-17,AARADHYA,ST,141.7,141.7,134.75,134.75,141.8,9600,13.13
2025-11-17,AAREYDRUGS,BE,94.25,97.0,94.08,97.0,96.0,32775,31.59
2025-11-17,AARON,EQ,193.23,195.51,187.26,188.65,193.23,26784,51.0
2025-11-17,AARTECH,EQ,52.49,52.49,50.5,50.97,50.64,50405,25.78
2025-11-17,AARTIDRUGS,EQ,464.9,469.85,452.55,462.8,463.45,316695,1459.53
2025-11-17,AARTIIND,EQ,393.0,398.95,392.0,395.3,393.0,679377,2692.08
2025-11-17,AARTIPHARM,EQ,713.15,736.95,710.75,729.0,713.2,238258,1726.12
2025-11-17,AARTISURF,EQ,463.0,463.05,450.0,452.65,455.65,4740,21.54
2025-11-17,AARVI,EQ,139.0,152.0,137.68,141.42,137.68,175576,252.82
2025-11-17,AAVAS,EQ,1715.9,1724.6,1670.0,1690.0,1712.2,272918,4617.37
2025-11-17,ABAN,BE,35.83,36.3,35.7,35.87,35.84,37253,13.38
2025-11-17,ABB,EQ,4955.0,5060.0,4926.0,5041.5,4952.5,201519,10081.89
2025-11-17,ABBOTINDIA,EQ,29340.0,29650.0,29180.0,29560.0,29340.0,8689,2558.25
2025-11-17,ABCAPITAL,EQ,332.5,337.1,331.3,334.8,331.4,2075864,6948.19
2025-11-17,ABCOTS,EQ,418.05,424.75,407.05,412.9,414.8,23854,99.34
2025-11-17,ABDL,EQ,651.3,672.7,644.6,670.35,649.9,703629,4666.18
2025-11-17,ABFRL,EQ,78.0,79.5,77.7,78.22,78.44,1873579,1469.53
2025-11-17,ABGSEC,EQ,110.81,111.08,110.81,110.9,110.83,155,0.17
2025-11-17,ABHAPOWER,ST,36.55,37.9,36.55,37.5,38.45,20800,7.66
2025-11-17,ABINFRA,EQ,19.99,20.42,19.21,19.29,19.99,440704,85.57
2025-11-17,ABLBL,EQ,132.55,139.7,132.55,138.55,134.47,2714806,3712.34
2025-11-17,ABMINTLLTD,BE,46.27,47.27,46.27,47.24,45.15,284,0.13
2025-11-17,ABREL,EQ,1744.6,1763.9,1724.0,1752.9,1744.6,98124,1716.3
2025-11-17,ABSLAMC,EQ,736.85,751.0,734.3,748.4,733.95,139411,1037.09
2025-11-17,ABSLBANETF,EQ,59.99,60.21,59.17,60.15,59.7,12907,7.76
2025-11-17,ABSLLIQUID,EQ,1000.01,1000.01,999.99,1000.0,1000.01,2427,24.27
2025-11-17,ABSLNN50ET,EQ,73.35,73.57,72.99,73.45,72.99,11127,8.15
2025-11-17,ABSLPSE,EQ,10.31,10.37,10.21,10.32,10.26,283254,29.24
2025-11-17,ABSMARINE,SM,238.95,239.8,222.3,237.65,234.4,190500,441.63
2025-11-17,ACC,EQ,1843.4,1858.0,1841.2,1846.7,1840.3,120125,2218.49
2025-11-17,ACCELYA,EQ,1344.0,1353.0,1337.2,1348.7,1344.0,6408,86.26
2025-11-17,ACCENTMIC,SM,308.55,317.7,308.55,316.55,308.55,41000,129.39
2025-11-17,ACCORD,SM,22.9,22.9,22.9,22.9,23.95,2000,0.46
2025-11-17,ACCPL,SM,69.9,70.85,64.3,64.75,68.5,38400,25.72
2025-11-17,ACCURACY,EQ,6.3,6.54,6.3,6.38,6.41,129104,8.3
2025-11-17,ACE,EQ,983.5,991.0,979.7,987.2,983.5,153347,1510.83
2025-11-17,ACEINTEG,EQ,24.64,24.64,23.15,23.34,24.16,14067,3.31
2025-11-17,ACI,EQ,622.0,624.65,605.0,607.85,627.55,189402,1159.49
2025-11-17,ACL,BE,76.0,77.46,75.0,76.41,77.06,11471,8.75
2025-11-17,ACMESOLAR,EQ,250.6,252.9,249.0,252.2,250.6,836107,2102.2
2025-11-17,ACTIVEINFR,SM,170.1,170.1,170.0,170.0,170.1,1200,2.04
2025-11-17,ACUTAAS,EQ,1716.3,1743.9,1698.9,1709.4,1711.1,145316,2503.65
2025-11-17,ADANIENSOL,EQ,1025.5,1029.0,1011.85,1021.55,1023.85,837345,8543.84
2025-11-17,ADANIENT,EQ,2460.0,2474.9,2421.0,2462.0,2516.8,2672697,65445.36
2025-11-17,ADANIGREEN,EQ,1074.8,1092.5,1065.4,1088.6,1068.8,2888868,31244.28
2025-11-17,ADANIPORTS,EQ,1518.9,1519.0,1503.0,1507.6,1512.7,1750560,26398.63
2025-11-17,ADANIPOWER,EQ,155.35,155.35,153.0,153.28,153.91,15162500,23307.38
2025-11-17,ADFFOODS,EQ,214.8,224.9,213.3,219.57,213.8,365534,804.61
2025-11-17,ADL,EQ,82.0,86.49,78.41,80.96,83.0,26405,21.63
2025-11-17,ADOR,EQ,1100.0,1104.1,1066.7,1090.3,1074.4,18444,200.12
2025-11-17,ADROITINFO,EQ,11.46,11.46,10.81,11.01,11.06,25663,2.84
2025-11-17,ADSL,EQ,170.44,172.68,169.99,171.16,170.44,76473,130.95
2025-11-17,ADVANCE,EQ,143.0,149.4,142.03,146.36,141.79,4297123,6303.56
2025-11-17,ADVANIHOTR,EQ,56.2,57.24,55.36,56.08,56.35,41913,23.48
2025-11-17,ADVENTHTL,BE,296.65,296.65,296.65,296.65,312.25,41812,124.04
2025-11-17,ADVENZYMES,EQ,330.05,346.3,330.05,338.1,329.8,353386,1197.24
2025-11-17,AEGISLOG,EQ,795.0,802.2,789.95,796.95,791.95,291434,2319.95
2025-11-17,AEGISVOPAK,EQ,268.5,270.4,265.7,266.75,270.85,221031,592.12
2025-11-17,AEROENTER,EQ,88.47,88.83,87.0,87.28,87.77,102980,90.28
2025-11-17,AEROFLEX,EQ,188.34,190.39,183.91,184.75,188.34,354140,660.16
2025-11-17,AERON,SM,109.85,110.4,100.15,105.55,109.85,70000,74.42
2025-11-17,AERONEU,EQ,79.48,81.9,76.62,80.38,78.19,19928,15.61
2025-11-17,AESTHETIK,SM,112.0,115.0,112.0,114.95,111.95,6000,6.81
2025-11-17,AETHER,EQ,835.0,875.0,825.7,847.4,838.9,686867,5864.32
2025-11-17,AFCONS,EQ,408.9,410.35,401.85,402.8,407.65,436837,1770.01
2025-11-17,AFFLE,EQ,1724.8,1741.2,1720.1,1728.6,1723.9,126286,2182.66
2025-11-17,AFFORDABLE,EQ,234.1,234.15,226.6,229.35,230.6,32714,75.02
2025-11-17,AFIL,EQ,7.33,7.6,7.33,7.45,7.33,964233,71.94
2025-11-17,AFSL,EQ,215.0,218.96,213.0,213.3,215.39,11525,24.75
2025-11-17,AGARIND,EQ,814.05,820.0,798.05,802.25,814.05,22912,184.88
2025-11-17,AGARWALEYE,EQ,524.6,526.45,514.2,516.7,523.5,59241,307.68
2025-11-17,AGARWALFT,SM,48.1,48.2,48.1,48.2,51.4,3000,1.44
2025-11-17,AGARWALTUF,SM,141.85,145.5,137.85,139.7,138.3,57600,81.61
2025-11-17,AGI,EQ,789.6,793.7,785.15,788.7,786.85,27726,218.81
2025-11-17,AGIIL,EQ,260.85,260.85,248.0,252.6,256.15,261642,659.61
2025-11-17,AGNI,ST,26.5,26.5,25.6,25.6,26.95,7500,1.94
2025-11-17,AGRITECH,EQ,128.11,129.05,127.2,128.72,128.0,1986,2.55
2025-11-17,AGROPHOS,EQ,42.0,43.3,41.5,41.66,42.75,43616,18.33
2025-11-17,AGSTRA,BZ,4.31,4.52,4.31,4.5,4.31,289008,13.04
2025-11-17,AGUL,SM,65.35,65.35,65.35,65.35,65.5,4000,2.61
2025-11-17,AHCL,BE,145.5,150.12,142.01,150.11,142.98,317494,470.47
2025-11-17,AHLADA,EQ,56.0,56.6,53.7,54.22,55.32,24075,13.17
2025-11-17,AHLEAST,EQ,143.98,143.99,140.65,141.12,141.67,4186,5.92
2025-11-17,AHLUCONT,EQ,950.0,1005.0,950.0,981.6,882.9,2746848,27011.76
2025-11-17,AIAENG,EQ,3693.0,3773.0,3693.0,3760.4,3693.0,65492,2454.97
2025-11-17,AIIL,EQ,2750.0,2840.0,2720.0,2783.8,2774.4,129116,3587.55
2025-11-17,AILIMITED,SM,47.5,47.5,47.5,47.5,46.05,1500,0.71
2025-11-17,AIMTRON,SM,948.0,977.6,933.0,938.85,948.05,55200,526.62
2025-11-17,AIRAN,EQ,22.07,22.25,21.59,21.93,22.33,124050,27.17
2025-11-17,AIROLAM,EQ,106.0,108.0,104.55,107.84,105.72,1505,1.59
2025-11-17,AIRTELPP,E1,1575.1,1604.55,1575.1,1593.25,1582.05,119745,1909.6
2025-11-17,AISL,SM,89.9,89.9,85.25,85.5,89.45,4800,4.17
2025-11-17,AJANTPHARM,EQ,2523.0,2526.8,2487.0,2504.0,2523.2,111859,2801.93
2025-11-17,AJAXENGG,EQ,650.0,678.0,635.0,671.1,626.1,538697,3599.17
2025-11-17,AJMERA,EQ,985.3,992.4,974.0,982.2,985.3,16646,163.84
2025-11-17,AJOONI,EQ,5.15,5.19,5.01,5.03,5.15,370973,18.83
2025-11-17,AKANKSHA,SM,85.7,87.8,85.7,86.4,85.2,15000,13.04
2025-11-17,AKASH,EQ,26.99,27.38,25.17,26.18,26.99,10326,2.71
2025-11-17,AKG,EQ,12.68,12.71,12.1,12.36,12.65,45322,5.65
2025-11-17,AKI,EQ,8.2,8.2,7.74,7.85,8.0,47143,3.74
2025-11-17,AKIKO,ST,299.3,299.3,290.0,291.1,290.8,5600,16.36
2025-11-17,AKSHAR,BE,0.55,0.57,0.55,0.56,0.56,1381159,7.72
2025-11-17,AKSHARCHEM,EQ,264.7,264.7,252.25,254.5,263.4,4854,12.55
2025-11-17,AKSHOPTFBR,EQ,7.26,7.3,7.11,7.18,7.23,208779,15.02
2025-11-17,AKUMS,EQ,425.85,445.05,424.3,440.5,424.3,254419,1118.19
2025-11-17,AKZOINDIA,EQ,3380.0,3387.9,3299.9,3328.0,3359.3,20079,670.61
2025-11-17,ALANKIT,EQ,11.54,11.67,10.56,11.36,11.54,375426,42.72
2025-11-17,ALBERTDAVD,EQ,810.0,824.8,809.95,814.9,813.65,1332,10.86
2025-11-17,ALEMBICLTD,EQ,102.4,103.4,101.78,102.03,101.34,393898,404.08
2025-11-17,ALICON,EQ,870.0,896.0,860.0,894.6,879.6,8715,77.04
2025-11-17,ALIVUS,EQ,904.0,950.0,904.0,946.75,904.7,165117,1544.06
2025-11-17,ALKALI,EQ,85.01,87.39,85.0,85.52,85.84,4470,3.82
2025-11-17,ALKEM,EQ,5750.0,5750.0,5631.5,5723.0,5722.5,176721,10074.86
2025-11-17,ALKYLAMINE,EQ,1775.6,1802.4,1774.1,1794.0,1775.6,24745,442.56
2025-11-17,ALLCARGO,BE,13.74,13.74,13.35,13.74,13.09,3280765,450.55
2025-11-17,ALLDIGI,EQ,865.0,879.85,865.0,876.8,869.8,3383,29.57
2025-11-17,ALLETEC,SM,236.75,236.75,225.15,228.65,236.7,55600,128.25
2025-11-17,ALLTIME,EQ,295.9,295.9,289.4,292.8,295.75,125273,366.97
2025-11-17,ALMONDZ,EQ,17.71,18.3,16.72,17.46,17.99,542846,94.34
2025-11-17,ALOKINDS,EQ,17.28,17.56,17.22,17.3,17.31,2638262,458.44
2025-11-17,ALPA,EQ,85.5,85.5,79.0,80.17,85.92,44510,36.23
2025-11-17,ALPEXSOLAR,SM,1267.8,1267.8,1238.55,1249.75,1248.05,28700,360.01
2025-11-17,ALPHA,EQ,49.87,50.17,49.8,50.12,49.76,1092574,546.45
2025-11-17,ALPHAETF,EQ,25.74,25.88,25.63,25.85,25.65,721332,186.17
2025-11-17,ALPHAGEO,EQ,246.55,246.95,240.0,240.6,246.55,14810,35.86
2025-11-17,ALPL30IETF,EQ,27.71,27.87,27.71,27.85,27.72,409867,114.07
2025-11-17,ALPSINDUS,EQ,2.02,2.07,1.91,1.91,2.02,73290,1.43
2025-11-17,ALUWIND,SM,82.0,84.0,82.0,82.0,80.0,19500,16.12
2025-11-17,AMANTA,EQ,119.85,123.27,119.82,122.24,119.82,46470,56.68
2025-11-17,AMBANIORGO,SM,126.2,126.2,126.2,126.2,132.8,1000,1.26
2025-11-17,AMBER,EQ,7416.0,7505.0,7321.5,7443.5,7376.0,228393,16947.49
2025-11-17,AMBEY,SM,45.0,45.0,41.9,42.8,43.25,6000,2.59
2025-11-17,AMBICAAGAR,EQ,26.5,29.68,26.03,27.6,25.8,69167,19.13
2025-11-17,AMBIKCO,EQ,1322.0,1322.0,1290.1,1303.0,1309.5,9257,120.95
2025-11-17,AMBUJACEM,EQ,564.7,565.4,559.25,560.3,563.2,618154,3470.33
2025-11-17,AMCL,ST,329.6,329.6,329.6,329.6,346.95,4800,15.82
2025-11-17,AMDIND,EQ,55.33,56.74,55.22,55.74,55.56,14095,7.91
2025-11-17,AMEYA,SM,102.0,107.1,101.95,107.1,102.0,17000,17.68
2025-11-17,AMIABLE,SM,54.0,65.8,54.0,65.8,65.95,3200,1.92
2025-11-17,AMJLAND,EQ,54.4,55.89,53.3,54.88,53.3,88061,48.3
2025-11-17,AMJUMBO,SM,7.75,7.75,7.5,7.5,7.8,16000,1.22
2025-11-17,AMNPLST,EQ,200.0,201.89,196.12,198.03,197.27,3651,7.25
2025-11-17,AMRUTANJAN,EQ,720.0,725.6,710.1,712.15,719.85,7100,50.81
2025-11-17,ANANDRATHI,EQ,3035.0,3062.2,3020.0,3034.9,3022.3,88492,2691.36
2025-11-17,ANANTAM,IV,104.03,105.51,100.2,102.09,105.25,325883,334.39
2025-11-17,ANANTRAJ,EQ,626.7,642.95,626.6,633.4,616.1,4483128,28481.88
2025-11-17,ANDHRAPAP,EQ,70.31,71.8,70.3,70.51,70.31,67600,47.89
2025-11-17,ANDHRSUGAR,EQ,80.8,81.45,76.77,79.1,80.87,317242,252.46
2025-11-17,ANGELONE,EQ,2759.0,2864.9,2755.1,2847.4,2745.3,1513166,42840.51
2025-11-17,ANIKINDS,EQ,75.8,75.8,70.45,71.14,73.14,42736,31.36
2025-11-17,ANKITMETAL,BZ,1.63,1.79,1.63,1.77,1.71,37421,0.65
2025-11-17,ANLON,SM,400.0,400.0,390.0,400.0,397.0,16000,63.82
2025-11-17,ANMOL,EQ,15.4,15.52,15.11,15.24,15.52,30801,4.7
2025-11-17,ANNAPURNA,SM,242.15,245.0,240.0,240.55,242.65,46250,111.74
2025-11-17,ANONDITA,ST,652.1,675.8,650.0,674.05,643.65,51000,342.47
2025-11-17,ANSALAPI,BZ,3.76,3.83,3.68,3.73,3.76,26012,0.97
2025-11-17,ANTELOPUS,EQ,527.1,531.4,520.25,522.45,531.75,18961,99.35
2025-11-17,ANTGRAPHIC,EQ,1.02,1.04,1.02,1.02,1.02,91019,0.94
2025-11-17,ANTHEM,EQ,681.0,682.7,664.05,665.45,678.9,312967,2101.42
2025-11-17,ANUHPHR,EQ,81.0,82.09,79.01,80.11,81.25,48101,38.79
2025-11-17,ANUP,EQ,2449.9,2455.7,2398.0,2447.1,2449.9,18209,443.25
2025-11-17,ANURAS,EQ,1073.2,1102.5,1070.1,1085.9,1073.2,192816,2104.37
2025-11-17,ANYA,SM,22.95,22.95,22.95,22.95,22.2,5000,1.15
2025-11-17,ANZEN,IV,114.9,114.9,114.9,114.9,118.9,50000,57.45
2025-11-17,AONEGOLD,EQ,11.63,11.63,11.4,11.51,11.7,664665,76.41
2025-11-17,AONELIQUID,EQ,1034.62,1034.62,1034.6,1034.61,1034.46,22431,232.08
2025-11-17,AONENIFTY,EQ,10.68,10.69,10.59,10.64,10.6,242093,25.76
2025-11-17,AONETOTAL,EQ,12.39,12.39,12.03,12.1,12.03,336494,40.74
2025-11-17,APARINDS,EQ,9143.0,9300.0,9085.5,9230.5,9071.0,61576,5683.82
2025-11-17,APCL,EQ,126.98,127.0,121.1,126.66,125.79,6359,7.91
2025-11-17,APCOTEXIND,EQ,399.85,404.0,395.15,399.8,399.85,16515,65.94
2025-11-17,APEX,EQ,293.0,303.43,288.0,289.23,289.46,376622,1106.73
2025-11-17,APEXECO,SM,130.0,132.6,130.0,132.6,129.95,12800,16.92
2025-11-17,APLAPOLLO,EQ,1763.3,1787.6,1763.3,1777.7,1763.3,226118,4023.45
2025-11-17,APLLTD,EQ,919.95,955.0,911.0,948.85,904.05,273066,2566.59
2025-11-17,APOLLO,EQ,284.35,285.9,278.0,278.85,283.5,1759361,4942.83
2025-11-17,APOLLOHOSP,EQ,7475.0,7504.5,7425.0,7487.5,7420.5,248470,18582.13
2025-11-17,APOLLOPIPE,EQ,301.85,304.0,299.0,300.55,301.85,76948,231.58
2025-11-17,APOLLOTYRE,EQ,525.0,538.9,512.55,514.0,518.7,1082641,5671.34
2025-11-17,APOLSINHOT,EQ,1312.0,1339.9,1282.7,1301.4,1321.3,1172,15.25
2025-11-17,APRAMEYA,SM,319.35,350.0,319.35,330.15,317.9,70500,237.82
2025-11-17,APS,SM,462.0,473.95,455.05,457.35,467.1,24500,113.03
2025-11-17,APTECHT,EQ,105.0,105.89,101.65,104.61,105.01,207099,214.62
2025-11-17,APTUS,EQ,293.9,295.25,290.4,293.05,290.35,1037935,3037.28
2025-11-17,ARABIAN,SM,70.2,82.95,70.2,81.45,70.0,130000,103.99
2025-11-17,ARCHIDPLY,EQ,96.86,98.0,94.5,95.55,96.86,10149,9.76
2025-11-17,ARCHIES,EQ,20.23,20.23,19.5,19.65,19.93,30705,6.03
2025-11-17,ARCIIL,SM,102.85,102.85,102.85,102.85,104.95,1000,1.03
2025-11-17,ARE&M,EQ,967.0,969.1,961.3,965.1,965.8,258814,2498.56
2025-11-17,ARENTERP,EQ,44.45,46.79,44.45,44.92,45.0,1373,0.63
2025-11-17,ARFIN,BE,58.85,58.85,57.15,57.99,57.96,50246,29.12
2025-11-17,ARHAM,ST,138.0,146.45,137.1,141.0,140.85,64000,91.57
2025-11-17,ARIES,EQ,380.0,380.75,367.0,368.0,377.75,24125,89.64
2025-11-17,ARIHANTACA,ST,521.0,521.0,516.0,518.0,540.0,2000,10.36
2025-11-17,ARIHANTCAP,EQ,102.32,102.32,99.01,99.94,100.33,4946218,4952.68
2025-11-17,ARIHANTSUP,EQ,378.0,378.3,372.55,376.95,376.4,14271,53.62
2025-11-17,ARISINFRA,EQ,154.99,159.9,153.25,158.48,154.04,694972,1090.61
2025-11-17,ARISTO,SM,130.0,130.0,130.0,130.0,130.0,1600,2.08
2025-11-17,ARKADE,EQ,168.2,168.5,166.11,166.86,167.41,299234,500.06
2025-11-17,ARMANFIN,EQ,1720.0,1780.0,1720.0,1745.7,1729.5,80440,1416.7
2025-11-17,AROGRANITE,EQ,32.8,33.49,32.25,33.16,33.09,6882,2.28
2025-11-17,ARROWGREEN,EQ,561.0,586.95,556.5,579.45,561.65,37498,216.36
2025-11-17,ARSHIYA,BZ,1.67,1.69,1.58,1.58,1.67,435146,6.91
2025-11-17,ARSSBL,EQ,749.0,775.0,732.6,768.5,733.4,4064062,30688.65
2025-11-17,ARTEMISMED,EQ,272.0,274.0,264.6,271.73,268.89,650327,1745.08
2025-11-17,ARTNIRMAN,EQ,55.6,55.6,50.73,52.3,53.4,4536,2.34
2025-11-17,ARUNAYA,SM,20.6,20.6,20.25,20.25,20.6,18000,3.67
2025-11-17,ARVEE,EQ,172.9,172.9,162.4,167.57,163.45,98,0.17
2025-11-17,ARVIND,EQ,337.9,340.95,334.35,335.05,336.4,238479,803.19
2025-11-17,ARVINDFASN,EQ,503.15,513.0,494.0,509.1,500.55,187813,944.36
2025-11-17,ARVINDPORT,SM,51.15,51.15,51.15,51.15,53.8,13500,6.91
2025-11-17,ARVSMART,EQ,610.05,610.15,599.0,601.65,607.4,74366,449.4
2025-11-17,ASAHIINDIA,EQ,972.7,1005.0,968.05,998.5,969.35,202100,2005.3
2025-11-17,ASAHISONG,EQ,264.65,265.5,259.0,262.6,264.65,16693,43.66
2025-11-17,ASAL,EQ,530.0,531.65,522.1,527.45,531.85,18431,97.29
2025-11-17,ASALCBR,EQ,994.7,994.7,974.0,978.4,981.4,61356,602.74
2025-11-17,ASCOM,ST,115.0,115.0,115.0,115.0,115.0,1000,1.15
2025-11-17,ASHALOG,SM,72.0,73.0,72.0,72.0,72.2,3000,2.17
2025-11-17,ASHAPURMIN,EQ,695.95,716.0,688.9,710.55,689.9,845377,5975.61
2025-11-17,ASHIANA,EQ,296.1,296.7,290.0,293.1,295.5,55647,162.8
2025-11-17,ASHIMASYN,EQ,19.98,20.39,19.25,19.45,19.97,126047,24.53
2025-11-17,ASHOKA,EQ,193.0,193.0,186.72,188.66,198.8,2252054,4267.54
2025-11-17,ASHOKAMET,EQ,16.68,16.89,16.31,16.59,16.57,17416,2.9
2025-11-17,ASHOKLEY,EQ,149.5,149.69,147.6,148.45,148.26,10767304,15998.63
2025-11-17,ASIANENE,EQ,324.1,332.15,315.0,321.05,329.05,197210,639.09
2025-11-17,ASIANHOTNR,EQ,337.9,340.0,326.0,337.55,321.05,21598,72.17
2025-11-17,ASIANPAINT,EQ,2906.4,2926.9,2880.0,2887.9,2906.4,1230683,35676.12
2025-11-17,ASIANTILES,EQ,68.24,69.4,67.5,68.93,68.16,1572354,1074.68
2025-11-17,ASKAUTOLTD,EQ,469.9,474.0,465.0,472.6,468.15,131423,618.07
2025-11-17,ASMS,BE,13.08,13.08,12.74,12.74,12.92,147328,18.89
2025-11-17,ASPINWALL,EQ,251.5,284.0,251.5,268.7,252.1,26160,71.69
2025-11-17,ASPIRE,SM,18.15,18.15,17.95,18.0,17.9,8000,1.44
2025-11-17,ASTEC,EQ,632.5,645.9,627.55,637.2,631.85,16295,103.74
2025-11-17,ASTERDM,EQ,676.0,684.15,667.35,679.1,678.1,511981,3459.88
2025-11-17,ASTRAL,EQ,1508.1,1508.1,1456.4,1465.7,1514.0,1764724,25899.22
2025-11-17,ASTRAMICRO,EQ,990.0,1014.0,990.0,1009.8,999.3,334682,3359.25
2025-11-17,ASTRAZEN,EQ,9235.0,9235.0,9115.5,9140.0,9153.0,4268,390.84
2025-11-17,ASTRON,EQ,7.91,8.1,7.51,7.57,7.91,245086,18.8
2025-11-17,ATALREAL,EQ,24.77,24.78,23.99,24.56,24.68,5133492,1260.29
2025-11-17,ATAM,EQ,88.0,90.0,88.0,89.33,88.79,26136,23.3
2025-11-17,ATCENERGY,SM,41.55,42.2,40.55,41.3,42.9,100800,41.5
2025-11-17,ATGL,EQ,630.0,630.0,620.6,621.85,625.15,387009,2414.12
2025-11-17,ATHERENERG,EQ,656.0,657.0,636.15,648.45,649.6,2905416,18877.23
2025-11-17,ATL,EQ,31.49,31.68,30.5,31.19,31.49,473706,147.11
2025-11-17,ATLANTAA,BE,45.66,45.66,45.66,45.66,48.07,28267,12.91
2025-11-17,ATLANTAELE,EQ,976.0,988.0,960.5,981.65,965.95,92102,898.63
2025-11-17,ATLASCYCLE,EQ,108.0,108.0,100.0,102.89,102.76,7815,8.06
2025-11-17,ATMASTCO,SM,191.0,191.95,184.2,187.0,198.5,80000,150.72
2025-11-17,ATUL,EQ,5949.0,6040.0,5915.0,6016.5,5916.5,208431,12421.5
2025-11-17,ATULAUTO,EQ,468.0,475.9,466.25,470.8,466.25,72744,342.81
2025-11-17,AUBANK,EQ,895.0,919.4,892.15,912.7,890.6,2325495,21224.64
2025-11-17,AURDIS,SM,140.4,140.4,140.4,140.4,134.5,625,0.88
2025-11-17,AURIGROW,EQ,0.54,0.54,0.51,0.51,0.53,9907124,52.0
2025-11-17,AURIONPRO,EQ,1091.1,1111.0,1081.0,1093.6,1091.9,158263,1730.55
2025-11-17,AUROIMPEX,SM,45.0,45.0,42.5,42.5,44.8,14400,6.33
2025-11-17,AUROPHARMA,EQ,1222.5,1241.1,1218.3,1236.9,1222.5,988088,12157.64
2025-11-17,AURUM,EQ,167.79,168.98,164.4,164.93,167.27,32204,53.3
2025-11-17,AUSL,SM,30.0,30.1,30.0,30.0,31.05,12000,3.6
2025-11-17,AUSOMENT,EQ,104.0,105.6,99.11,101.57,100.5,19140,19.77
2025-11-17,AUTOAXLES,EQ,1662.3,1678.5,1645.1,1652.0,1664.0,4085,67.75
2025-11-17,AUTOBEES,EQ,280.82,282.7,278.22,282.52,279.48,546810,1542.33
2025-11-17,AUTOIETF,EQ,27.98,28.25,27.85,28.18,27.98,264567,74.41
2025-11-17,AUTOIND,EQ,68.99,69.35,67.88,68.02,69.25,40076,27.39
2025-11-17,AVADHSUGAR,EQ,385.0,387.95,372.5,373.9,381.3,35356,133.28
2025-11-17,AVALON,EQ,1052.0,1057.2,1029.0,1033.8,1046.7,91180,945.73
2025-11-17,AVANTEL,EQ,164.49,165.8,161.01,161.66,164.07,726316,1186.36
2025-11-17,AVANTIFEED,EQ,752.05,783.15,752.05,763.8,752.05,1024266,7873.06
2025-11-17,AVG,EQ,207.9,209.51,200.1,201.15,207.72,25637,52.59
2025-11-17,AVIANSH,SM,116.0,117.5,115.25,115.25,116.0,6000,6.99
2025-11-17,AVL,EQ,531.65,542.0,515.0,520.95,530.3,260398,1359.59
2025-11-17,AVONMORE,EQ,18.64,19.9,17.93,18.51,18.68,1136481,210.07
2025-11-17,AVPINFRA,SM,161.55,164.0,159.0,159.45,164.85,113600,182.73
2025-11-17,AVROIND,EQ,126.0,129.86,123.41,126.3,125.63,33352,42.27
2025-11-17,AVTNPL,EQ,71.99,74.08,71.99,72.67,71.35,145908,106.57
2025-11-17,AWFIS,EQ,577.0,577.0,553.1,556.25,568.1,177220,997.02
2025-11-17,AWHCL,EQ,495.8,500.1,491.25,494.5,490.2,37883,187.96
2025-11-17,AWL,EQ,273.7,275.4,270.5,274.95,274.2,2379897,6513.16
2025-11-17,AXISBANK,EQ,1243.9,1261.0,1240.4,1249.6,1241.6,4088026,51205.63
2025-11-17,AXISBNKETF,EQ,602.79,605.73,602.79,605.61,601.11,1744,10.55
2025-11-17,AXISBPSETF,EQ,13.43,13.73,12.98,13.08,13.04,173415,22.78
2025-11-17,AXISCADES,BE,1611.0,1612.0,1550.0,1560.6,1557.5,96111,1511.93
2025-11-17,AXISCETF,EQ,126.34,128.23,126.34,128.07,127.13,3048,3.89
2025-11-17,AXISGOLD,EQ,103.3,103.3,101.36,102.44,104.39,1689155,1726.58
2025-11-17,AXISHCETF,EQ,150.94,151.8,150.31,151.72,150.94,3997,6.05
2025-11-17,AXISILVER,EQ,154.38,155.62,150.12,154.94,159.17,1447499,2232.04
2025-11-17,AXISNIFTY,EQ,285.12,285.57,284.41,285.38,284.4,9485,27.04
2025-11-17,AXISTECETF,EQ,395.09,396.56,394.03,395.65,394.41,1305,5.15
2025-11-17,AXISVALUE,EQ,30.91,31.25,30.5,31.07,30.91,20894,6.5
2025-11-17,AXITA,EQ,8.18,8.18,8.0,8.03,8.13,3549540,286.71
2025-11-17,AXSENSEX,EQ,87.41,87.88,86.59,87.28,86.98,4115,3.59
2025-11-17,AYMSYNTEX,EQ,180.68,182.5,174.69,178.5,180.6,13445,24.11
2025-11-17,AZAD,EQ,1624.0,1679.9,1616.1,1673.8,1621.0,170575,2846.17
2025-11-17,BABAFP,SM,31.45,33.0,31.4,32.0,34.0,12800,4.13
2025-11-17,BAFNAPH,BE,177.54,177.54,177.54,177.54,181.17,534,0.95
2025-11-17,BAGDIGITAL,SM,124.0,124.0,121.15,121.15,124.0,12800,15.61
2025-11-17,BAGFILMS,EQ,6.88,6.98,6.63,6.8,6.81,55117,3.76
2025-11-17,BAHETI,SM,565.0,574.0,546.0,550.2,568.95,30375,168.23
2025-11-17,BAIDFIN,EQ,10.69,10.94,10.31,10.45,10.74,222393,23.68
2025-11-17,BAJAJ-AUTO,EQ,8850.0,9025.0,8850.0,8945.5,8843.0,457995,41096.09
2025-11-17,BAJAJCON,EQ,269.5,284.25,268.85,282.05,270.35,865829,2398.54
2025-11-17,BAJAJELEC,EQ,509.3,512.7,501.0,502.7,507.0,71012,359.72
2025-11-17,BAJAJFINSV,EQ,2065.8,2081.1,2055.0,2079.6,2065.8,817576,16937.73
2025-11-17,BAJAJHCARE,EQ,451.9,452.95,442.0,443.3,447.25,37747,168.92
2025-11-17,BAJAJHFL,EQ,107.89,107.95,107.21,107.39,107.54,3017120,3242.31
2025-11-17,BAJAJHIND,EQ,21.03,21.34,20.96,21.1,21.03,3021662,639.26
2025-11-17,BAJAJHLDNG,EQ,12574.0,12964.0,12090.0,12124.0,12570.0,110495,13646.35
2025-11-17,BAJAJINDEF,EQ,365.0,370.45,360.0,361.3,363.15,9969,36.25
2025-11-17,BAJEL,EQ,194.99,194.99,185.74,187.58,191.03,156777,295.34
2025-11-17,BAJFINANCE,EQ,1021.0,1033.0,1017.0,1026.8,1018.5,6011603,61765.79
2025-11-17,BALAJEE,EQ,41.42,42.2,41.14,42.02,41.65,27004,11.27
2025-11-17,BALAJIPHOS,ST,133.65,133.65,133.65,133.65,127.3,10000,13.37
2025-11-17,BALAJITELE,EQ,121.0,121.0,115.35,116.88,120.1,113861,134.39
2025-11-17,BALAMINES,EQ,1228.8,1237.2,1207.0,1214.4,1228.8,62347,760.09
2025-11-17,BALAXI,EQ,37.43,37.9,35.67,35.92,37.43,138878,50.38
2025-11-17,BALCO,SM,26.75,26.75,26.75,26.75,25.5,2400,0.64
2025-11-17,BALKRISHNA,EQ,22.2,22.47,22.0,22.21,22.28,8340,1.85
2025-11-17,BALKRISIND,EQ,2348.4,2375.0,2336.9,2361.8,2329.6,87309,2062.01
2025-11-17,BALMLAWRIE,EQ,191.0,199.29,191.0,196.61,191.87,168923,331.68
2025-11-17,BALPHARMA,EQ,79.6,81.49,79.6,80.17,80.4,4936,3.96
2025-11-17,BALRAMCHIN,EQ,466.0,476.1,460.85,471.9,465.5,466680,2191.76
2025-11-17,BALUFORGE,EQ,627.0,629.8,603.1,605.2,622.35,428706,2623.19
2025-11-17,BANARBEADS,EQ,133.6,137.48,133.6,136.06,133.27,13781,18.65
2025-11-17,BANARISUG,EQ,3644.3,3644.3,3599.0,3601.6,3603.1,300,10.83
2025-11-17,BANCOINDIA,EQ,808.0,819.8,800.4,814.35,806.05,732140,5942.34
2025-11-17,BANDHANBNK,EQ,154.99,157.75,154.55,154.78,154.59,5810479,9068.97
2025-11-17,BANG,EQ,52.1,52.25,51.2,51.73,51.94,12777,6.61
2025-11-17,BANKA,EQ,84.01,89.09,82.48,82.48,86.83,25866,21.6
2025-11-17,BANKBARODA,EQ,289.0,292.4,287.65,287.95,286.75,9325390,27059.86
2025-11-17,BANKBEES,EQ,605.0,608.2,604.42,607.83,603.29,632378,3839.99
2025-11-17,BANKBETF,EQ,59.26,59.69,59.14,59.61,59.09,17415,10.38
2025-11-17,BANKETF,EQ,594.55,598.32,594.54,598.07,593.52,5102,30.48
2025-11-17,BANKETFADD,EQ,59.76,60.14,59.76,60.07,59.66,56029,33.56
2025-11-17,BANKIETF,EQ,61.62,61.62,59.9,60.29,59.83,209687,126.22
2025-11-17,BANKINDIA,EQ,147.25,150.05,146.75,147.35,146.52,11822101,17551.81
2025-11-17,BANKNIFTY1,EQ,606.32,610.0,605.97,608.57,605.95,90650,551.67
2025-11-17,BANKPSU,EQ,84.66,85.87,84.62,85.34,84.24,22885,19.55
2025-11-17,BANSALWIRE,EQ,315.0,315.2,310.0,311.75,313.65,29898,93.3
2025-11-17,BANSWRAS,EQ,122.08,123.99,121.15,123.54,122.98,11957,14.67
2025-11-17,BARFLEX,SM,72.1,75.9,72.1,75.25,73.95,14000,10.44
2025-11-17,BASF,EQ,4390.0,4418.7,4346.0,4383.6,4413.2,21154,925.88
2025-11-17,BASILIC,SM,360.0,364.95,357.55,362.6,355.8,32100,115.9
2025-11-17,BASML,EQ,26.0,29.5,25.82,29.03,25.05,830245,232.81
2025-11-17,BATAINDIA,EQ,1027.1,1029.9,1013.0,1014.6,1027.1,187089,1904.22
2025-11-17,BAWEJA,SM,40.05,40.05,39.1,39.4,39.95,5600,2.21
2025-11-17,BAYERCROP,EQ,4488.0,4574.0,4460.7,4558.4,4476.2,37804,1714.68
2025-11-17,BBETF0432,EQ,1308.01,1308.7,1305.01,1307.63,1308.0,26819,350.62
2025-11-17,BBL,EQ,2936.7,2980.0,2934.0,2967.5,2934.7,10748,318.17
2025-11-17,BBNPNBETF,EQ,59.87,59.87,58.75,59.24,58.75,183,0.11
2025-11-17,BBNPPGOLD,EQ,121.6,121.6,118.3,119.45,121.0,18880,22.46
2025-11-17,BBOX,EQ,558.7,564.45,541.9,552.15,556.95,435134,2404.97
2025-11-17,BBTC,EQ,1832.1,1860.0,1830.0,1842.8,1830.7,53291,984.04
2025-11-17,BBTCL,EQ,223.0,229.35,208.11,216.8,197.28,125387,274.21
2025-11-17,BCG,EQ,14.7,14.84,13.97,14.1,14.03,14795837,2120.96
2025-11-17,BCLIND,EQ,38.0,38.01,36.3,36.58,37.95,1259355,461.8
2025-11-17,BCONCEPTS,BE,340.0,355.5,336.2,344.75,346.35,1874,6.41
2025-11-17,BDL,EQ,1620.1,1629.9,1582.3,1589.5,1613.8,1613157,25870.89
2025-11-17,BEACON,SM,85.2,85.2,76.55,80.2,78.85,39000,31.16
2025-11-17,BEARDSELL,EQ,33.72,33.8,32.02,32.25,34.53,93966,30.67
2025-11-17,BECTORFOOD,EQ,1237.2,1347.8,1237.2,1339.4,1230.7,437334,5738.28
2025-11-17,BEDMUTHA,EQ,113.05,117.58,109.11,114.73,115.2,73661,83.93
2025-11-17,BEL,EQ,427.95,429.5,422.4,424.55,426.85,12996079,55226.93
2025-11-17,BELLACASA,EQ,414.0,448.8,413.95,426.1,407.05,42953,184.88
2025-11-17,BELRISE,EQ,165.95,166.88,160.5,161.33,164.32,4520937,7384.64
2025-11-17,BEML,EQ,2010.0,2034.0,2002.0,2008.7,2009.8,207766,4179.94
2025-11-17,BEPL,EQ,95.64,96.44,95.01,95.41,95.61,280081,267.64
2025-11-17,BERGEPAINT,EQ,579.55,582.8,574.3,578.1,579.55,242696,1404.55
2025-11-17,BESTAGRO,EQ,304.7,311.3,302.3,304.6,301.55,24464,75.12
2025-11-17,BETA,SM,1664.0,1670.0,1529.0,1654.0,1666.05,4725,77.52
2025-11-17,BEWLTD,SM,139.7,139.7,126.75,130.9,135.5,12500,16.45
2025-11-17,BFINVEST,EQ,464.9,469.0,458.0,459.6,463.4,14235,65.77
2025-11-17,BFSI,EQ,28.75,28.76,28.42,28.58,28.44,795691,227.05
2025-11-17,BFUTILITIE,BZ,674.75,689.1,670.0,682.1,674.75,11493,77.8
2025-11-17,BGLOBAL,BZ,4.53,4.53,4.19,4.19,4.42,17922,0.76
2025-11-17,BGRENERGY,BE,409.0,425.0,404.0,411.8,405.7,134783,557.0
2025-11-17,BHADORA,SM,82.6,82.6,77.3,79.5,87.4,90000,71.6
2025-11-17,BHAGCHEM,EQ,248.0,253.0,246.77,251.71,247.17,27109,67.52
2025-11-17,BHAGERIA,EQ,198.33,203.0,198.33,200.46,197.76,73454,147.75
2025-11-17,BHAGYANGR,EQ,165.4,167.4,155.23,161.5,153.67,1732544,2801.65
2025-11-17,BHANDARI,EQ,4.54,4.55,4.46,4.48,4.52,431333,19.33
2025-11-17,BHARATFORG,EQ,1402.0,1402.0,1380.0,1383.7,1396.7,1511212,20967.11
2025-11-17,BHARATGEAR,BE,114.15,114.15,114.15,114.15,108.72,18931,21.61
2025-11-17,BHARATRAS,EQ,10160.0,10379.0,10113.0,10244.0,10103.0,6115,627.6
2025-11-17,BHARATSE,EQ,188.9,190.0,180.5,182.26,187.77,113847,208.68
2025-11-17,BHARATWIRE,EQ,193.73,199.9,191.4,192.43,194.7,117410,228.29
2025-11-17,BHARTIARTL,EQ,2112.0,2122.0,2100.9,2112.2,2100.7,5998770,126763.22
2025-11-17,BHARTIHEXA,EQ,1777.0,1800.0,1773.0,1785.0,1776.9,59937,1071.24
2025-11-17,BHEL,EQ,281.6,286.85,280.6,285.5,281.6,7910619,22528.48
2025-11-17,BIGBLOC,EQ,49.75,54.0,49.75,52.59,50.14,257133,135.2
2025-11-17,BIKAJI,EQ,711.95,716.5,707.45,714.5,711.95,144979,1032.35
2025-11-17,BIKEWO,SM,16.1,16.2,15.2,16.2,15.8,24000,3.82
2025-11-17,BIL,EQ,849.3,865.4,821.2,850.0,845.0,1548,13.1
2025-11-17,BILVYAPAR,EQ,11.28,11.38,10.7,11.04,11.29,3483,0.38
2025-11-17,BIOCON,EQ,412.5,423.15,409.6,420.95,411.15,3740504,15651.29
2025-11-17,BIOFILCHEM,EQ,40.4,40.4,39.01,39.73,39.23,7746,3.06
2025-11-17,BIRDYS,ST,132.0,132.0,132.0,132.0,134.65,1200,1.58
2025-11-17,BIRET,RR,338.8,339.62,334.0,336.28,337.99,317372,1071.81
2025-11-17,BIRLACABLE,EQ,156.0,156.09,152.05,152.44,154.8,16199,24.89
2025-11-17,BIRLACORPN,EQ,1177.1,1190.3,1173.1,1179.3,1176.6,35627,420.57
2025-11-17,BIRLAMONEY,EQ,156.12,157.8,154.51,155.5,156.61,57069,88.81
2025-11-17,BIRLANU,EQ,1756.9,1793.9,1750.0,1777.7,1764.1,8219,145.8
2025-11-17,BLACKBUCK,EQ,700.7,700.7,678.1,683.15,699.0,610964,4203.67
2025-11-17,BLAL,EQ,205.1,205.99,204.0,204.47,205.07,21054,43.08
2025-11-17,BLBLIMITED,EQ,16.77,16.95,16.41,16.64,16.61,38128,6.36
2025-11-17,BLISSGVS,EQ,161.99,165.3,160.5,163.33,161.75,496858,810.6
2025-11-17,BLKASHYAP,EQ,52.5,52.5,51.29,51.97,52.02,757680,392.83
2025-11-17,BLS,EQ,329.7,329.7,323.5,324.9,328.55,960096,3124.71
2025-11-17,BLSE,EQ,210.8,222.5,209.3,220.37,210.8,2418204,5281.68
2025-11-17,BLUECHIP,BE,3.48,3.48,3.48,3.48,3.56,358,0.01
2025-11-17,BLUECOAST,BE,47.01,49.89,47.01,48.18,48.57,6517,3.15
2025-11-17,BLUEDART,EQ,5999.0,6108.5,5985.0,6044.0,5995.0,32524,1969.65
2025-11-17,BLUEJET,EQ,579.2,586.45,577.0,581.45,576.0,251064,1459.28
2025-11-17,BLUEPEBBLE,SM,134.0,141.0,130.4,130.4,163.0,94800,125.34
2025-11-17,BLUESTARCO,EQ,1768.3,1797.9,1765.0,1788.9,1768.4,143839,2566.31
2025-11-17,BLUESTONE,EQ,580.5,580.8,555.9,569.4,574.75,206660,1184.06
2025-11-17,BLUEWATER,SM,164.95,168.1,160.0,165.0,159.15,22000,36.18
2025-11-17,BLUSPRING,EQ,70.5,76.23,70.5,74.2,76.16,332723,245.96
2025-11-17,BMETRICS,SM,48.85,48.85,42.1,44.0,50.55,119200,53.7
2025-11-17,BMWVENTLTD,EQ,69.7,72.58,68.2,71.42,69.7,1064175,754.35
2025-11-17,BODALCHEM,EQ,57.7,58.3,56.6,56.96,57.67,212738,121.84
2025-11-17,BOHRAIND,EQ,20.09,20.09,19.11,20.0,19.48,6498,1.3
2025-11-17,BOMDYEING,EQ,156.74,156.74,151.25,152.15,155.22,656860,1007.99
2025-11-17,BORANA,EQ,284.0,286.3,272.97,283.9,272.7,501829,1408.09
2025-11-17,BOROLTD,EQ,335.35,338.45,332.0,333.0,334.25,51124,170.97
2025-11-17,BORORENEW,EQ,655.95,656.95,645.3,647.5,659.7,353291,2293.69
2025-11-17,BOROSCI,EQ,125.03,127.91,123.0,124.78,124.03,83663,104.53
2025-11-17,BOSCHLTD,EQ,37000.0,37585.0,36915.0,37450.0,36955.0,24671,9211.19
2025-11-17,BOSS,SM,46.4,46.4,46.4,46.4,44.35,2000,0.93
2025-11-17,BPCL,EQ,372.6,381.55,372.0,374.25,371.15,9063998,34167.81
2025-11-17,BPL,EQ,68.74,68.74,67.1,67.65,67.94,35269,23.88
2025-11-17,BRACEPORT,SM,87.2,87.2,85.0,87.2,89.9,16000,13.91
2025-11-17,BRIGADE,EQ,944.2,961.4,940.2,945.4,944.2,180669,1710.74
2025-11-17,BRIGHOTEL,EQ,79.35,80.0,78.9,79.16,79.32,75887,60.14
2025-11-17,BRITANNIA,EQ,5803.5,5850.0,5782.0,5830.5,5803.5,332821,19383.12
2025-11-17,BRNL,EQ,25.99,26.46,25.45,25.62,25.31,262702,68.23
2025-11-17,BROOKS,EQ,106.01,106.93,102.01,102.74,106.95,52595,54.59
2025-11-17,BSE,EQ,2836.5,2836.5,2795.5,2811.9,2827.6,3818270,107399.16
2025-11-17,BSE500IETF,EQ,40.32,40.47,38.93,40.02,40.33,574857,230.42
2025-11-17,BSHSL,EQ,116.5,120.0,116.0,116.22,117.16,14377,16.8
2025-11-17,BSL,EQ,197.31,201.0,194.2,197.63,199.91,7116,14.07
2025-11-17,BSLGOLDETF,EQ,109.09,109.1,107.0,108.36,110.13,383653,415.06
2025-11-17,BSLNIFTY,EQ,30.02,30.25,30.02,30.19,30.08,173182,52.28
2025-11-17,BSLSENETFG,EQ,86.29,86.29,84.11,84.86,84.7,647,0.55
2025-11-17,BSOFT,EQ,388.0,392.0,380.1,390.85,388.7,1045837,4038.21
2025-11-17,BTML,EQ,9.34,9.68,8.71,8.91,9.13,829291,76.36
2025-11-17,BULKCORP,SM,81.1,81.1,81.1,81.1,83.0,1200,0.97
2025-11-17,BUTTERFLY,EQ,717.45,728.75,713.25,725.35,715.55,10346,74.67
2025-11-17,BVCL,BE,45.03,45.03,44.21,44.7,45.43,15597,6.99
2025-11-17,BYKE,EQ,59.29,61.19,59.29,60.19,59.72,58539,35.28
2025-11-17,C2C,ST,685.0,714.35,655.3,677.25,680.35,86700,592.93
2025-11-17,CADSYS,SM,52.7,52.7,50.1,50.1,52.7,6000,3.03
2025-11-17,CALSOFT,EQ,17.3,17.3,16.12,16.74,16.78,26297,4.42
2025-11-17,CALSOFTPP,E1,5.36,5.36,4.67,4.8,4.88,17034,0.86
2025-11-17,CAMLINFINE,EQ,166.5,171.5,166.5,169.91,165.67,481755,816.97
2025-11-17,CAMPUS,EQ,273.7,277.5,269.2,275.65,272.7,278542,762.57
2025-11-17,CAMS,EQ,3940.0,4003.9,3929.1,3964.3,3938.0,192395,7648.3
2025-11-17,CANARYS,SM,34.5,34.5,32.4,33.45,28.75,1000000,341.07
2025-11-17,CANBK,EQ,146.6,150.32,146.27,149.12,146.07,44625403,66595.78
2025-11-17,CANFINHOME,EQ,885.0,914.0,877.8,892.85,884.65,662644,5927.59
2025-11-17,CANHLIFE,EQ,120.39,122.11,119.52,120.44,120.31,824509,995.34
2025-11-17,CANTABIL,EQ,259.4,261.65,253.15,255.4,258.65,764070,1973.19
2025-11-17,CAPACITE,EQ,294.8,314.25,293.25,306.95,290.95,1420284,4359.07
2025-11-17,CAPINVIT,IV,79.53,79.74,78.78,78.92,78.71,343913,271.86
2025-11-17,CAPITALSFB,EQ,270.1,273.45,268.0,271.1,268.75,35262,95.72
2025-11-17,CAPLIPOINT,EQ,1947.9,1950.0,1922.3,1943.2,1925.5,46042,890.22
2025-11-17,CAPTRUST,EQ,19.66,19.66,19.66,19.66,20.7,20130,3.96
2025-11-17,CARBORUNIV,EQ,894.5,901.8,871.05,873.2,885.3,129501,1144.94
2025-11-17,CARERATING,EQ,1612.6,1629.0,1530.1,1537.8,1597.4,85558,1345.59
2025-11-17,CARRARO,EQ,565.0,566.0,542.0,554.85,540.85,445686,2467.2
2025-11-17,CARTRADE,EQ,3100.0,3290.5,3070.2,3268.0,3080.4,492573,15851.08
2025-11-17,CARYSIL,EQ,1015.0,1053.45,1011.05,1034.8,1036.05,141989,1454.55
2025-11-17,CASHIETF,EQ,1037.15,1037.17,1037.15,1037.16,1037.04,1518527,15749.7
2025-11-17,CASTROLIND,EQ,192.5,194.23,192.26,193.47,192.5,944308,1825.13
2025-11-17,CBAZAAR,SM,3.4,3.4,3.35,3.35,3.25,40000,1.35
2025-11-17,CCCL,BE,20.86,21.65,20.35,20.57,21.43,276372,57.47
2025-11-17,CCHHL,EQ,16.41,16.74,16.16,16.24,16.41,23507,3.84
2025-11-17,CCL,EQ,1065.5,1065.7,1043.75,1051.25,1053.1,326332,3430.55
2025-11-17,CDSL,EQ,1629.8,1640.0,1621.0,1631.5,1625.8,1219735,19888.79
2025-11-17,CEATLTD,EQ,4022.9,4095.0,3995.9,4019.9,3986.4,105749,4282.39
2025-11-17,CEDAAR,SM,77.5,80.9,77.5,78.6,80.35,10000,7.9
2025-11-17,CEIGALL,EQ,245.7,249.4,244.0,245.5,246.35,122325,301.5
2025-11-17,CELEBRITY,EQ,10.17,10.44,10.1,10.16,10.18,21676,2.21
2025-11-17,CELLECOR,SM,28.4,29.2,27.7,28.1,28.9,507000,143.7
2025-11-17,CELLO,EQ,625.4,630.9,613.9,615.35,625.4,139462,865.89
2025-11-17,CELLPOINT,SM,17.0,17.8,17.0,17.8,18.65,7200,1.25
2025-11-17,CEMPRO,EQ,822.0,861.75,820.0,840.95,825.5,541168,4564.39
2025-11-17,CENTENKA,EQ,458.8,460.5,453.65,455.75,458.8,7353,33.48
2025-11-17,CENTEXT,BE,26.5,27.45,26.0,26.54,26.33,76971,20.49
2025-11-17,CENTRALBK,EQ,38.09,39.55,37.91,38.85,37.91,16450256,6432.87
2025-11-17,CENTRUM,EQ,33.34,34.0,32.57,33.06,33.04,342222,113.61
2025-11-17,CENTUM,EQ,2464.3,2575.0,2423.0,2553.7,2446.2,69906,1775.5
2025-11-17,CENTURYPLY,EQ,790.0,793.75,780.1,786.65,792.4,39228,308.72
2025-11-17,CERA,EQ,5621.0,5660.0,5588.5,5620.5,5617.0,30249,1700.26
2025-11-17,CEREBRAINT,BZ,8.18,8.6,8.07,8.23,8.34,51825,4.27
2025-11-17,CESC,EQ,175.08,178.1,172.81,175.7,174.41,2442534,4283.29
2025-11-17,CEWATER,EQ,431.0,431.0,421.05,421.65,422.6,12920,54.73
2025-11-17,CGCL,EQ,198.9,200.98,196.0,196.54,198.35,981172,1934.24
2025-11-17,CGPOWER,EQ,743.5,753.6,739.65,749.75,743.5,2198843,16432.73
2025-11-17,CGRAPHICS,SM,207.0,217.0,207.0,214.0,205.15,102400,218.11
2025-11-17,CHALET,EQ,883.0,886.8,869.05,870.95,884.05,103085,901.46
2025-11-17,CHAMBLFERT,EQ,464.0,474.55,462.25,469.3,463.55,1188617,5579.64
2025-11-17,CHAMUNDA,SM,50.05,56.0,49.0,55.05,50.85,126000,66.59
2025-11-17,CHANDAN,SM,330.0,348.95,320.6,337.3,313.4,117600,391.84
2025-11-17,CHAVDA,SM,92.25,92.25,86.0,88.95,95.05,138000,122.48
2025-11-17,CHEMBOND,EQ,172.76,174.35,170.5,170.79,169.89,3595,6.18
2025-11-17,CHEMBONDCH,EQ,148.0,151.48,148.0,149.84,146.11,9681,14.5
2025-11-17,CHEMCON,EQ,235.0,236.13,229.5,230.36,237.5,82383,190.78
2025-11-17,CHEMFAB,EQ,537.7,537.7,515.55,522.4,529.8,14790,77.25
2025-11-17,CHEMPLASTS,EQ,345.0,345.0,337.75,339.35,345.1,48738,166.17
2025-11-17,CHENNPETRO,EQ,1039.0,1082.7,1030.5,1075.8,1029.0,3534988,37542.46
2025-11-17,CHETANA,SM,68.95,68.95,60.0,62.35,66.25,38400,24.17
2025-11-17,CHEVIOT,EQ,1118.6,1136.8,1118.2,1122.6,1125.8,1673,18.79
2025-11-17,CHOICEGOLD,EQ,124.69,124.69,121.0,122.76,124.69,29593,36.2
2025-11-17,CHOICEIN,EQ,784.85,796.0,783.7,789.55,784.85,294458,2326.78
2025-11-17,CHOLAFIN,EQ,1724.0,1724.0,1695.8,1699.7,1714.6,888281,15143.43
2025-11-17,CHOLAHLDNG,EQ,1976.5,2008.0,1946.5,1972.9,1976.5,154453,3035.9
2025-11-17,CIEINDIA,EQ,428.8,434.1,428.75,432.3,428.8,49110,212.29
2025-11-17,CIFL,EQ,34.4,34.4,33.47,34.05,34.18,118762,40.31
2025-11-17,CIGNITITEC,EQ,1760.0,1778.9,1730.4,1748.5,1743.0,26546,463.17
2025-11-17,CINELINE,EQ,87.78,88.95,86.5,86.63,86.49,21757,19.01
2025-11-17,CINEVISTA,EQ,17.77,17.77,16.92,17.03,17.38,29884,5.09
2025-11-17,CIPLA,EQ,1537.5,1538.4,1526.5,1535.6,1532.1,912322,13995.74
2025-11-17,CLASSICEIL,SM,85.1,85.1,85.1,85.1,85.0,1600,1.36
2025-11-17,CLEAN,EQ,924.2,942.1,924.2,935.1,921.0,239500,2235.37
2025-11-17,CLEDUCATE,BE,87.99,89.39,84.5,86.69,87.78,24668,21.22
2025-11-17,CLSEL,EQ,273.05,274.0,267.85,270.05,273.05,25711,69.34
2025-11-17,CMICABLES,BZ,4.29,4.29,4.29,4.29,4.09,3981,0.17
2025-11-17,CMNL,SM,156.0,156.0,147.35,149.2,154.35,11250,16.99
2025-11-17,CMRSL,SM,70.0,72.0,70.0,72.0,73.0,1600,1.14
2025-11-17,CMSINFO,EQ,358.0,360.15,354.15,358.95,357.85,692450,2479.11
2025-11-17,COALINDIA,EQ,387.0,389.2,386.15,387.85,386.95,3847261,14923.32
2025-11-17,COASTCORP,EQ,40.84,41.79,40.71,40.98,40.85,90206,37.23
2025-11-17,COCHINSHIP,EQ,1728.4,1754.6,1717.6,1721.7,1725.3,878395,15238.63
2025-11-17,COFFEEDAY,BE,37.66,37.99,36.48,36.58,38.4,1300314,480.79
2025-11-17,COFORGE,EQ,1806.1,1815.1,1791.5,1801.1,1799.6,518247,9340.14
2025-11-17,COHANCE,EQ,615.9,624.0,608.8,611.45,615.5,1315864,8084.2
2025-11-17,COLPAL,EQ,2172.9,2194.6,2172.9,2186.6,2172.7,135290,2958.54
2025-11-17,COMMITTED,ST,193.5,193.5,193.5,193.5,193.5,800,1.55
2025-11-17,COMMOIETF,EQ,94.77,95.5,94.5,94.93,94.71,60947,57.84
2025-11-17,COMPINFO,BZ,2.37,2.37,2.2,2.35,2.26,19815,0.46
2025-11-17,COMPUSOFT,EQ,17.61,18.55,17.61,18.09,17.83,16808,3.04
2025-11-17,COMSYN,BE,139.99,143.45,138.07,138.19,139.08,13193,18.35
2025-11-17,CONCOR,EQ,518.85,521.95,517.1,518.15,518.85,1443272,7500.55
2025-11-17,CONCORDBIO,EQ,1513.0,1513.0,1473.1,1502.3,1499.2,55533,831.74
2025-11-17,CONFIPET,EQ,40.65,41.3,40.15,41.13,40.41,427915,174.86
2025-11-17,CONNPLEX,SM,221.6,224.55,221.05,223.4,219.4,24800,55.3
2025-11-17,CONS,EQ,127.03,127.87,126.11,127.45,126.66,3275,4.17
2025-11-17,CONSOFINVT,EQ,171.6,178.0,171.6,175.29,174.87,3433,6.03
2025-11-17,CONSUMBEES,EQ,141.84,141.84,137.61,138.74,137.71,99679,137.92
2025-11-17,CONSUMER,EQ,12.1,12.26,12.1,12.24,12.11,118127,14.44
2025-11-17,CONSUMIETF,EQ,128.43,128.7,128.0,128.54,127.8,19809,25.43
2025-11-17,CONTROLPR,EQ,744.0,744.0,712.95,729.9,742.4,37705,274.53
2025-11-17,COOLCAPS,SM,83.25,83.25,81.9,82.15,83.1,50000,41.22
2025-11-17,CORALFINAC,EQ,40.0,41.79,39.5,40.16,40.56,15677,6.37
2025-11-17,CORDSCABLE,EQ,170.06,184.0,170.0,182.27,170.78,53776,94.68
2025-11-17,COROMANDEL,EQ,2203.0,2229.4,2182.7,2212.4,2202.7,346342,7658.21
2025-11-17,COSMOFIRST,EQ,791.0,802.9,784.55,786.2,790.35,30828,243.95
2025-11-17,COUNCODOS,EQ,5.98,6.56,5.95,6.49,5.98,142315,9.03
2025-11-17,CPCAP,EQ,120.66,120.67,113.51,114.62,120.06,34806,40.35
2025-11-17,CPEDU,EQ,295.0,295.0,280.0,284.25,289.4,13415,38.62
2025-11-17,CPPLUS,EQ,1620.9,1703.2,1604.8,1678.0,1620.9,319110,5304.52
2025-11-17,CPS,SM,1040.0,1040.0,1030.0,1031.4,1060.0,1950,20.18
2025-11-17,CPSEETF,EQ,93.78,93.9,93.33,93.6,93.4,779247,729.5
2025-11-17,CRAFTSMAN,EQ,6760.0,6820.0,6750.0,6784.0,6746.0,20613,1400.41
2025-11-17,CRAMC,EQ,293.0,299.3,291.95,297.85,292.1,1323036,3912.44
2025-11-17,CRAYONS,SM,44.7,44.7,44.7,44.7,45.9,1000,0.45
2025-11-17,CREATIVE,EQ,710.0,714.4,686.95,704.3,703.8,26007,182.39
2025-11-17,CREATIVEYE,EQ,7.22,7.46,7.22,7.37,7.28,8441,0.62
2025-11-17,CREDITACC,EQ,1370.0,1380.0,1351.0,1356.0,1366.7,125144,1708.15
2025-11-17,CREST,EQ,366.0,369.0,359.95,367.3,376.5,14001,51.09
2025-11-17,CRISIL,EQ,4675.0,4795.0,4651.6,4718.8,4639.2,32524,1538.64
2025-11-17,CRIZAC,EQ,293.95,293.95,277.85,278.9,293.55,1231516,3477.93
2025-11-17,CROMPTON,EQ,276.15,278.2,273.65,274.35,276.15,1786175,4919.79
2025-11-17,CROWN,EQ,143.0,143.0,133.3,134.9,137.73,33117,45.68
2025-11-17,CSBBANK,EQ,427.45,443.9,418.3,422.2,427.45,576456,2490.58
2025-11-17,CSLFINANCE,EQ,304.7,317.0,304.7,312.95,303.35,56560,176.81
2025-11-17,CTE,EQ,51.43,51.43,47.76,47.79,50.28,49310,23.92
2025-11-17,CUB,EQ,272.0,283.09,271.14,277.94,270.59,11057775,30818.8
2025-11-17,CUBEXTUB,EQ,91.4,91.61,89.0,89.72,89.94,22273,20.14
2025-11-17,CUDML,SM,160.0,160.0,156.05,159.35,157.7,104000,165.57
2025-11-17,CUMMINSIND,EQ,4289.9,4389.8,4287.9,4381.2,4283.2,525370,22815.84
2025-11-17,CUPID,EQ,315.0,315.0,304.1,308.55,312.84,2835584,8794.74
2025-11-17,CURAA,BE,154.07,170.0,154.07,154.07,162.18,2308,3.58
2025-11-17,CURIS,ST,133.95,137.0,133.95,133.95,141.0,208000,279.74
2025-11-17,CURRENT,SM,153.0,155.25,151.0,154.1,149.65,99200,151.97
2025-11-17,CYBERMEDIA,BE,17.39,18.0,17.12,17.84,17.39,5728,1.01
2025-11-17,CYBERTECH,BE,153.6,154.2,150.3,152.18,151.67,38315,58.31
2025-11-17,CYIENT,EQ,1135.0,1138.5,1120.6,1134.2,1131.6,217107,2456.93
2025-11-17,CYIENTDLM,EQ,434.9,449.45,429.25,447.6,428.85,263695,1159.59
2025-11-17,DABUR,EQ,529.0,529.9,523.35,524.25,525.0,1856462,9755.32
2025-11-17,DALBHARAT,EQ,2032.6,2044.7,2010.4,2014.6,2032.6,118127,2389.09
2025-11-17,DALMIASUG,EQ,323.8,325.95,315.0,318.6,316.8,32668,104.44
2025-11-17,DAMCAPITAL,EQ,239.46,258.5,237.09,251.84,239.46,3587210,9027.56
2025-11-17,DAMODARIND,EQ,32.99,33.98,32.4,32.64,33.0,3220,1.05
2025-11-17,DANGEE,EQ,3.99,3.99,3.5,3.71,3.89,289934,11.25
2025-11-17,DANISH,SM,750.1,772.0,730.2,759.1,750.85,29400,219.16
2025-11-17,DATAMATICS,EQ,883.95,933.25,883.95,901.35,879.15,391767,3579.93
2025-11-17,DATAPATTNS,EQ,3110.0,3193.6,3061.1,3085.9,3100.7,1126659,35028.3
2025-11-17,DAVANGERE,EQ,3.8,3.81,3.69,3.78,3.74,2893219,108.6
2025-11-17,DBCORP,EQ,258.1,262.45,255.0,261.7,259.7,148550,384.56
2025-11-17,DBEIL,EQ,133.5,139.35,133.0,136.07,138.63,122266,164.49
2025-11-17,DBL,EQ,467.2,468.75,451.0,456.2,465.95,417837,1908.68
2025-11-17,DBOL,EQ,70.5,72.6,69.67,69.89,70.53,61254,43.25
2025-11-17,DBREALTY,EQ,146.91,150.71,140.1,141.2,146.3,1868025,2693.89
2025-11-17,DBSTOCKBRO,EQ,24.98,25.01,24.71,24.93,24.93,5261,1.31
2025-11-17,DCAL,EQ,249.7,252.9,246.15,251.75,249.2,175286,438.62
2025-11-17,DCBBANK,EQ,175.01,187.0,175.01,186.15,175.5,11343122,20842.34
2025-11-17,DCCL,SM,56.95,56.95,56.0,56.0,55.55,4000,2.26
2025-11-17,DCG,SM,76.0,76.0,71.5,74.55,76.05,44400,32.72
2025-11-17,DCI,EQ,246.95,257.7,245.0,246.3,245.25,15024,37.58
2025-11-17,DCM,EQ,99.24,102.2,97.21,98.12,99.24,53973,54.02
2025-11-17,DCMFINSERV,EQ,5.41,5.74,5.41,5.49,5.75,11015,0.61
2025-11-17,DCMNVL,EQ,145.0,145.0,132.01,135.66,141.28,30540,41.59
2025-11-17,DCMSHRIRAM,EQ,1230.1,1242.8,1198.9,1211.0,1236.4,61617,751.2
2025-11-17,DCMSRIND,EQ,160.5,165.75,160.4,164.91,160.2,108177,177.17
2025-11-17,DCW,EQ,67.78,71.5,66.51,70.66,67.45,2987042,2069.62
2025-11-17,DCXINDIA,EQ,207.63,209.33,203.25,203.73,207.1,447474,918.55
2025-11-17,DDEVPLSTIK,EQ,275.0,296.0,275.0,294.35,274.5,215872,626.27
2025-11-17,DECCANCE,EQ,1007.2,1019.1,873.0,883.3,1001.4,346165,3175.98
2025-11-17,DECCANTRAN,SM,30.8,32.0,30.15,30.35,32.05,93600,28.94
2025-11-17,DEEDEV,EQ,230.0,239.0,228.75,236.75,228.75,82985,193.5
2025-11-17,DEEM,SM,47.35,50.0,47.35,49.0,49.55,21000,10.4
2025-11-17,DEEPAKFERT,EQ,1411.6,1451.0,1405.5,1443.5,1411.6,261791,3757.18
2025-11-17,DEEPAKNTR,EQ,1740.9,1748.7,1722.5,1730.3,1741.0,103875,1801.65
2025-11-17,DEEPINDS,EQ,476.3,492.45,472.2,488.4,476.3,229658,1114.06
2025-11-17,DELAPLEX,SM,134.0,143.5,134.0,143.5,140.0,8400,11.84
2025-11-17,DELHIVERY,EQ,437.15,443.45,436.6,440.1,436.4,1277411,5631.45
2025-11-17,DELPHIFX,EQ,199.97,200.0,196.0,197.95,200.23,35358,69.98
2025-11-17,DELTACORP,EQ,71.79,72.76,71.79,72.35,71.78,556967,402.89
2025-11-17,DELTAMAGNT,EQ,73.01,75.88,72.0,72.37,72.69,9850,7.28
2025-11-17,DELTIC,SM,60.0,60.0,50.1,53.0,62.25,234000,125.26
2025-11-17,DEN,EQ,31.75,33.2,31.75,32.29,31.79,545713,177.49
2025-11-17,DENEERS,SM,158.1,159.0,151.0,151.05,161.0,25200,39.28
2025-11-17,DENORA,EQ,745.4,755.1,725.1,738.75,753.25,7488,55.26
2025-11-17,DENTA,EQ,402.95,404.95,390.85,393.1,401.4,123871,492.95
2025-11-17,DENTALKART,SM,580.0,591.05,580.0,584.0,579.7,16750,98.2
2025-11-17,DESTINY,SM,124.5,124.5,113.85,119.9,119.8,6000,7.08
2025-11-17,DEVIT,EQ,41.0,42.0,40.0,40.29,41.27,91816,37.35
2025-11-17,DEVX,EQ,42.5,42.97,40.37,40.98,42.64,194688,80.73
2025-11-17,DEVYANI,EQ,138.6,146.0,138.1,142.57,138.07,5833888,8332.64
2025-11-17,DGCONTENT,EQ,35.53,36.49,35.11,35.38,35.53,28959,10.28
2025-11-17,DHAMPURSUG,EQ,131.88,132.99,130.0,131.59,131.28,89838,118.04
2025-11-17,DHANBANK,EQ,26.95,27.89,26.95,27.32,26.88,1180740,323.14
2025-11-17,DHANLAXMI,SM,35.65,37.2,35.5,35.95,36.5,16000,5.77
2025-11-17,DHANUKA,EQ,1263.1,1297.9,1261.8,1273.5,1266.9,54568,698.0
2025-11-17,DHARAN,BZ,0.48,0.49,0.46,0.46,0.49,26029295,121.85
2025-11-17,DHARIWAL,ST,318.0,318.0,293.3,297.55,307.3,60600,183.15
2025-11-17,DHARMAJ,EQ,243.1,245.3,235.1,236.5,242.1,72343,172.76
2025-11-17,DHRUV,EQ,52.7,52.7,48.3,50.76,50.97,11558,5.8
2025-11-17,DHTL,ST,104.45,115.0,104.45,115.0,109.95,4000,4.28
2025-11-17,DHUNINV,EQ,1321.1,1325.9,1250.0,1268.5,1320.4,3134,40.41
2025-11-17,DIACABS,EQ,150.71,155.0,150.12,151.02,150.71,782351,1196.16
2025-11-17,DIAMINESQ,EQ,286.85,290.45,278.15,284.0,288.55,5302,15.01
2025-11-17,DIAMONDYD,EQ,1065.4,1072.0,1056.1,1061.0,1064.3,23184,246.24
2025-11-17,DICIND,EQ,517.0,524.0,514.0,521.35,514.25,1513,7.87
2025-11-17,DIFFNKG,EQ,367.05,374.95,333.05,340.2,368.1,244602,861.04
2025-11-17,DIGIDRIVE,EQ,29.29,29.29,28.25,28.62,28.84,25873,7.39
2025-11-17,DIGIKORE,SM,73.5,73.5,70.25,71.45,73.5,22400,16.04
2025-11-17,DIGISPICE,BE,23.21,24.19,23.21,23.98,23.85,52222,12.39
2025-11-17,DIGITIDE,EQ,142.0,149.55,142.0,148.63,145.36,188645,276.92
2025-11-17,DIGJAMLMTD,BE,41.1,43.14,41.0,42.95,43.16,1016,0.42
2025-11-17,DIL,EQ,1.89,1.94,1.85,1.89,1.89,240495,4.55
2025-11-17,DISHTV,EQ,4.45,4.47,4.4,4.42,4.48,1841358,81.51
2025-11-17,DIVGIITTS,EQ,652.85,673.65,643.0,657.9,642.95,20566,135.27
2025-11-17,DIVINEHIRA,ST,150.0,153.9,150.0,153.9,146.6,67200,102.83
2025-11-17,DIVISLAB,EQ,6528.0,6559.0,6476.0,6518.5,6511.5,242726,15814.03
2025-11-17,DIVOPPBEES,EQ,81.4,81.56,80.95,81.41,81.12,92062,74.95
2025-11-17,DIVYADHAN,SM,36.45,36.45,36.35,36.35,35.55,4000,1.46
2025-11-17,DIXON,EQ,15520.0,15698.0,15353.0,15641.0,15419.0,232740,36263.42
2025-11-17,DJML,EQ,75.0,75.0,67.6,69.22,73.18,75556,54.25
2025-11-17,DLF,EQ,768.0,772.8,764.95,768.5,764.85,1312234,10081.84
2025-11-17,DLINKINDIA,EQ,458.0,458.95,447.1,450.7,456.2,50939,231.0
2025-11-17,DMART,EQ,4059.9,4086.0,4032.0,4036.2,4053.7,186267,7533.92
2025-11-17,DMCC,EQ,285.0,288.1,281.15,282.25,284.25,12194,34.79
2025-11-17,DNAMEDIA,EQ,4.32,4.42,4.02,4.17,4.22,93698,3.93
2025-11-17,DODLA,EQ,1216.3,1222.0,1206.2,1215.1,1205.0,12988,157.62
2025-11-17,DOLATALGO,EQ,77.47,79.9,75.35,76.15,77.45,337314,259.95
2025-11-17,DOLLAR,EQ,368.0,379.7,366.1,368.7,366.2,120487,447.72
2025-11-17,DOLLEX,SM,42.45,42.45,40.0,40.95,40.75,12000,4.94
2025-11-17,DOLPHIN,EQ,385.1,394.9,383.15,386.7,385.0,5495,21.37
2025-11-17,DOMS,EQ,2625.0,2649.1,2581.0,2599.6,2621.7,41127,1074.56
2025-11-17,DONEAR,EQ,104.95,104.95,99.16,99.89,102.44,42451,42.89
2025-11-17,DPABHUSHAN,EQ,1495.0,1620.0,1485.0,1568.7,1492.6,95926,1509.57
2025-11-17,DPEL,ST,276.4,276.4,276.4,276.4,282.0,9000,24.88
2025-11-17,DPSCLTD,EQ,11.1,11.24,11.05,11.11,11.21,141855,15.78
2025-11-17,DPWIRES,EQ,225.01,226.95,220.01,221.76,229.26,25161,56.27
2025-11-17,DRCSYSTEMS,EQ,19.34,19.8,18.18,18.37,18.8,194862,36.25
2025-11-17,DREAMFOLKS,EQ,120.45,126.19,120.0,123.04,120.45,308795,380.49
2025-11-17,DREDGECORP,EQ,793.0,797.7,782.2,783.8,788.35,49416,390.21
2025-11-17,DRONE,SM,81.05,87.0,81.0,83.75,83.8,35000,29.61
2025-11-17,DRREDDY,EQ,1253.0,1253.0,1240.5,1244.4,1246.0,1423044,17719.17
2025-11-17,DSSL,EQ,999.0,1015.3,974.7,999.25,950.1,110628,1101.34
2025-11-17,DTIL,EQ,168.99,174.0,164.1,169.24,164.86,17549,29.83
2025-11-17,DTL,SM,159.5,159.5,157.4,157.4,161.9,7200,11.41
2025-11-17,DUCOL,SM,196.4,200.7,196.0,197.1,201.0,12000,23.69
2025-11-17,DUCON,EQ,4.77,4.77,4.6,4.61,4.73,620823,28.94
2025-11-17,DUGLOBAL,SM,30.0,30.0,29.1,29.35,30.0,52500,15.55
2025-11-17,DURLAX,SM,38.65,38.65,37.5,38.25,38.65,18000,6.82
2025-11-17,DVL,EQ,306.25,309.15,304.5,304.9,309.25,23092,70.62
2025-11-17,DWARKESH,EQ,41.99,42.16,41.5,41.64,41.82,285840,119.26
2025-11-17,DYCL,EQ,367.35,374.8,364.0,371.15,365.5,171955,635.42
2025-11-17,DYNAMATECH,EQ,9755.0,9770.0,9459.0,9593.5,9715.0,28645,2751.33
2025-11-17,DYNAMIC,SM,87.75,94.35,85.4,94.35,89.9,99000,88.08
2025-11-17,DYNPRO,EQ,274.4,281.85,266.0,278.2,274.4,37795,103.21
2025-11-17,E2E,EQ,2602.0,2660.0,2580.3,2611.6,2647.1,135780,3554.03
2025-11-17,EASEMYTRIP,EQ,7.9,7.9,7.52,7.71,7.95,18576794,1433.71
2025-11-17,EASTSILK,BE,77.21,77.21,77.21,77.21,73.54,8506,6.57
2025-11-17,EBANKNIFTY,EQ,58.48,59.2,58.48,59.2,58.77,2111,1.25
2025-11-17,EBBETF0430,EQ,1604.9,1604.9,1511.42,1561.91,1558.16,8845,138.01
2025-11-17,EBBETF0431,EQ,1399.39,1399.39,1392.25,1394.53,1394.3,4845,67.52
2025-11-17,EBBETF0433,EQ,1274.31,1274.99,1273.0,1274.99,1273.67,4038,51.43
2025-11-17,EBGNG,EQ,335.45,337.65,330.25,332.1,331.5,104830,350.26
2025-11-17,ECAPINSURE,EQ,24.5,24.5,24.13,24.35,24.17,130025,31.63
2025-11-17,ECLERX,EQ,4400.6,4584.7,4400.6,4565.1,4400.6,92268,4165.57
2025-11-17,ECOLINE,SM,138.5,138.5,137.6,138.0,140.0,11000,15.17
2025-11-17,ECOSMOBLTY,EQ,239.85,260.05,235.1,246.0,237.96,1546949,3801.2
2025-11-17,EDELWEISS,EQ,117.45,117.6,115.42,117.05,116.39,3675902,4290.94
2025-11-17,EDUCOMP,BZ,1.3,1.38,1.26,1.37,1.33,61167,0.8
2025-11-17,EEPL,SM,180.0,189.9,177.95,182.6,173.4,111000,203.71
2025-11-17,EFACTOR,ST,308.0,313.85,300.0,305.3,313.15,6800,20.93
2025-11-17,EFCIL,EQ,304.5,309.05,295.1,296.6,303.55,320249,965.34
2025-11-17,EFFWA,SM,251.9,252.0,243.25,248.25,251.55,44800,111.21
2025-11-17,EFORCE,SM,35.05,40.5,35.05,38.5,39.2,39600,14.87
2025-11-17,EGOLD,EQ,123.4,123.4,122.05,122.95,124.5,32295,39.67
2025-11-17,EICHERMOT,EQ,6730.0,6809.0,6675.0,6799.0,6695.0,789635,53474.42
2025-11-17,EIDPARRY,EQ,1029.0,1063.5,1028.7,1051.1,1025.4,251544,2649.08
2025-11-17,EIEL,EQ,225.9,229.2,225.3,227.35,225.75,615610,1397.44
2025-11-17,EIFFL,EQ,227.96,230.99,227.02,228.2,229.32,21835,49.88
2025-11-17,EIHAHOTELS,EQ,369.85,372.9,366.05,367.95,369.5,19716,72.58
2025-11-17,EIHOTEL,EQ,377.1,380.0,373.35,374.45,377.1,321451,1207.16
2025-11-17,EIMCOELECO,EQ,1761.1,1761.1,1709.0,1712.9,1762.9,19615,338.21
2025-11-17,EKC,EQ,135.5,135.5,130.55,132.47,141.7,609075,810.79
2025-11-17,ELDEHSG,EQ,860.0,871.4,850.0,865.5,860.05,532,4.59
2025-11-17,ELECON,EQ,535.65,547.0,532.0,545.55,535.65,288146,1558.1
2025-11-17,ELECTCAST,EQ,80.7,82.15,79.59,79.9,80.63,1299058,1050.65
2025-11-17,ELECTHERM,EQ,920.0,920.0,880.5,885.35,898.55,17724,158.29
2025-11-17,ELGIEQUIP,EQ,506.0,534.4,500.15,514.7,501.5,3816106,19943.9
2025-11-17,ELGIRUBCO,BE,57.06,57.06,54.21,54.32,57.07,56171,30.87
2025-11-17,ELGNZ,SM,100.0,101.35,97.0,97.65,100.1,20000,19.67
2025-11-17,ELIN,EQ,193.55,195.38,188.0,189.17,195.49,99261,189.18
2025-11-17,ELIQUID,EQ,1006.48,1006.48,1006.48,1006.48,1006.33,1640,16.51
2025-11-17,ELLEN,EQ,445.0,445.35,433.55,436.6,440.65,234403,1026.97
2025-11-17,ELM250,EQ,16.86,16.96,16.84,16.93,16.86,7193,1.21
2025-11-17,EMAMILTD,EQ,520.35,525.1,516.1,522.15,520.35,602671,3138.4
2025-11-17,EMAMIPAP,EQ,94.79,95.99,94.05,94.2,94.65,7930,7.49
2025-11-17,EMAMIREAL,EQ,93.45,93.53,90.01,93.01,92.9,33933,31.43
2025-11-17,EMAPARTNER,SM,96.5,97.95,90.4,95.7,98.0,28000,26.59
2025-11-17,EMBASSY,RR,417.62,419.87,416.14,418.49,415.71,872232,3649.23
2025-11-17,EMBDL,EQ,84.22,86.49,83.65,84.74,84.22,4685061,3992.68
2025-11-17,EMCURE,EQ,1380.3,1447.6,1371.0,1394.1,1371.8,478379,6762.75
2025-11-17,EMIL,EQ,132.69,135.63,132.53,134.5,132.69,294244,394.34
2025-11-17,EMKAY,BE,293.1,306.8,293.1,295.55,300.85,6569,19.49
2025-11-17,EMKAYTOOLS,SM,142.0,142.0,133.0,136.65,146.0,9450,12.96
2025-11-17,EMMBI,EQ,114.6,116.9,113.62,115.46,111.06,64375,74.17
2025-11-17,EMMIL,SM,179.95,182.0,176.95,179.95,180.25,59500,107.09
2025-11-17,EMSLIMITED,EQ,473.45,481.0,462.65,468.35,484.45,410559,1931.82
2025-11-17,EMUDHRA,EQ,616.2,619.5,603.9,608.45,616.25,122723,748.33
2025-11-17,EMULTIMQ,EQ,42.61,43.19,42.61,43.15,42.79,19059,8.2
2025-11-17,ENDURANCE,EQ,2700.4,2713.0,2671.5,2686.5,2686.2,77984,2105.57
2025-11-17,ENERGY,EQ,36.43,36.5,36.33,36.48,36.19,15048,5.49
2025-11-17,ENERGYDEV,EQ,19.76,22.59,19.76,22.18,19.21,887812,191.64
2025-11-17,ENFUSE,SM,214.0,225.0,205.0,222.8,201.05,39600,85.71
2025-11-17,ENGINERSIN,EQ,202.4,210.97,201.4,204.99,200.25,11599980,24029.06
2025-11-17,ENIL,EQ,132.0,133.28,130.5,132.45,131.65,15297,20.16
2025-11-17,ENRIN,EQ,3274.0,3312.6,3274.0,3296.1,3257.6,217701,7169.74
2025-11-17,ENSER,SM,16.4,17.75,16.2,17.7,18.0,180000,30.34
2025-11-17,ENTERO,EQ,1125.9,1142.7,1122.3,1136.3,1121.3,76186,864.84
2025-11-17,ENVIRO,SM,140.0,142.95,137.0,140.5,143.15,31000,43.21
2025-11-17,EPACK,EQ,282.0,285.0,278.1,279.05,279.35,467407,1314.96
2025-11-17,EPACKPEB,EQ,335.85,335.85,322.3,328.6,327.55,2970862,9785.48
2025-11-17,EPIGRAL,EQ,1522.8,1524.0,1486.3,1513.1,1507.7,22939,345.24
2025-11-17,EPL,EQ,199.89,201.0,197.0,199.73,200.34,400650,799.83
2025-11-17,EQUAL200,EQ,13.54,13.61,13.54,13.57,13.48,8451,1.15
2025-11-17,EQUAL50,EQ,332.46,334.07,332.46,334.07,331.3,265,0.88
2025-11-17,EQUAL50ADD,EQ,343.55,344.47,342.3,343.38,342.79,4083,14.01
2025-11-17,EQUIPPP,BE,17.11,17.8,17.01,17.05,17.91,45876,7.91
2025-11-17,EQUITASBNK,EQ,60.65,65.0,60.39,64.72,60.05,17827542,11332.45
2025-11-17,ERIS,EQ,1572.5,1572.5,1547.6,1566.5,1550.4,46611,726.43
2025-11-17,ESABINDIA,EQ,5306.0,5445.9,5306.0,5413.2,5305.9,8999,485.38
2025-11-17,ESAFSFB,EQ,26.94,27.29,26.81,26.85,26.94,268460,72.43
2025-11-17,ESCONET,SM,192.1,192.1,192.1,192.1,202.2,8000,15.37
2025-11-17,ESCORTS,EQ,3552.0,3636.0,3552.0,3623.4,3551.1,67893,2452.76
2025-11-17,ESFL,SM,244.95,244.95,232.0,242.15,233.6,216360,519.49
2025-11-17,ESG,EQ,43.96,44.33,43.96,44.3,44.03,12646,5.59
2025-11-17,ESILVER,EQ,158.7,158.7,153.33,155.7,160.29,642151,999.3
2025-11-17,ESPRIT,SM,68.0,68.0,65.25,67.5,70.45,36800,24.69
2025-11-17,ESSARSHPNG,BE,31.93,31.93,31.05,31.12,32.52,178943,55.97
2025-11-17,ESSENTIA,EQ,1.71,1.73,1.68,1.69,1.71,2005647,34.11
2025-11-17,ESTER,EQ,105.8,106.56,102.35,103.81,105.75,143169,150.35
2025-11-17,ETERNAL,EQ,303.1,309.85,300.55,309.55,303.75,26632684,81583.8
2025-11-17,ETHOSLTD,EQ,2856.7,2920.0,2842.9,2885.0,2850.4,10172,292.06
2025-11-17,ETL,SM,910.0,919.0,890.0,890.0,900.0,750,6.82
2025-11-17,ETML,SM,117.0,117.0,117.0,117.0,117.0,1200,1.4
2025-11-17,EUREKAFORB,EQ,588.6,598.3,580.1,591.8,587.45,232850,1374.56
2025-11-17,EUROBOND,EQ,203.0,207.98,201.28,202.32,203.57,5997,12.25
2025-11-17,EUROPRATIK,EQ,355.0,390.0,355.0,381.8,353.4,1795386,6758.61
2025-11-17,EVEREADY,EQ,331.3,350.55,331.3,348.5,330.85,179623,623.01
2025-11-17,EVERESTIND,EQ,573.3,585.0,555.1,561.2,573.3,6123,34.71
2025-11-17,EVIETF,EQ,31.33,31.68,31.27,31.41,31.34,163676,51.44
2025-11-17,EVINDIA,EQ,31.49,31.5,31.24,31.47,31.34,145681,45.76
2025-11-17,EXCEL,BE,1.54,1.56,1.47,1.52,1.54,2342003,35.33
2025-11-17,EXCELINDUS,EQ,998.0,1000.9,966.1,981.7,996.7,14229,139.42
2025-11-17,EXCELLENT,SM,42.5,42.5,42.5,42.5,43.3,1600,0.68
2025-11-17,EXICOM,EQ,132.53,132.89,130.1,130.67,132.53,238718,312.9
2025-11-17,EXIDEIND,EQ,377.0,386.8,377.0,382.7,381.0,3658302,14004.87
2025-11-17,EXPLEOSOL,EQ,1075.0,1119.4,1058.1,1112.0,1074.3,55104,601.69
2025-11-17,EXXARO,BE,8.86,8.9,8.5,8.62,8.86,329955,28.73
2025-11-17,FABTECH,EQ,252.0,258.0,247.0,248.37,246.48,1777936,4471.4
2025-11-17,FACT,EQ,921.0,921.0,907.0,909.4,914.55,98526,901.49
2025-11-17,FAIRCHEMOR,EQ,633.75,644.95,620.3,635.15,633.05,11408,71.88
2025-11-17,FALCONTECH,SM,18.0,18.25,18.0,18.25,17.7,6000,1.09
2025-11-17,FAZE3Q,EQ,509.55,516.35,504.9,509.5,512.4,29069,148.49
2025-11-17,FCL,EQ,25.5,25.6,24.7,24.81,25.79,4062976,1011.56
2025-11-17,FCONSUMER,BE,0.44,0.46,0.43,0.46,0.44,3860632,17.63
2025-11-17,FCSSOFT,EQ,2.15,2.17,1.78,2.09,2.15,4679910,98.42
2025-11-17,FDC,EQ,408.0,421.1,407.95,412.7,408.8,135072,559.83
2025-11-17,FEDERALBNK,EQ,237.11,239.99,235.27,239.06,236.26,6245112,14880.15
2025-11-17,FEDFINA,EQ,145.45,149.45,144.0,148.58,145.35,1272508,1875.03
2025-11-17,FEL,BZ,0.34,0.36,0.34,0.36,0.35,952723,3.37
2025-11-17,FELDVR,BZ,3.21,3.37,3.13,3.36,3.21,1694,0.06
2025-11-17,FELIX,SM,183.85,186.4,179.5,181.7,178.85,61500,112.85
2025-11-17,FIBERWEB,EQ,41.55,41.55,39.0,39.45,42.48,164638,65.68
2025-11-17,FIDEL,SM,140.1,140.1,140.1,140.1,142.95,2000,2.8
2025-11-17,FIEMIND,EQ,2254.2,2365.4,2225.7,2345.2,2235.9,246377,5691.1
2025-11-17,FILATEX,EQ,56.0,56.28,55.14,55.41,56.06,893049,497.51
2025-11-17,FILATFASH,EQ,0.45,0.45,0.43,0.43,0.44,92067207,403.94
2025-11-17,FINBUD,ST,148.8,148.8,148.8,148.8,156.6,12000,17.86
2025-11-17,FINCABLES,EQ,790.0,799.8,786.6,793.15,783.05,150950,1198.29
2025-11-17,FINEORG,EQ,4529.9,4627.9,4521.0,4587.9,4515.9,38227,1752.18
2025-11-17,FINIETF,EQ,32.31,32.74,32.31,32.57,32.31,326263,106.15
2025-11-17,FINKURVE,EQ,111.1,114.5,106.5,109.02,113.29,45333,50.29
2025-11-17,FINOPB,EQ,281.95,291.5,280.0,287.8,282.0,182783,525.13
2025-11-17,FINPIPE,EQ,186.5,187.97,186.3,187.03,188.04,308455,577.03
2025-11-17,FIRSTCRY,EQ,337.0,341.4,328.55,333.2,335.55,2763350,9222.77
2025-11-17,FISCHER,EQ,52.87,52.87,52.87,52.87,58.75,247158,130.67
2025-11-17,FIVESTAR,EQ,645.2,647.0,627.05,631.7,643.9,856453,5424.23
2025-11-17,FLAIR,EQ,319.3,321.4,313.75,316.2,317.0,66447,210.97
2025-11-17,FLEXIADD,EQ,10.88,10.94,10.85,10.92,10.83,93268,10.17
2025-11-17,FLEXITUFF,EQ,15.24,15.48,14.47,14.47,15.24,30086,4.4
2025-11-17,FLFL,BZ,1.49,1.55,1.49,1.54,1.5,19221,0.29
2025-11-17,FLUOROCHEM,EQ,3556.0,3609.9,3544.7,3593.2,3556.5,40344,1448.5
2025-11-17,FLYSBS,ST,597.0,597.0,562.45,584.9,592.05,72400,420.55
2025-11-17,FMCGIETF,EQ,59.69,59.82,59.41,59.48,59.4,717522,427.44
2025-11-17,FMGOETZE,EQ,537.45,547.4,531.65,539.2,530.7,116358,628.54
2025-11-17,FMNL,BE,11.35,11.35,10.82,11.3,11.39,26738,2.96
2025-11-17,FOCUS,EQ,79.14,81.0,74.49,76.28,79.14,83474,64.26
2025-11-17,FOODSIN,EQ,80.7,85.28,79.01,82.12,78.45,219357,179.0
2025-11-17,FORCAS,SM,133.0,133.0,132.0,133.0,133.05,25600,33.97
2025-11-17,FORCEMOT,EQ,17733.0,17874.0,17525.0,17574.0,17650.0,32995,5828.43
2025-11-17,FORGEAUTO,SM,138.95,138.95,138.95,138.95,137.0,1200,1.67
2025-11-17,FORTIS,EQ,943.0,953.2,931.2,944.1,937.7,3466951,32692.46
2025-11-17,FOSECOIND,EQ,5488.0,5488.0,5320.5,5351.5,5435.0,1279,69.06
2025-11-17,FRESHARA,SM,144.25,148.0,135.0,139.8,145.15,63000,89.16
2025-11-17,FROG,SM,165.0,171.95,165.0,170.0,167.95,25200,42.58
2025-11-17,FSL,EQ,365.0,365.75,361.65,363.35,362.7,414895,1508.59
2025-11-17,FUSION,EQ,162.0,172.99,162.0,172.23,170.94,218902,371.57
2025-11-17,GABRIEL,EQ,1168.5,1170.0,1013.6,1023.1,1166.8,1906225,20089.12
2025-11-17,GAEL,EQ,103.0,103.93,102.05,103.36,103.32,535133,551.74
2025-11-17,GAIL,EQ,182.9,185.63,182.55,185.3,183.41,6749568,12472.05
2025-11-17,GALAPREC,EQ,749.0,778.0,749.0,764.9,750.25,16810,128.58
2025-11-17,GALAXYSURF,EQ,2168.5,2190.0,2139.1,2156.1,2146.2,11005,237.17
2025-11-17,GALLANTT,EQ,602.8,609.0,588.05,605.9,596.85,187546,1126.82
2025-11-17,GANDHAR,EQ,146.02,147.38,143.2,143.96,145.03,163847,236.79
2025-11-17,GANDHITUBE,EQ,773.0,788.95,770.35,780.25,779.85,3721,29.0
2025-11-17,GANECOS,EQ,971.0,984.9,930.1,935.5,972.2,110648,1050.72
2025-11-17,GANESHBE,EQ,83.7,88.48,82.65,85.57,83.17,141322,119.84
2025-11-17,GANESHCP,EQ,287.5,290.95,280.2,283.6,288.95,77268,220.79
2025-11-17,GANESHHOU,EQ,815.95,818.8,809.0,809.75,815.7,24044,195.26
2025-11-17,GANESHIN,SM,240.65,246.0,227.0,238.05,238.25,263200,621.96
2025-11-17,GANGAFORGE,EQ,3.31,3.4,3.3,3.31,3.38,98912,3.29
2025-11-17,GANGESSECU,EQ,148.12,157.84,148.12,151.75,151.59,750,1.14
2025-11-17,GARFIBRES,EQ,735.0,735.9,680.15,707.85,730.95,125531,888.97
2025-11-17,GARUDA,EQ,231.61,241.75,231.26,238.48,229.32,4384711,10451.89
2025-11-17,GATECH,EQ,0.62,0.64,0.61,0.61,0.62,11068739,68.79
2025-11-17,GATECHDVR,EQ,0.51,0.53,0.51,0.52,0.51,1658051,8.71
2025-11-17,GATEWAY,EQ,60.8,61.35,56.49,60.37,60.58,911980,549.59
2025-11-17,GAYAHWS,BE,3.88,3.9,3.76,3.76,3.96,569527,21.61
2025-11-17,GAYAPROJ,BZ,11.53,11.53,11.53,11.53,11.53,66723,7.69
2025-11-17,GCHOTELS,ST,182.0,189.0,182.0,189.0,180.0,40200,75.86
2025-11-17,GCSL,EQ,370.11,377.6,361.01,369.11,371.67,249234,927.77
2025-11-17,GEECEE,EQ,359.5,368.5,358.75,362.5,359.5,10491,38.28
2025-11-17,GEEKAYWIRE,EQ,32.94,33.88,31.8,32.18,32.21,156947,51.03
2025-11-17,GEMAROMA,EQ,187.98,191.0,183.0,184.11,187.59,247888,460.89
2025-11-17,GENCON,EQ,38.99,40.45,38.81,38.94,38.95,61514,24.33
2025-11-17,GENESYS,EQ,478.7,482.3,445.15,451.3,475.85,423472,1940.84
2025-11-17,GENSOL,BZ,30.5,32.8,30.5,32.16,31.5,156135,50.24
2025-11-17,GENUSPAPER,EQ,16.01,16.23,15.25,15.29,15.69,154249,24.06
2025-11-17,GENUSPOWER,EQ,332.4,351.1,331.4,346.95,331.4,1040724,3565.48
2025-11-17,GEOJITFSL,EQ,76.0,77.69,75.16,75.73,75.58,538047,410.11
2025-11-17,GESHIP,EQ,1134.9,1144.4,1110.7,1133.4,1133.2,324663,3661.92
2025-11-17,GFLLIMITED,EQ,62.67,62.8,61.04,61.82,61.68,38368,23.87
2025-11-17,GFSTEELS,BE,10.72,10.72,10.72,10.72,10.72,4805,0.52
2025-11-17,GGBL,SM,448.0,455.65,431.3,441.9,441.55,71100,315.06
2025-11-17,GHCL,EQ,606.15,607.55,591.0,594.3,606.15,163901,977.86
2025-11-17,GHCLTEXTIL,EQ,76.45,76.98,75.26,75.5,76.45,169829,129.01
2025-11-17,GICHSGFIN,EQ,172.5,173.0,171.79,172.25,171.01,44717,77.09
2025-11-17,GICL,SM,42.5,42.5,41.5,42.5,42.5,15000,6.32
2025-11-17,GICRE,EQ,395.05,400.75,392.2,395.1,393.05,725201,2868.96
2025-11-17,GILLANDERS,EQ,126.0,127.05,121.87,123.04,124.87,6437,8.04
2025-11-17,GILLETTE,EQ,8539.0,8615.5,8490.0,8586.5,8539.0,20250,1733.32
2025-11-17,GILT5YBEES,EQ,64.44,64.44,63.3,63.36,63.46,168017,106.5
2025-11-17,GINNIFILA,EQ,41.26,42.05,39.26,41.22,41.6,194676,80.27
2025-11-17,GIPCL,EQ,169.58,176.0,169.58,174.84,169.93,408129,710.22
2025-11-17,GIRIRAJ,SM,127.45,127.45,118.85,118.85,125.1,16500,19.63
2025-11-17,GKENERGY,EQ,203.25,207.15,195.74,197.89,198.45,1851249,3726.25
2025-11-17,GKWLIMITED,EQ,1676.1,1749.0,1676.1,1720.9,1700.4,366,6.24
2025-11-17,GLAND,EQ,1818.0,1838.3,1810.4,1815.3,1830.0,90653,1657.57
2025-11-17,GLAXO,EQ,2491.7,2524.9,2474.7,2493.1,2479.4,174553,4353.94
2025-11-17,GLENMARK,EQ,1855.1,1924.9,1810.0,1868.9,1895.6,6171268,115457.3
2025-11-17,GLFL,BE,7.61,7.61,7.61,7.61,8.02,16716,1.27
2025-11-17,GLOBAL,EQ,75.09,76.8,75.01,76.15,75.09,74864,56.75
2025-11-17,GLOBALE,EQ,13.49,13.49,12.84,13.15,12.8,5651,0.74
2025-11-17,GLOBALPET,SM,140.0,140.5,140.0,140.5,140.9,1500,2.1
2025-11-17,GLOBALVECT,EQ,207.4,214.0,207.4,209.06,207.56,16347,34.4
2025-11-17,GLOBE,EQ,2.82,2.86,2.75,2.76,2.81,961476,26.83
2025-11-17,GLOBECIVIL,EQ,67.5,67.73,66.03,66.2,66.82,203225,135.63
2025-11-17,GLOBUSSPR,EQ,1200.3,1215.0,1176.4,1189.5,1193.3,73658,879.09
2025-11-17,GLOSTERLTD,EQ,616.0,631.0,600.0,602.85,618.05,3584,21.84
2025-11-17,GLOTTIS,EQ,70.3,72.1,70.29,70.65,73.74,457889,325.34
2025-11-17,GMBREW,EQ,1209.0,1209.0,1140.0,1154.0,1197.3,316219,3699.52
2025-11-17,GMDCLTD,EQ,567.4,577.9,562.0,563.45,567.6,2115068,12040.99
2025-11-17,GML,SM,21.3,21.3,21.05,21.3,21.8,10000,2.12
2025-11-17,GMMPFAUDLR,EQ,1213.5,1232.4,1192.5,1214.2,1224.6,520795,6265.24
2025-11-17,GMRAIRPORT,EQ,97.46,98.08,96.42,97.68,95.67,16152779,15744.11
2025-11-17,GMRP&UI,EQ,122.9,129.02,121.0,127.87,120.41,12432539,15705.63
2025-11-17,GNA,EQ,321.0,321.0,314.9,316.2,318.85,15392,48.77
2025-11-17,GNFC,EQ,504.6,507.05,500.1,500.95,504.5,252874,1273.05
2025-11-17,GOACARBON,EQ,438.85,438.85,432.05,432.85,431.95,6737,29.21
2025-11-17,GOCLCORP,EQ,326.45,330.0,318.0,321.7,326.45,29663,96.14
2025-11-17,GOCOLORS,EQ,540.55,545.85,536.45,539.8,539.4,210138,1135.47
2025-11-17,GODAVARIB,EQ,262.95,263.05,254.15,258.9,261.55,69942,180.08
2025-11-17,GODFRYPHLP,EQ,2961.2,2969.9,2915.0,2934.4,2957.3,155568,4583.74
2025-11-17,GODIGIT,EQ,349.2,355.8,348.75,354.35,349.2,153637,541.56
2025-11-17,GODREJAGRO,EQ,569.8,589.3,569.8,584.3,567.0,399409,2322.84
2025-11-17,GODREJCP,EQ,1149.0,1162.4,1146.8,1152.3,1146.5,789222,9122.77
2025-11-17,GODREJIND,EQ,1060.5,1079.4,1060.5,1075.0,1063.7,43095,461.81
2025-11-17,GODREJPROP,EQ,2214.8,2218.0,2177.1,2184.6,2195.8,320144,7008.87
2025-11-17,GOENKA,BZ,1.22,1.22,1.22,1.22,1.29,14047,0.17
2025-11-17,GOKEX,EQ,922.9,934.55,916.0,929.3,917.6,480169,4448.05
2025-11-17,GOKUL,EQ,39.8,40.39,39.15,39.68,39.89,25494,10.1
2025-11-17,GOKULAGRO,EQ,199.99,204.54,196.25,200.87,196.49,671432,1341.86
2025-11-17,GOLD1,EQ,103.89,103.98,101.36,102.75,104.58,3544460,3625.36
2025-11-17,GOLD360,EQ,121.8,121.8,119.2,120.2,122.75,29130,35.06
2025-11-17,GOLDBEES,EQ,103.36,103.36,101.0,101.94,103.81,27817135,28304.73
2025-11-17,GOLDCASE,EQ,20.3,20.3,19.12,19.38,19.71,7345831,1420.28
2025-11-17,GOLDENTOBC,BZ,33.4,34.5,33.0,34.4,33.6,2003,0.67
2025-11-17,GOLDETF,EQ,120.99,120.99,118.75,119.97,122.01,1135917,1360.55
2025-11-17,GOLDETFADD,EQ,120.72,120.78,118.6,119.77,121.73,185263,221.64
2025-11-17,GOLDIAM,EQ,382.5,384.45,369.05,374.5,379.7,517431,1953.6
2025-11-17,GOLDIETF,EQ,104.07,105.87,104.07,105.41,107.29,6834243,7190.14
2025-11-17,GOLDSHARE,EQ,103.8,104.0,102.6,103.5,105.2,1064390,1100.32
2025-11-17,GOLDTECH,EQ,57.03,57.29,54.13,55.56,57.03,32207,17.9
2025-11-17,GOODLUCK,EQ,1150.0,1183.4,1149.1,1174.8,1152.2,85140,994.07
2025-11-17,GOPAL,EQ,333.45,335.8,328.0,333.85,329.6,209387,696.53
2025-11-17,GOYALALUM,EQ,7.09,7.13,6.95,7.0,7.03,42557,2.99
2025-11-17,GOYALSALT,SM,178.0,180.0,178.0,178.05,178.5,8400,15.08
2025-11-17,GPECO,SM,496.0,504.95,486.0,490.55,499.0,13200,65.47
2025-11-17,GPIL,EQ,273.0,282.8,268.0,276.1,276.7,4362851,12015.22
2025-11-17,GPPL,EQ,175.1,177.6,174.61,175.62,174.43,1152181,2028.95
2025-11-17,GPTHEALTH,EQ,143.99,149.0,143.92,147.21,142.96,217720,320.33
2025-11-17,GPTINFRA,EQ,108.0,108.0,105.8,106.06,106.91,48983,52.03
2025-11-17,GRANULES,EQ,550.3,563.8,545.3,561.7,548.2,612104,3388.18
2025-11-17,GRAPHISAD,SM,30.4,32.25,30.4,32.25,31.6,3600,1.12
2025-11-17,GRAPHITE,EQ,573.7,580.15,569.2,573.7,571.65,351709,2020.31
2025-11-17,GRASIM,EQ,2790.0,2799.0,2771.1,2790.3,2783.4,459047,12801.64
2025-11-17,GRAVITA,EQ,1742.2,1769.8,1732.1,1759.7,1742.2,199583,3496.72
2025-11-17,GREAVESCOT,EQ,211.5,216.85,210.15,211.44,210.73,1365735,2921.93
2025-11-17,GREENCHEF,SM,59.65,60.05,59.65,60.05,60.3,2400,1.43
2025-11-17,GREENLAM,EQ,267.0,267.0,261.75,262.8,264.1,31201,82.33
2025-11-17,GREENLEAF,SM,130.1,133.0,130.1,132.6,132.0,19000,24.94
2025-11-17,GREENPANEL,EQ,274.45,274.45,266.1,267.5,272.0,102183,274.64
2025-11-17,GREENPLY,EQ,299.95,299.95,292.05,297.3,297.7,67455,199.73
2025-11-17,GREENPOWER,EQ,13.3,13.6,13.17,13.29,13.3,2100716,281.86
2025-11-17,GRETEX,SM,197.0,197.0,196.0,196.0,197.0,12000,23.53
2025-11-17,GRINDWELL,EQ,1594.0,1643.7,1593.1,1624.9,1586.1,41640,677.18
2025-11-17,GRINFRA,EQ,1103.0,1112.9,1095.1,1107.4,1098.3,8484,93.59
2025-11-17,GRMOVER,EQ,480.75,489.0,468.15,471.15,480.75,931916,4471.41
2025-11-17,GROBTEA,EQ,1123.6,1123.7,1065.2,1071.6,1091.4,674,7.3
2025-11-17,GROWW,EQ,154.15,178.23,152.25,174.45,148.53,466421770,771746.8
2025-11-17,GROWWDEFNC,EQ,83.17,83.76,82.0,82.72,82.76,272207,225.36
2025-11-17,GROWWEV,EQ,31.27,31.5,30.98,31.44,31.06,237886,74.41
2025-11-17,GROWWGOLD,EQ,121.39,121.44,119.21,120.46,122.76,466592,561.14
2025-11-17,GROWWLIQID,EQ,106.65,106.65,106.64,106.64,106.63,120065,128.05
2025-11-17,GROWWLOVOL,EQ,10.72,10.73,10.54,10.64,10.58,21578,2.29
2025-11-17,GROWWMC150,EQ,226.0,227.5,221.05,223.35,223.48,24018,53.84
2025-11-17,GROWWMOM50,EQ,10.95,11.0,10.74,10.99,10.9,243116,26.62
2025-11-17,GROWWN200,EQ,11.94,11.95,11.7,11.78,11.73,58959,6.93
2025-11-17,GROWWNET,EQ,10.73,10.93,10.68,10.92,10.68,192519,20.89
2025-11-17,GROWWNIFTY,EQ,10.34,10.47,10.33,10.42,10.38,221496,23.09
2025-11-17,GROWWNXT50,EQ,70.67,70.68,69.28,69.94,69.96,33855,23.75
2025-11-17,GROWWPOWER,EQ,10.14,10.24,10.04,10.21,10.09,363034,36.98
2025-11-17,GROWWRAIL,EQ,34.81,35.3,34.5,34.96,34.64,744918,261.33
2025-11-17,GROWWRLTY,EQ,10.67,10.67,10.53,10.61,10.53,52151,5.52
2025-11-17,GROWWSC250,EQ,9.9,9.92,9.8,9.9,9.84,221125,21.86
2025-11-17,GROWWSLVR,EQ,153.61,153.67,150.2,152.75,157.19,537189,817.23
2025-11-17,GRPLTD,EQ,1921.2,1983.9,1913.0,1947.7,1967.7,6514,126.19
2025-11-17,GRSE,EQ,2935.0,2979.6,2873.1,2888.1,2897.1,2463454,72236.1
2025-11-17,GRWRHITECH,EQ,3768.0,3970.0,3768.0,3947.3,3760.9,144462,5649.47
2025-11-17,GSEC10IETF,EQ,259.28,259.99,258.51,258.7,259.48,5982,15.47
2025-11-17,GSEC10YEAR,EQ,29.56,29.56,29.42,29.54,29.57,1685,0.5
2025-11-17,GSEC5IETF,EQ,63.56,63.77,63.51,63.62,63.56,31983,20.35
2025-11-17,GSFC,EQ,193.0,199.33,192.85,196.6,192.45,2192034,4322.57
2025-11-17,GSLSU,EQ,134.0,135.5,130.58,131.21,133.46,99196,131.21
2025-11-17,GSMFOILS,SM,213.8,213.8,207.95,208.2,213.85,36000,75.28
2025-11-17,GSPL,EQ,302.15,305.6,301.05,303.95,302.15,346504,1053.56
2025-11-17,GSS,EQ,22.0,22.5,21.75,22.03,22.04,269144,60.23
2025-11-17,GSTL,SM,6.7,6.7,6.45,6.7,6.4,37000,2.43
2025-11-17,GTECJAINX,EQ,24.85,24.85,23.01,24.26,22.6,7138,1.72
2025-11-17,GTL,EQ,8.83,9.0,8.79,8.8,8.86,305248,26.95
2025-11-17,GTLINFRA,EQ,1.41,1.41,1.39,1.39,1.4,20105721,281.58
2025-11-17,GTPL,EQ,105.4,106.13,102.95,103.56,104.57,23834,24.81
2025-11-17,GUFICBIO,EQ,319.0,320.75,311.8,313.3,318.2,32558,102.88
2025-11-17,GUJALKALI,EQ,553.5,557.6,550.6,555.65,553.5,33690,186.6
2025-11-17,GUJAPOLLO,BE,477.9,483.0,463.55,481.8,462.25,23576,112.05
2025-11-17,GUJGASLTD,EQ,405.3,411.85,404.5,409.8,403.4,293110,1199.67
2025-11-17,GUJRAFFIA,BE,45.5,46.51,45.32,45.32,47.71,8291,3.78
2025-11-17,GUJTHEM,EQ,443.0,451.0,442.95,447.15,446.9,26795,119.7
2025-11-17,GULFOILLUB,EQ,1216.3,1224.4,1199.8,1203.7,1208.5,24221,292.15
2025-11-17,GULFPETRO,EQ,38.52,38.66,38.1,38.19,38.59,44122,16.89
2025-11-17,GULPOLY,EQ,150.2,152.8,147.25,148.06,149.2,105133,157.32
2025-11-17,GURUNANAK,SM,31.4,33.0,31.4,32.8,34.85,52800,16.78
2025-11-17,GVKPIL,BE,3.19,3.19,3.1,3.11,3.17,1302411,40.69
2025-11-17,GVPIL,EQ,351.95,376.45,346.9,372.7,354.95,2337473,8519.11
2025-11-17,GVPTECH,EQ,9.59,9.59,9.03,9.2,9.17,9361,0.86
2025-11-17,GVPTECHPP,E1,4.2,4.2,3.7,4.1,3.99,8055,0.32
2025-11-17,GVT&D,EQ,3046.5,3132.0,2993.1,3036.3,3035.3,638199,19498.52
2025-11-17,HAL,EQ,4742.0,4820.0,4732.8,4795.2,4729.8,1177546,56217.87
2025-11-17,HAPPSTMNDS,EQ,504.85,506.95,501.0,502.2,504.85,106293,535.68
2025-11-17,HAPPYFORGE,EQ,1042.1,1043.8,1025.0,1032.9,1036.0,26311,271.63
2025-11-17,HARDWYN,EQ,16.37,16.4,15.8,15.99,16.37,1219092,195.55
2025-11-17,HARIOMPIPE,EQ,369.6,383.75,366.15,375.7,369.6,211267,794.77
2025-11-17,HARRMALAYA,EQ,190.7,191.1,180.68,183.08,185.16,12348,22.82
2025-11-17,HARSHA,EQ,390.0,402.0,390.0,400.45,393.0,23450,93.36
2025-11-17,HATHWAY,EQ,13.17,13.39,13.17,13.29,13.23,1507522,200.52
2025-11-17,HATSUN,EQ,1093.6,1093.6,1069.0,1072.2,1092.9,26403,284.25
2025-11-17,HAVELLS,EQ,1470.1,1484.5,1466.2,1480.4,1469.4,545878,8066.78
2025-11-17,HAVISHA,EQ,1.97,2.04,1.95,1.97,2.0,43081,0.85
2025-11-17,HBLENGINE,EQ,1045.0,1055.0,1022.2,1038.4,1041.3,2445936,25382.14
2025-11-17,HBSL,BE,84.45,85.0,82.0,82.87,83.92,9134,7.59
2025-11-17,HCC,EQ,25.76,26.3,25.53,25.59,25.65,9642993,2493.53
2025-11-17,HCG,EQ,745.65,750.0,732.7,735.5,739.85,129469,962.43
2025-11-17,HCL-INSYS,EQ,14.85,15.19,14.61,14.76,14.88,210162,31.01
2025-11-17,HCLTECH,EQ,1594.0,1607.7,1585.5,1606.4,1594.6,2000978,32014.66
2025-11-17,HDBFS,EQ,732.0,741.25,728.2,740.05,731.05,1602525,11840.66
2025-11-17,HDFCAMC,EQ,5438.0,5469.0,5408.0,5438.5,5413.0,313265,17037.35
2025-11-17,HDFCBANK,EQ,991.25,997.95,985.6,996.55,989.6,18396408,182836.67
2025-11-17,HDFCBSE500,EQ,38.2,38.35,37.63,38.11,38.09,106964,40.85
2025-11-17,HDFCGOLD,EQ,105.18,105.68,103.94,105.36,107.15,5203774,5471.9
2025-11-17,HDFCGROWTH,EQ,126.09,127.04,126.0,126.86,126.02,12999,16.46
2025-11-17,HDFCLIFE,EQ,770.7,778.0,765.1,770.25,773.7,2639170,20300.57
2025-11-17,HDFCLIQUID,EQ,1036.45,1036.45,1036.41,1036.44,1036.31,12976,134.49
2025-11-17,HDFCLOWVOL,EQ,21.43,21.74,21.24,21.37,21.33,23660,5.07
2025-11-17,HDFCMID150,EQ,22.65,22.8,22.55,22.74,22.55,735313,167.08
2025-11-17,HDFCMOMENT,EQ,32.27,32.27,32.05,32.23,32.05,153175,49.31
2025-11-17,HDFCNEXT50,EQ,71.31,71.55,71.01,71.12,70.87,190113,135.24
2025-11-17,HDFCNIF100,EQ,27.35,27.58,27.2,27.35,27.15,58081,15.89
2025-11-17,HDFCNIFBAN,EQ,60.32,60.49,60.06,60.39,60.01,51031,30.8
2025-11-17,HDFCNIFIT,EQ,39.49,39.5,38.13,38.64,38.34,60744,23.38
2025-11-17,HDFCNIFTY,EQ,289.85,291.0,289.64,290.54,289.85,157728,458.25
2025-11-17,HDFCPSUBK,EQ,85.0,86.0,84.89,85.71,84.56,41946,35.96
2025-11-17,HDFCPVTBAN,EQ,28.74,28.95,28.4,28.91,28.6,51308,14.81
2025-11-17,HDFCQUAL,EQ,59.55,59.88,59.21,59.73,59.55,25040,14.94
2025-11-17,HDFCSENSEX,EQ,95.64,95.84,95.0,95.73,95.19,22497,21.5
2025-11-17,HDFCSILVER,EQ,149.63,149.78,146.75,149.34,153.5,4958248,7371.09
2025-11-17,HDFCSML250,EQ,167.0,174.17,167.0,173.44,172.17,721697,1249.82
2025-11-17,HDFCVALUE,EQ,136.71,137.65,136.71,137.12,136.73,2561,3.52
2025-11-17,HDIL,BZ,2.9,2.94,2.84,2.85,2.94,65109,1.88
2025-11-17,HEADSUP,EQ,10.01,10.7,9.9,9.97,10.08,66402,6.66
2025-11-17,HEALTHADD,EQ,150.01,150.54,149.67,150.5,149.85,1091,1.64
2025-11-17,HEALTHIETF,EQ,147.91,153.5,147.91,153.07,152.48,54135,82.55
2025-11-17,HEALTHY,EQ,15.25,15.65,15.06,15.31,15.25,161554,24.71
2025-11-17,HECPROJECT,EQ,143.0,143.85,137.6,140.13,137.6,11986,16.84
2025-11-17,HEG,EQ,515.0,517.9,505.75,511.0,515.9,913203,4674.94
2025-11-17,HEIDELBERG,EQ,187.1,188.2,184.1,184.76,186.86,124938,231.86
2025-11-17,HEMIPROP,EQ,144.3,145.59,143.01,144.64,144.46,329376,474.82
2025-11-17,HERANBA,EQ,274.0,279.75,261.95,264.25,273.75,88019,237.08
2025-11-17,HERCULES,EQ,170.51,171.77,168.03,169.55,171.97,10055,17.08
2025-11-17,HERITGFOOD,EQ,482.0,485.0,477.6,480.9,481.0,149352,718.4
2025-11-17,HEROMOTOCO,EQ,5589.0,5810.0,5571.0,5798.5,5538.5,1770568,101553.99
2025-11-17,HESTERBIO,EQ,1679.9,1686.1,1645.0,1665.9,1679.9,3820,63.41
2025-11-17,HEUBACHIND,EQ,478.6,488.85,475.0,477.4,483.45,4975,23.94
2025-11-17,HEXATRADEX,EQ,170.11,173.3,170.1,170.28,170.1,2620,4.48
2025-11-17,HEXT,EQ,688.7,709.75,685.85,708.45,688.7,300832,2120.51
2025-11-17,HFCL,EQ,75.9,76.56,75.51,76.22,75.86,5242709,3989.41
2025-11-17,HGINFRA,EQ,896.65,897.0,884.0,886.6,896.65,55608,494.69
2025-11-17,HGM,BE,76.8,76.91,75.02,75.94,73.25,5712,4.38
2025-11-17,HGS,EQ,503.75,520.0,500.7,513.7,503.7,22862,117.25
2025-11-17,HIGREEN,SM,189.0,192.4,179.0,180.7,194.75,46400,85.77
2025-11-17,HIKAL,EQ,230.78,236.0,228.2,233.55,230.78,314390,734.03
2025-11-17,HILINFRA,EQ,69.75,70.37,68.5,68.82,69.18,249567,173.06
2025-11-17,HILTON,EQ,50.16,50.16,46.2,46.86,45.6,1097516,542.41
2025-11-17,HIMATSEIDE,EQ,123.0,127.0,121.41,125.87,122.71,521625,646.9
2025-11-17,HINDALCO,EQ,801.0,809.0,799.75,807.15,803.65,2770547,22292.24
2025-11-17,HINDCOMPOS,EQ,456.6,462.05,454.95,460.5,461.2,4396,20.16
2025-11-17,HINDCON,EQ,30.95,31.5,30.95,31.07,30.97,11446,3.56
2025-11-17,HINDCOPPER,EQ,336.4,340.9,332.3,338.55,335.25,5215839,17596.47
2025-11-17,HINDOILEXP,EQ,143.79,145.3,139.15,139.53,143.8,943292,1331.29
2025-11-17,HINDPETRO,EQ,483.0,492.2,482.4,486.5,481.25,3478922,16944.41
2025-11-17,HINDUNILVR,EQ,2431.4,2438.4,2416.0,2425.0,2427.7,920038,22294.82
2025-11-17,HINDWAREAP,EQ,358.15,359.45,349.15,350.75,358.4,170373,599.09
2025-11-17,HINDZINC,EQ,486.95,487.95,481.2,483.9,487.05,2199172,10637.9
2025-11-17,HIRECT,EQ,1560.5,1600.0,1541.0,1546.3,1560.5,30981,483.88
2025-11-17,HISARMETAL,EQ,178.6,184.78,177.25,184.4,178.47,4351,7.89
2025-11-17,HITECH,EQ,106.5,111.3,105.68,110.89,106.51,1143176,1251.01
2025-11-17,HITECHCORP,EQ,184.05,188.5,184.05,187.72,184.86,2793,5.23
2025-11-17,HITECHGEAR,BE,767.5,767.5,736.6,751.55,736.6,1570,11.87
2025-11-17,HLEGLAS,EQ,495.0,505.55,488.0,490.45,486.3,304659,1512.69
2025-11-17,HLVLTD,EQ,10.18,10.29,9.68,9.87,10.18,884491,88.02
2025-11-17,HMAAGRO,EQ,32.97,32.97,31.59,31.99,29.98,923417,298.32
2025-11-17,HMT,BZ,54.0,55.8,54.0,54.66,55.32,3435,1.87
2025-11-17,HMVL,EQ,72.34,77.9,72.34,75.37,71.02,1728750,1288.31
2025-11-17,HNDFDS,EQ,539.0,552.0,536.0,548.7,540.55,53244,290.26
2025-11-17,HNGSNGBEES,EQ,538.56,539.7,524.0,525.9,533.0,217936,1152.89
2025-11-17,HOACFOODS,ST,310.0,310.25,286.05,306.5,295.5,11250,34.43
2025-11-17,HOLMARC,SM,95.4,96.0,95.4,95.4,100.4,12000,11.45
2025-11-17,HOMEFIRST,EQ,1200.0,1237.9,1180.1,1230.3,1200.3,324560,3943.97
2025-11-17,HOMESFY,SM,190.0,190.0,185.15,185.15,194.9,4200,7.8
2025-11-17,HONASA,EQ,293.0,302.3,285.4,298.85,292.1,1613769,4771.63
2025-11-17,HONAUT,EQ,35485.0,35595.0,35335.0,35450.0,35530.0,2140,758.31
2025-11-17,HONDAPOWER,EQ,2545.0,2566.3,2495.0,2502.8,2526.4,5580,140.79
2025-11-17,HPAL,EQ,47.5,48.0,46.53,46.82,47.65,95841,45.17
2025-11-17,HPIL,EQ,138.28,140.0,133.05,135.14,141.11,7951,10.76
2025-11-17,HPL,EQ,465.6,479.9,461.0,465.4,457.25,873282,4124.94
2025-11-17,HPTL,ST,300.0,300.0,292.0,293.0,300.0,2400,7.1
2025-11-17,HRHNEXT,SM,33.2,33.25,33.15,33.15,34.9,18000,5.97
2025-11-17,HSCL,EQ,454.0,458.75,453.35,456.25,454.6,297595,1357.85
2025-11-17,HTMEDIA,EQ,25.21,25.48,24.75,25.01,25.2,82806,20.72
2025-11-17,HUBTOWN,EQ,329.9,336.45,326.45,333.25,328.8,552514,1839.93
2025-11-17,HUDCO,EQ,228.7,241.25,228.0,239.14,227.49,10098250,23797.59
2025-11-17,HUHTAMAKI,EQ,237.15,240.0,231.66,233.58,236.65,201852,475.47
2025-11-17,HVAX,SM,925.0,929.0,925.0,929.0,914.75,600,5.56
2025-11-17,HYBRIDFIN,BE,23.43,23.43,22.3,22.96,23.47,22159,5.0
2025-11-17,HYUNDAI,EQ,2367.8,2393.0,2338.0,2378.6,2356.1,636749,15132.8
2025-11-17,IBLFL,SM,69.5,69.5,69.5,69.5,69.2,6000,4.17
2025-11-17,IBULLSLTD,BE,20.92,21.02,20.92,21.02,21.02,255740,53.76
2025-11-17,ICDSLTD,BE,48.9,48.9,46.5,46.55,48.9,2999,1.41
2025-11-17,ICEMAKE,EQ,683.05,699.8,683.05,694.15,683.05,6676,46.05
2025-11-17,ICICIB22,EQ,118.6,118.6,117.17,117.58,117.16,283993,334.16
2025-11-17,ICICIBANK,EQ,1375.1,1382.5,1373.6,1379.0,1373.0,7660717,105634.74
2025-11-17,ICICIGI,EQ,2015.0,2052.4,2011.8,2042.9,2005.1,1067234,21690.75
2025-11-17,ICICIPRULI,EQ,628.0,632.9,626.15,630.6,629.45,363830,2291.08
2025-11-17,ICIL,EQ,312.65,320.0,306.0,309.8,309.05,524653,1646.42
2025-11-17,ICRA,EQ,6275.0,6300.5,6224.0,6278.0,6268.5,1551,97.18
2025-11-17,IDBI,EQ,101.5,104.7,101.21,102.28,101.04,22805556,23546.25
2025-11-17,IDEA,T0,10.99,10.99,10.99,10.93,10.94,1,0.0
2025-11-17,IDEAFORGE,EQ,496.0,522.5,490.5,504.55,464.65,6504309,33300.06
2025-11-17,IDEALTECHO,ST,211.0,211.0,211.0,211.0,207.45,500,1.06
2025-11-17,IDENTICAL,SM,35.4,35.4,34.1,34.3,35.45,14000,4.83
2025-11-17,IDFCFIRSTB,EQ,81.01,82.55,80.82,81.01,80.43,30289861,24717.11
2025-11-17,IDFNIFTYET,EQ,283.99,286.0,283.76,284.66,283.76,1211,3.45
2025-11-17,IEML,SM,121.95,122.0,104.95,107.2,118.75,311000,345.93
2025-11-17,IEML-RE,ST,22.0,22.0,12.85,12.85,21.35,891500,133.2
2025-11-17,IEX,EQ,137.7,139.44,137.42,137.55,137.55,3264778,4508.14
2025-11-17,IFBAGRO,EQ,1555.0,1619.9,1511.0,1532.3,1543.3,55851,863.59
2025-11-17,IFBIND,EQ,1778.0,1814.0,1759.4,1794.0,1764.3,21532,385.92
2025-11-17,IFCI,EQ,54.72,56.16,54.51,55.14,54.72,5200946,2887.15
2025-11-17,IFGLEXPOR,EQ,242.0,242.0,231.01,234.34,234.02,25812,60.4
2025-11-17,IGARASHI,EQ,481.45,484.5,475.05,475.55,481.45,17630,84.31
2025-11-17,IGCL,EQ,100.4,100.4,98.5,98.94,99.83,73751,73.3
2025-11-17,IGIL,EQ,346.7,346.7,337.05,337.65,345.1,483405,1642.65
2025-11-17,IGL,EQ,214.0,216.5,210.0,211.46,212.66,2567513,5447.18
2025-11-17,IGPL,EQ,383.4,392.4,383.35,390.25,383.35,30322,118.27
2025-11-17,IIFL,EQ,551.0,562.65,545.3,561.6,547.3,2078258,11569.74
2025-11-17,IIFLCAPS,EQ,308.95,315.0,307.4,312.9,309.7,382995,1197.65
2025-11-17,IITL,EQ,183.11,185.31,178.0,179.22,184.93,26719,48.35
2025-11-17,IKIO,EQ,197.88,199.49,196.1,196.9,198.09,36155,71.42
2025-11-17,IKS,EQ,1606.5,1639.0,1606.5,1620.1,1604.4,181110,2944.69
2025-11-17,IL&FSENGG,BZ,26.09,26.09,24.78,24.83,26.09,46425,11.57
2025-11-17,IL&FSTRANS,BZ,2.95,2.97,2.85,2.9,2.91,48737,1.42
2025-11-17,IMAGICAA,EQ,51.93,51.93,50.0,50.41,51.26,417564,212.16
2025-11-17,IMFA,EQ,1377.6,1381.2,1297.1,1320.7,1370.7,204267,2720.6
2025-11-17,IMPAL,EQ,1049.6,1060.6,1044.0,1048.2,1046.0,1171,12.3
2025-11-17,IMPEXFERRO,BZ,1.89,1.97,1.86,1.88,1.89,11848,0.22
2025-11-17,INCREDIBLE,EQ,44.45,44.45,43.51,43.65,44.03,1188,0.52
2025-11-17,INDBANK,EQ,37.25,37.99,36.7,37.0,36.64,51450,19.17
2025-11-17,INDGN,EQ,511.55,515.6,506.6,508.15,509.85,177609,906.49
2025-11-17,INDHOTEL,EQ,725.0,725.0,716.85,722.3,720.8,3247761,23394.54
2025-11-17,INDIACEM,EQ,392.85,415.0,390.05,412.15,392.85,1092131,4443.78
2025-11-17,INDIAGLYCO,EQ,1050.0,1134.4,1021.0,1100.5,1039.7,1623634,17890.21
2025-11-17,INDIAMART,EQ,2463.7,2482.1,2426.0,2475.5,2451.4,42898,1055.64
2025-11-17,INDIANB,EQ,873.0,891.5,872.05,890.15,868.45,2172112,19254.17
2025-11-17,INDIANCARD,EQ,262.8,278.25,253.2,260.45,256.8,32841,88.38
2025-11-17,INDIANHUME,EQ,382.35,390.0,376.65,387.5,382.35,41747,161.69
2025-11-17,INDIASHLTR,EQ,874.0,902.0,868.25,895.25,874.6,154943,1382.73
2025-11-17,INDIFRA,ST,17.0,17.0,17.0,17.0,16.45,2000,0.34
2025-11-17,INDIGO,EQ,5900.0,5905.0,5839.5,5873.0,5908.5,608336,35703.13
2025-11-17,INDIGOPNTS,EQ,1298.8,1329.3,1277.7,1321.3,1298.8,200101,2608.39
2025-11-17,INDIGRID,IV,168.5,168.5,164.56,166.44,167.76,312329,523.43
2025-11-17,INDIQUBE,EQ,221.7,221.7,216.04,219.04,220.6,42893,93.84
2025-11-17,INDNIPPON,EQ,939.0,939.0,853.05,856.4,925.75,194258,1701.81
2025-11-17,INDOAMIN,EQ,134.15,135.0,131.4,132.17,132.36,66857,88.93
2025-11-17,INDOBORAX,EQ,259.35,265.75,255.0,258.5,261.9,38327,99.2
2025-11-17,INDOCO,EQ,263.15,265.25,259.0,260.05,262.9,26545,69.49
2025-11-17,INDOFARM,EQ,218.36,222.2,217.93,218.59,218.36,144398,317.6
2025-11-17,INDORAMA,EQ,55.11,57.23,53.7,54.06,55.11,630644,349.52
2025-11-17,INDOSTAR,EQ,240.44,247.0,236.5,244.58,240.44,131567,318.13
2025-11-17,INDOTECH,EQ,1855.0,1855.0,1797.2,1812.5,1849.6,30451,554.26
2025-11-17,INDOTHAI,BE,423.0,423.0,415.0,423.0,402.9,114213,483.02
2025-11-17,INDOUS,EQ,128.0,129.8,124.0,124.58,130.46,9622,12.1
2025-11-17,INDOWIND,EQ,16.9,17.01,16.17,16.31,16.9,491353,81.18
2025-11-17,INDRAMEDCO,EQ,549.8,553.15,544.0,547.9,548.15,212661,1164.39
2025-11-17,INDSWFTLAB,EQ,106.0,106.5,99.32,99.57,103.75,195322,198.15
2025-11-17,INDTERRAIN,EQ,39.1,40.27,38.5,38.56,39.14,28140,10.9
2025-11-17,INDUSINDBK,EQ,852.0,861.75,838.5,854.05,848.25,4019335,34279.75
2025-11-17,INDUSINVIT,IV,118.2,119.0,115.0,116.49,117.43,78124,91.47
2025-11-17,INDUSTOWER,EQ,413.7,413.7,408.25,410.15,412.35,2866155,11766.28
2025-11-17,INFIBEAM,EQ,19.39,19.89,19.1,19.52,19.07,22509922,4389.81
2025-11-17,INFINIUM,SM,245.2,247.0,240.0,240.7,250.1,12500,30.42
2025-11-17,INFLUX,ST,199.05,207.95,199.0,207.95,198.05,46800,96.62
2025-11-17,INFOBEAN,EQ,624.0,624.0,604.15,608.85,612.0,34886,214.52
2025-11-17,INFOLLION,SM,378.0,399.0,370.0,390.0,377.95,10800,41.29
2025-11-17,INFOMEDIA,EQ,7.15,7.35,6.95,6.95,7.0,8463,0.6
2025-11-17,INFRABEES,EQ,992.37,999.0,990.24,994.94,992.36,11635,115.73
2025-11-17,INFRAIETF,EQ,99.82,99.82,98.87,99.3,98.73,93160,92.4
2025-11-17,INFY,EQ,1496.0,1510.2,1492.5,1507.6,1502.8,7910354,118842.61
2025-11-17,INGERRAND,EQ,3845.0,3919.9,3825.8,3863.3,3804.0,20331,787.07
2025-11-17,INM,SM,585.0,590.0,485.1,525.05,595.0,30900,167.99
2025-11-17,INNOMET,SM,128.45,130.2,122.0,122.6,124.0,58800,75.07
2025-11-17,INNOVACAP,EQ,751.5,758.35,726.0,732.4,751.3,42229,311.24
2025-11-17,INNOVANA,EQ,515.0,515.0,451.0,462.35,481.8,7884,36.65
2025-11-17,INOXGREEN,EQ,259.95,264.5,247.1,250.5,253.0,3169997,7986.35
2025-11-17,INOXINDIA,EQ,1214.5,1260.0,1201.0,1231.4,1200.5,334743,4151.4
2025-11-17,INOXWIND,EQ,150.5,153.45,143.61,146.11,148.69,30434829,44829.56
2025-11-17,INSECTICID,EQ,668.0,678.95,666.95,675.5,666.9,29558,199.03
2025-11-17,INSPIRE,SM,14.15,14.15,14.15,14.15,14.2,2000,0.28
2025-11-17,INSPIRISYS,EQ,102.52,106.0,101.01,101.88,101.21,5363,5.56
2025-11-17,INTELLECT,EQ,1094.4,1101.8,1084.8,1096.2,1089.7,265652,2913.01
2025-11-17,INTENTECH,BE,135.0,142.8,130.0,131.54,136.7,42511,57.42
2025-11-17,INTERARCH,EQ,2592.0,2640.0,2567.8,2623.4,2584.5,74346,1936.98
2025-11-17,INTERNET,EQ,14.31,14.72,14.31,14.7,14.31,111089,16.18
2025-11-17,INTLCONV,EQ,89.0,89.76,87.98,88.47,89.64,172564,153.07
2025-11-17,INVENTURE,EQ,1.31,1.33,1.28,1.29,1.32,1900448,24.92
2025-11-17,IOB,EQ,38.8,40.74,38.8,40.25,38.79,21656290,8681.31
2025-11-17,IOC,EQ,171.16,174.4,171.16,173.12,171.25,13233156,22908.56
2025-11-17,IOLCP,EQ,96.23,96.58,95.16,95.66,95.67,878856,841.26
2025-11-17,IONEXCHANG,EQ,367.65,377.75,367.4,371.55,367.55,165981,617.92
2025-11-17,IPCALAB,EQ,1460.0,1518.3,1432.6,1464.8,1479.6,1187071,17456.64
2025-11-17,IPHL,SM,64.5,64.5,55.05,58.75,62.9,110400,65.64
2025-11-17,IPL,EQ,182.0,183.59,178.89,180.01,181.65,152642,276.12
2025-11-17,IPSL,SM,279.95,280.0,279.95,279.95,275.0,1000,2.8
2025-11-17,IRB,EQ,45.0,45.95,44.15,44.54,42.96,97924485,44175.64
2025-11-17,IRBINVIT,IV,61.4,61.75,60.8,61.66,60.97,894798,548.88
2025-11-17,IRCON,EQ,163.59,172.3,163.21,168.49,163.27,12588402,21340.93
2025-11-17,IRCTC,EQ,708.0,716.45,706.0,713.05,705.3,763522,5447.48
2025-11-17,IREDA,EQ,149.61,152.38,149.51,150.71,149.61,5346259,8069.53
2025-11-17,IRFC,EQ,121.11,123.5,121.04,122.5,121.01,9945324,12205.47
2025-11-17,IRIS,EQ,339.75,339.75,339.75,339.75,357.6,9980,33.91
2025-11-17,IRISDOREME,EQ,33.49,34.2,32.81,33.3,33.49,415423,138.26
2025-11-17,IRMENERGY,EQ,319.55,319.9,308.65,311.0,316.0,56604,177.72
2025-11-17,ISFT,EQ,92.87,94.95,92.24,92.98,93.99,28218,26.43
2025-11-17,ISGEC,EQ,898.7,898.7,876.05,895.25,889.8,40099,357.13
2025-11-17,ISHAN,SM,0.85,0.85,0.85,0.85,0.9,192000,1.63
2025-11-17,ISHANCH,BE,69.9,71.95,67.41,69.58,69.9,18441,12.76
2025-11-17,IT,EQ,40.3,40.3,39.5,39.8,39.72,116520,46.28
2025-11-17,ITALIANE,SM,30.6,31.95,30.25,31.85,32.0,16000,4.97
2025-11-17,ITBEES,EQ,40.41,40.41,39.71,40.02,39.95,6872958,2746.24
2025-11-17,ITC,EQ,409.75,412.0,406.0,407.1,408.15,7855399,32001.41
2025-11-17,ITCHOTELS,EQ,209.34,212.99,208.6,209.92,209.18,1974273,4158.02
2025-11-17,ITDC,EQ,600.0,609.4,595.5,602.65,594.35,24755,149.21
2025-11-17,ITETF,EQ,38.0,38.1,37.84,38.04,37.99,92659,35.21
2025-11-17,ITETFADD,EQ,38.08,38.08,37.78,38.0,37.98,9739,3.69
2025-11-17,ITI,EQ,316.55,319.9,314.5,316.2,316.55,297463,942.43
2025-11-17,ITIETF,EQ,40.64,40.85,39.59,39.92,39.84,435313,173.56
2025-11-17,ITTL,ST,108.7,108.7,108.7,108.7,106.6,630,0.68
2025-11-17,IVALUE,EQ,310.1,324.1,305.7,322.95,312.4,794956,2514.75
2025-11-17,IVC,EQ,9.19,9.88,9.06,9.35,9.11,2609602,242.74
2025-11-17,IVP,EQ,172.99,172.99,166.02,166.76,170.39,8555,14.42
2025-11-17,IVZINGOLD,EQ,10811.0,10811.0,10574.85,10675.3,10887.7,540,57.54
2025-11-17,IVZINNIFTY,EQ,2908.13,2949.0,2908.13,2949.0,2930.17,158,4.64
2025-11-17,IWARE,ST,197.0,197.0,187.2,192.8,195.95,26400,50.26
2025-11-17,IXIGO,EQ,277.1,278.8,270.9,272.65,277.1,1562680,4275.67
2025-11-17,IZMO,BE,903.25,903.25,903.25,903.25,860.25,11992,108.32
2025-11-17,J&KBANK,EQ,107.24,110.0,107.24,108.08,107.24,5698314,6207.65
2025-11-17,JAGRAN,EQ,69.91,70.44,69.8,69.95,69.84,81443,57.0
2025-11-17,JAGSNPHARM,EQ,210.1,211.83,209.0,210.14,210.21,35154,73.85
2025-11-17,JAIBALAJI,EQ,84.0,85.51,79.97,84.03,85.99,1547336,1292.76
2025-11-17,JAICORPLTD,EQ,150.99,150.99,147.11,147.86,149.49,527380,784.55
2025-11-17,JAINAM,SM,275.0,278.0,275.0,278.0,280.0,9500,26.16
2025-11-17,JAINIK,ST,140.1,144.0,137.0,141.4,140.0,21600,30.38
2025-11-17,JAINREC,EQ,441.3,457.95,441.05,449.05,439.7,2246299,10096.67
2025-11-17,JAIPURKURT,EQ,34.59,35.0,33.85,33.97,33.91,10818,3.7
2025-11-17,JALAN,SM,3.15,3.2,3.1,3.2,3.25,15000,0.47
2025-11-17,JAMNAAUTO,EQ,109.18,111.68,108.21,110.34,109.1,2814858,3109.72
2025-11-17,JARO,EQ,631.0,736.0,625.55,708.3,627.1,4457261,31562.49
2025-11-17,JASH,EQ,492.25,497.0,477.55,480.45,490.3,57456,276.98
2025-11-17,JAYAGROGN,EQ,218.81,225.19,217.1,218.94,219.29,9567,21.09
2025-11-17,JAYBARMARU,EQ,95.78,99.7,91.23,92.29,91.84,993255,944.05
2025-11-17,JAYBEE,SM,146.9,147.0,142.5,143.25,140.95,64500,93.24
2025-11-17,JAYESH,ST,119.2,123.1,119.2,120.15,119.1,48000,58.73
2025-11-17,JAYNECOIND,EQ,74.69,77.39,74.28,76.72,74.52,5240750,3995.99
2025-11-17,JAYSREETEA,EQ,97.9,99.49,96.6,97.1,95.0,101895,99.73
2025-11-17,JBCHEPHARM,EQ,1833.4,1835.4,1812.5,1821.5,1823.0,57450,1046.55
2025-11-17,JBMA,EQ,639.4,645.0,634.15,642.35,633.4,207497,1328.51
2025-11-17,JCHAC,EQ,1751.7,1758.9,1742.8,1750.6,1751.6,54123,947.78
2025-11-17,JETFREIGHT,EQ,14.2,14.93,14.05,14.39,14.33,90865,12.97
2025-11-17,JEYYAM,ST,66.0,66.0,64.5,64.6,66.45,38000,24.82
2025-11-17,JFLLIFE,SM,12.75,13.0,12.75,12.95,13.4,18000,2.32
2025-11-17,JGCHEM,EQ,405.2,413.55,399.0,401.5,413.05,184086,747.93
2025-11-17,JHS,EQ,12.74,12.87,11.62,11.79,12.34,160753,19.18
2025-11-17,JINDALPHOT,EQ,1340.0,1375.0,1340.0,1360.4,1337.0,2165,29.47
2025-11-17,JINDALPOLY,EQ,550.6,554.0,547.0,548.8,555.1,15420,84.94
2025-11-17,JINDALSAW,EQ,169.14,170.59,168.0,168.93,169.13,851149,1438.33
2025-11-17,JINDALSTEL,EQ,1080.6,1082.8,1071.8,1080.0,1076.2,723524,7796.43
2025-11-17,JINDRILL,EQ,577.0,589.0,571.6,579.95,571.55,84850,492.48
2025-11-17,JINDWORLD,EQ,34.28,34.78,33.34,33.9,34.28,789464,268.0
2025-11-17,JIOFIN,EQ,316.0,316.85,311.15,312.0,314.9,8876003,27816.47
2025-11-17,JISLDVREQS,EQ,29.15,30.5,29.15,29.9,29.32,16299,4.86
2025-11-17,JISLJALEQS,EQ,47.6,48.76,47.6,48.17,47.54,1071501,517.42
2025-11-17,JITFINFRA,BE,294.5,297.0,287.45,294.4,302.55,45787,132.63
2025-11-17,JIWANRAM,SM,6.55,6.75,6.55,6.6,6.95,36000,2.39
2025-11-17,JKCEMENT,EQ,5556.0,5628.0,5515.0,5606.5,5556.0,82436,4602.9
2025-11-17,JKIL,EQ,616.1,623.0,610.5,613.55,614.95,88125,543.63
2025-11-17,JKIPL,EQ,118.2,123.5,116.85,119.11,117.85,894643,1083.26
2025-11-17,JKLAKSHMI,EQ,819.1,840.95,819.1,836.45,820.5,98653,822.86
2025-11-17,JKPAPER,EQ,380.5,381.0,374.1,378.25,380.5,188392,711.48
2025-11-17,JKTYRE,EQ,461.45,472.85,460.1,461.85,460.0,684295,3189.36
2025-11-17,JLHL,EQ,1460.0,1470.1,1440.0,1450.6,1464.1,42097,610.61
2025-11-17,JMA,EQ,88.0,88.8,87.0,88.02,87.89,10226,8.96
2025-11-17,JMFINANCIL,EQ,151.0,151.48,147.35,149.7,150.67,3601693,5378.41
2025-11-17,JNKINDIA,EQ,293.75,298.55,287.9,289.85,283.75,137061,400.24
2025-11-17,JOCIL,EQ,153.49,153.49,148.5,149.05,149.78,1339,2.0
2025-11-17,JPASSOCIAT,BE,2.96,3.2,2.96,3.01,3.1,5124055,154.82
2025-11-17,JPOLYINVST,EQ,951.0,968.3,948.2,962.4,952.85,4297,41.23
2025-11-17,JPPOWER,EQ,17.85,18.2,17.78,17.84,17.76,21533262,3873.0
2025-11-17,JSFB,EQ,468.9,470.0,454.9,462.95,464.55,413628,1923.72
2025-11-17,JSL,EQ,741.6,752.0,729.4,749.2,738.05,540614,4014.36
2025-11-17,JSLL,EQ,711.55,733.0,704.2,726.45,709.5,224529,1619.53
2025-11-17,JSWCEMENT,EQ,127.04,129.1,124.75,127.91,126.38,2659153,3376.06
2025-11-17,JSWENERGY,EQ,528.0,535.5,526.85,527.65,528.8,1230818,6523.88
2025-11-17,JSWHL,EQ,16955.0,18037.0,16955.0,17944.0,17192.0,7155,1275.41
2025-11-17,JSWINFRA,EQ,281.0,285.5,277.5,281.35,280.9,1448173,4059.63
2025-11-17,JSWSTEEL,EQ,1173.9,1178.0,1165.4,1175.5,1167.8,1102752,12945.66
2025-11-17,JTEKTINDIA,EQ,159.3,160.48,157.5,158.8,160.9,86593,137.23
2025-11-17,JTLIND,EQ,61.0,64.7,60.25,64.07,60.85,2037172,1277.77
2025-11-17,JUBLCPL,BE,2445.0,2480.0,2410.0,2429.1,2475.2,1969,48.21
2025-11-17,JUBLFOOD,EQ,615.6,619.0,601.15,603.2,615.3,2846271,17255.96
2025-11-17,JUBLINGREA,EQ,683.0,721.85,681.25,718.25,683.0,919161,6548.78
2025-11-17,JUBLPHARMA,EQ,1149.0,1162.0,1133.5,1158.9,1131.4,174708,2010.5
2025-11-17,JUNIORBEES,EQ,755.0,756.0,749.24,754.51,750.88,234880,1770.85
2025-11-17,JUNIPER,EQ,243.35,253.1,243.35,249.05,248.35,127952,318.13
2025-11-17,JUSTDIAL,EQ,738.25,779.0,734.1,772.2,734.95,461717,3543.06
2025-11-17,JWL,EQ,304.2,316.9,304.15,308.55,304.0,1241669,3871.67
2025-11-17,JYOTHYLAB,EQ,311.85,319.0,311.6,312.3,310.85,280855,883.76
2025-11-17,JYOTICNC,EQ,964.15,1003.95,963.9,972.4,955.35,1689044,16671.52
2025-11-17,JYOTISTRUC,EQ,11.9,13.47,11.77,13.09,11.7,33551938,4289.02
2025-11-17,K2INFRA,SM,59.25,61.5,59.25,61.5,58.6,67200,41.06
2025-11-17,KABRAEXTRU,EQ,218.5,225.44,216.08,219.29,218.5,96399,212.65
2025-11-17,KAJARIACER,EQ,1135.0,1141.0,1113.6,1119.0,1123.8,148418,1672.41
2025-11-17,KAKATCEM,EQ,141.89,143.8,138.2,141.6,139.8,1285,1.8
2025-11-17,KALAMANDIR,EQ,169.39,174.19,166.5,172.87,168.5,2444307,4156.4
2025-11-17,KALANA,SM,26.45,27.55,26.45,27.55,26.45,4000,1.08
2025-11-17,KALPATARU,EQ,368.15,372.45,365.1,368.6,368.15,12821,47.41
2025-11-17,KALYANIFRG,EQ,698.7,725.55,687.55,711.0,698.7,1175,8.26
2025-11-17,KALYANKJIL,EQ,498.7,499.2,493.0,495.45,495.5,1393599,6918.65
2025-11-17,KAMATHOTEL,EQ,237.1,239.7,233.55,235.45,237.1,82504,194.87
2025-11-17,KAMDHENU,EQ,27.28,27.57,27.02,27.16,27.28,416913,113.62
2025-11-17,KAMOPAINTS,EQ,7.77,8.0,7.65,7.68,7.77,419015,32.51
2025-11-17,KANANIIND,EQ,1.78,1.86,1.78,1.8,1.78,209511,3.82
2025-11-17,KANDARP,ST,124.0,124.0,123.7,123.7,126.2,10000,12.38
2025-11-17,KANORICHEM,EQ,76.11,78.4,75.56,76.48,76.88,23818,18.46
2025-11-17,KANPRPLA,EQ,205.01,211.58,200.1,203.54,206.72,18331,37.5
2025-11-17,KANSAINER,EQ,250.0,250.0,246.5,247.69,248.8,339069,840.2
2025-11-17,KAPSTON,EQ,337.0,337.0,324.5,327.45,322.65,37042,121.89
2025-11-17,KARMAENG,BE,52.0,55.89,52.0,54.45,53.51,2392,1.31
2025-11-17,KARNIKA,SM,155.0,158.0,144.7,147.55,151.2,68000,101.33
2025-11-17,KARURVYSYA,EQ,250.0,256.95,249.44,252.78,249.6,1104229,2806.85
2025-11-17,KATARIA,SM,97.0,97.2,93.95,96.45,98.15,27000,25.8
2025-11-17,KAUSHALYA,BE,955.0,971.0,955.0,969.0,994.6,71,0.68
2025-11-17,KAVDEFENCE,BE,106.0,106.0,106.0,106.0,108.17,8383,8.89
2025-11-17,KAYA,EQ,429.0,429.0,403.0,405.85,423.15,7847,32.08
2025-11-17,KAYNES,EQ,6346.0,6347.0,6190.0,6237.0,6332.0,316277,19802.38
2025-11-17,KAYTEX,SM,85.0,87.0,85.0,87.0,86.5,1600,1.38
2025-11-17,KCEIL,SM,185.95,191.55,183.05,191.55,182.45,45500,86.41
2025-11-17,KCK,ST,29.3,30.3,28.55,29.75,29.3,37500,11.08
2025-11-17,KCP,EQ,188.15,191.0,183.0,185.0,186.31,287690,535.62
2025-11-17,KCPSUGIND,EQ,27.69,28.0,27.56,27.75,27.94,80512,22.36
2025-11-17,KDDL,EQ,2443.3,2443.3,2418.9,2430.2,2443.3,8346,203.05
2025-11-17,KDL,SM,180.55,182.8,171.55,171.55,180.55,29550,51.84
2025-11-17,KEC,EQ,792.95,796.7,782.0,785.1,791.55,569155,4480.48
2025-11-17,KECL,EQ,114.22,115.51,113.12,113.73,113.92,83800,95.42
2025-11-17,KEEPLEARN,EQ,2.85,2.85,2.52,2.72,2.67,86786,2.32
2025-11-17,KEI,EQ,4120.9,4164.0,4112.0,4150.9,4112.8,191767,7958.92
2025-11-17,KEL,SM,108.5,115.0,106.0,106.0,104.1,28800,32.24
2025-11-17,KELLTONTEC,EQ,21.02,21.63,20.85,20.96,21.02,2283434,481.77
2025-11-17,KEN,SM,47.65,48.0,46.75,46.75,47.65,10800,5.13
2025-11-17,KERNEX,EQ,1280.0,1329.5,1254.8,1314.0,1267.8,170527,2233.18
2025-11-17,KESORAMIND,EQ,5.0,5.04,4.89,4.94,5.0,558714,27.8
2025-11-17,KEYFINSERV,EQ,333.2,334.9,309.0,313.4,340.15,26349,83.51
2025-11-17,KFINTECH,EQ,1084.1,1098.7,1082.7,1088.6,1084.1,468953,5118.38
2025-11-17,KHADIM,EQ,225.08,229.19,212.7,214.71,223.1,74298,160.91
2025-11-17,KHAICHEM,EQ,95.18,97.1,93.15,93.8,94.91,207647,197.02
2025-11-17,KHAITANLTD,EQ,102.1,106.86,102.09,104.18,104.26,5165,5.35
2025-11-17,KHANDSE,EQ,25.0,25.0,22.25,22.41,23.12,13504,3.1
2025-11-17,KHFM,SM,73.0,73.45,70.0,73.45,70.85,7750,5.56
2025-11-17,KICL,EQ,5214.0,5297.0,5075.0,5112.0,5214.0,1748,90.08
2025-11-17,KILITCH,EQ,360.0,373.8,354.6,356.2,359.35,62044,224.57
2025-11-17,KIMS,EQ,661.3,679.8,660.0,676.05,665.0,295767,1981.0
2025-11-17,KINGFA,BE,4269.9,4385.0,4192.1,4202.7,4269.9,2516,106.74
2025-11-17,KIOCL,BE,382.35,390.35,370.0,374.0,382.0,45082,169.18
2025-11-17,KIRIINDUS,EQ,528.4,537.5,525.35,532.45,526.1,132921,707.62
2025-11-17,KIRLOSBROS,EQ,1734.1,1789.5,1733.4,1764.9,1732.9,50557,892.79
2025-11-17,KIRLOSENG,EQ,1102.45,1122.4,1091.45,1109.9,1092.05,639184,7065.75
2025-11-17,KIRLOSIND,EQ,3770.7,3774.6,3690.5,3733.5,3733.4,5480,204.26
2025-11-17,KIRLPNU,EQ,1120.9,1143.6,1105.3,1125.7,1106.6,55366,625.79
2025-11-17,KITEX,EQ,213.2,217.94,213.0,213.97,210.99,1423639,3055.68
2025-11-17,KKCL,EQ,517.0,519.0,509.45,512.1,517.25,19124,97.98
2025-11-17,KKJEWELS,SM,93.5,93.95,89.0,90.1,92.65,26000,23.73
2025-11-17,KLL,SM,45.0,45.3,40.65,41.5,45.0,110400,47.55
2025-11-17,KMEW,EQ,2600.1,2777.6,2486.1,2691.4,2658.0,112627,2923.37
2025-11-17,KMSUGAR,EQ,28.25,28.61,27.7,27.96,28.1,87593,24.61
2025-11-17,KNAGRI,SM,212.05,218.9,202.25,210.0,218.05,30000,63.21
2025-11-17,KNRCON,EQ,168.21,174.6,167.75,172.63,168.21,1116624,1918.83
2025-11-17,KODYTECH,SM,691.05,754.4,655.05,745.05,724.55,58600,407.01
2025-11-17,KOHINOOR,EQ,30.01,30.88,29.0,29.53,29.97,71121,21.14
2025-11-17,KOKUYOCMLN,EQ,99.6,100.49,97.51,98.09,98.95,41096,40.54
2025-11-17,KOLTEPATIL,EQ,415.6,415.6,407.0,408.9,415.6,44952,183.88
2025-11-17,KONSTELEC,SM,60.5,61.35,60.5,61.3,59.6,4000,2.45
2025-11-17,KONTOR,SM,66.5,66.5,60.0,62.45,69.0,78600,49.27
2025-11-17,KOPRAN,EQ,142.99,143.45,139.0,139.33,142.87,186039,261.72
2025-11-17,KORE,ST,182.3,188.0,181.7,184.6,191.25,22500,41.07
2025-11-17,KOTAKBANK,EQ,2095.0,2119.9,2092.4,2102.9,2079.7,5030328,105836.41
2025-11-17,KOTARISUG,EQ,29.43,29.97,29.43,29.64,29.43,30902,9.15
2025-11-17,KOTHARIPET,EQ,145.56,147.87,142.11,142.74,145.55,48562,70.38
2025-11-17,KOTHARIPRO,EQ,87.25,87.25,84.0,84.54,84.71,37829,32.25
2025-11-17,KOTYARK,ST,246.2,250.65,243.0,243.0,255.75,13600,33.25
2025-11-17,KPEL,EQ,409.0,409.6,399.0,399.95,402.3,186969,753.39
2025-11-17,KPIGREEN,EQ,470.85,479.0,462.55,466.9,469.4,862408,4049.06
2025-11-17,KPIL,EQ,1241.9,1264.7,1241.9,1251.5,1253.2,91851,1151.27
2025-11-17,KPITTECH,EQ,1222.2,1227.0,1210.1,1216.0,1222.2,509828,6216.4
2025-11-17,KPRMILL,EQ,1075.0,1098.8,1066.0,1086.3,1078.4,291793,3163.11
2025-11-17,KRBL,EQ,430.0,443.9,423.2,425.1,429.35,3264083,14107.7
2025-11-17,KREBSBIO,EQ,69.5,70.0,67.15,67.3,69.17,4185,2.88
2025-11-17,KRIDHANINF,EQ,3.47,3.67,3.47,3.63,3.53,57854,2.08
2025-11-17,KRISHANA,EQ,526.0,526.0,517.0,520.55,517.65,55858,291.63
2025-11-17,KRISHCA,SM,189.0,198.0,188.1,197.25,189.5,9000,17.43
2025-11-17,KRISHIVAL,EQ,484.95,484.95,453.0,459.3,476.85,56279,268.67
2025-11-17,KRISHNADEF,SM,880.0,881.7,805.55,811.1,846.25,127750,1057.83
2025-11-17,KRITI,EQ,93.7,99.0,93.7,96.45,99.09,55702,54.06
2025-11-17,KRITIKA,EQ,8.01,8.1,8.01,8.03,8.07,103079,8.29
2025-11-17,KRITINUT,EQ,88.44,88.69,85.3,86.14,87.32,44964,39.37
2025-11-17,KRN,EQ,829.7,829.7,807.0,813.1,826.0,205470,1670.8
2025-11-17,KRONOX,EQ,148.98,150.9,147.9,149.09,148.98,62201,92.76
2025-11-17,KROSS,EQ,177.45,177.5,168.11,170.19,182.25,542716,935.65
2025-11-17,KRSNAA,EQ,818.3,838.0,805.65,826.8,806.2,185738,1527.62
2025-11-17,KRT,RR,118.25,119.2,115.75,118.64,117.96,1247566,1452.68
2025-11-17,KRYSTAL,EQ,546.0,546.0,531.0,535.35,535.5,12136,65.11
2025-11-17,KSB,EQ,765.8,768.0,752.0,754.65,759.95,26449,200.34
2025-11-17,KSCL,EQ,1075.0,1084.5,1055.8,1069.0,1070.3,75795,812.51
2025-11-17,KSHITIJPOL,EQ,2.87,2.89,2.8,2.87,2.83,159693,4.57
2025-11-17,KSL,EQ,805.95,813.0,802.35,804.95,805.95,28124,226.74
2025-11-17,KSOLVES,EQ,312.95,314.0,310.0,310.6,310.15,36677,114.27
2025-11-17,KTKBANK,EQ,175.9,179.52,174.35,175.73,174.07,1958222,3464.0
2025-11-17,KTL,SZ,4.7,4.9,4.55,4.9,4.7,21000,1.01
2025-11-17,KUANTUM,EQ,103.2,104.97,102.95,103.94,103.2,17633,18.26
2025-11-17,LAGNAM,EQ,72.1,73.36,68.15,70.99,73.0,33502,23.85
2025-11-17,LAKPRE,BZ,5.47,5.47,4.94,5.07,5.21,1031,0.05
2025-11-17,LAKSHYA,SM,134.2,138.0,131.1,133.8,141.1,23200,31.15
2025-11-17,LAL,EQ,9.51,9.99,9.51,9.83,9.78,39309,3.82
2025-11-17,LALPATHLAB,EQ,3154.5,3164.4,3129.5,3158.3,3153.2,67138,2112.02
2025-11-17,LAMBODHARA,EQ,134.4,134.4,132.47,133.09,132.46,13687,18.29
2025-11-17,LAMOSAIC,SM,38.1,38.25,37.0,37.95,38.95,25200,9.5
2025-11-17,LANCORHOL,BE,30.0,30.0,28.5,28.55,30.01,44887,13.02
2025-11-17,LANDMARK,EQ,561.7,564.3,543.2,547.0,561.7,91035,499.87
2025-11-17,LAOPALA,EQ,225.3,225.3,220.49,221.1,223.84,86277,191.2
2025-11-17,LASA,BE,10.22,10.76,10.2,10.31,10.25,27128,2.82
2025-11-17,LATENTVIEW,EQ,490.0,500.0,476.9,479.0,488.8,437030,2131.03
2025-11-17,LATTEYS,BE,25.64,25.64,24.55,24.87,25.74,86745,21.65
2025-11-17,LAURUSLABS,EQ,1001.05,1025.0,997.3,1021.85,999.0,1696744,17228.36
2025-11-17,LAWSIKHO,SM,138.0,139.95,138.0,138.0,138.5,27500,37.98
2025-11-17,LAXMICOT,EQ,20.71,21.38,20.7,21.07,20.86,3296,0.69
2025-11-17,LAXMIDENTL,EQ,314.15,314.95,305.0,306.65,311.05,151863,469.61
2025-11-17,LAXMIINDIA,EQ,139.0,140.99,128.5,129.61,137.12,913576,1208.06
2025-11-17,LCCINFOTEC,EQ,4.49,4.49,4.49,4.49,4.28,56473,2.54
2025-11-17,LEMERITE,SM,503.75,509.05,499.0,502.85,500.3,64000,321.72
2025-11-17,LEMONTREE,EQ,156.52,158.53,156.38,156.74,156.52,1543216,2428.57
2025-11-17,LENSKART,EQ,409.05,438.85,408.3,431.45,409.05,9096098,38609.8
2025-11-17,LEXUS,BE,29.2,29.85,28.5,29.0,29.2,6967,2.03
2025-11-17,LFIC,EQ,197.01,201.94,197.01,199.52,201.59,2560,5.1
2025-11-17,LGBBROSLTD,EQ,1825.0,1857.9,1811.4,1828.3,1819.3,40998,752.41
2025-11-17,LGEINDIA,EQ,1621.0,1634.2,1605.5,1623.0,1617.8,1413891,22929.55
2025-11-17,LGHL,EQ,270.0,272.95,266.0,268.5,273.15,70143,189.6
2025-11-17,LIBAS,EQ,11.89,11.89,11.41,11.7,11.56,8995,1.05
2025-11-17,LIBERTSHOE,EQ,309.05,311.65,303.1,304.35,309.05,18836,57.55
2025-11-17,LICHSGFIN,EQ,567.7,572.6,566.8,571.0,567.7,528243,3014.39
2025-11-17,LICI,EQ,909.45,916.65,908.2,915.35,909.45,926990,8472.82
2025-11-17,LICMFGOLD,EQ,11190.75,11191.0,11000.0,11087.9,11324.8,1609,178.18
2025-11-17,LICNETFGSC,EQ,28.83,28.83,28.61,28.64,28.69,228030,65.38
2025-11-17,LICNETFN50,EQ,286.93,288.91,286.93,287.89,286.93,1187,3.42
2025-11-17,LICNETFSEN,EQ,939.0,949.0,939.0,943.28,944.25,110,1.04
2025-11-17,LICNFNHGP,EQ,283.56,289.52,283.56,287.43,286.5,656,1.88
2025-11-17,LICNMID100,EQ,61.33,61.95,60.12,60.43,60.86,8419,5.11
2025-11-17,LIKHITHA,EQ,211.98,215.0,207.58,213.28,216.33,108852,229.9
2025-11-17,LINC,EQ,127.1,129.9,124.21,125.23,125.04,28891,36.45
2025-11-17,LINCOLN,EQ,531.9,537.15,527.0,532.85,525.7,27670,146.84
2025-11-17,LINDEINDIA,EQ,5743.0,5800.0,5715.0,5741.0,5743.0,21650,1244.68
2025-11-17,LIQGRWBEES,EQ,1016.32,1016.34,1016.32,1016.33,1016.21,100744,1023.9
2025-11-17,LIQUID,EQ,999.99,1000.0,999.99,999.99,999.99,221226,2212.26
2025-11-17,LIQUID1,EQ,1078.19,1078.25,1078.19,1078.21,1078.05,685210,7388.01
2025-11-17,LIQUIDADD,EQ,1100.37,1100.39,1100.37,1100.37,1100.23,430414,4736.21
2025-11-17,LIQUIDBEES,EQ,1000.01,1000.01,999.99,999.99,1000.0,2223597,22235.94
2025-11-17,LIQUIDBETF,EQ,1056.0,1056.93,1056.0,1056.92,1056.8,291102,3076.69
2025-11-17,LIQUIDCASE,EQ,111.42,111.42,111.4,111.41,111.4,9388502,10460.14
2025-11-17,LIQUIDETF,EQ,999.99,1000.01,999.99,1000.0,1000.0,63187,631.87
2025-11-17,LIQUIDIETF,EQ,999.99,1000.01,999.99,999.99,999.99,521300,5213.0
2025-11-17,LIQUIDPLUS,EQ,1059.84,1059.86,1059.84,1059.84,1059.71,41651,441.44
2025-11-17,LIQUIDSBI,EQ,999.99,1000.01,999.99,1000.01,1000.0,5011,50.11
2025-11-17,LIQUIDSHRI,EQ,1079.65,1079.67,1079.65,1079.65,1079.5,5838,63.03
2025-11-17,LLOYDPP,E1,45.05,45.4,44.2,44.51,45.14,406836,180.79
2025-11-17,LLOYDS,SM,81.0,81.0,81.0,81.0,82.75,1000,0.81
2025-11-17,LLOYDSENGG,EQ,57.99,58.2,57.15,57.33,57.88,1250612,720.47
2025-11-17,LLOYDSENPP,E1,40.87,42.6,39.7,39.96,40.86,206685,82.86
2025-11-17,LLOYDSENT,EQ,65.01,65.59,64.5,64.79,65.21,300035,194.74
2025-11-17,LLOYDSME,EQ,1298.0,1299.6,1254.0,1259.2,1287.3,342503,4347.53
2025-11-17,LMW,EQ,15475.0,15787.0,15475.0,15654.0,15584.0,1368,213.67
2025-11-17,LODHA,EQ,1212.4,1223.0,1210.5,1220.3,1209.5,781591,9534.55
2025-11-17,LOKESHMACH,EQ,185.9,185.9,180.0,181.26,182.58,19273,35.2
2025-11-17,LORDSCHLO,EQ,184.16,185.98,180.22,181.72,181.64,39712,72.77
2025-11-17,LOTUSDEV,EQ,174.82,174.99,170.98,171.43,173.35,518872,892.53
2025-11-17,LOTUSEYE,BE,107.96,110.0,106.0,106.27,110.73,17287,18.57
2025-11-17,LOVABLE,EQ,89.95,92.57,86.99,87.63,91.21,51446,45.48
2025-11-17,LOWVOL,EQ,213.73,214.77,213.73,214.12,214.11,122,0.26
2025-11-17,LOWVOL1,EQ,21.76,21.91,21.75,21.86,21.76,29154,6.36
2025-11-17,LOWVOLIETF,EQ,23.61,23.61,22.62,22.98,22.92,3992343,916.49
2025-11-17,LOYALTEX,EQ,239.97,239.97,227.98,228.87,239.97,871,2.0
2025-11-17,LPDC,EQ,7.53,7.75,7.35,7.41,7.53,44628,3.33
2025-11-17,LRRPL,SM,88.0,90.1,85.3,87.5,89.65,18000,15.94
2025-11-17,LT,EQ,4004.4,4030.0,4000.1,4027.7,4004.4,1206133,48451.78
2025-11-17,LTF,EQ,295.05,301.5,292.95,299.4,294.15,11584288,34611.8
2025-11-17,LTFOODS,EQ,413.45,417.0,410.3,412.65,412.9,319275,1321.74
2025-11-17,LTGILTBEES,EQ,29.36,30.03,28.62,29.14,29.16,1795587,522.99
2025-11-17,LTGILTCASE,EQ,30.57,30.57,29.6,29.69,29.68,23235,6.9
2025-11-17,LTIM,EQ,5826.0,5875.0,5796.5,5848.5,5809.0,108410,6322.04
2025-11-17,LTTS,EQ,4101.1,4137.1,4082.0,4105.4,4086.5,117854,4836.26
2025-11-17,LUMAXIND,EQ,4935.0,5282.5,4911.5,5148.3,4897.4,36700,1898.78
2025-11-17,LUMAXTECH,EQ,1433.0,1480.9,1411.2,1457.3,1430.4,283582,4115.4
2025-11-17,LUPIN,EQ,2074.9,2076.6,2043.1,2052.1,2055.3,989649,20365.03
2025-11-17,LUXIND,EQ,1207.4,1209.9,1190.0,1196.2,1202.6,27407,328.71
2025-11-17,LXCHEM,EQ,189.0,190.02,186.1,187.05,188.06,287339,539.54
2025-11-17,LYKALABS,EQ,87.93,87.93,85.5,85.95,87.93,41920,36.12
2025-11-17,LYPSAGEMS,EQ,5.48,5.48,5.25,5.28,5.27,25996,1.38
2025-11-17,M&M,EQ,3710.0,3754.5,3682.3,3734.9,3698.6,2094008,78131.21
2025-11-17,M&MFIN,EQ,310.15,314.5,308.45,314.2,308.65,840398,2632.81
2025-11-17,MAANALU,EQ,133.73,145.0,132.84,141.6,133.73,226410,315.12
2025-11-17,MACOBSTECH,SM,212.0,213.9,211.0,213.0,216.0,12800,27.29
2025-11-17,MACPOWER,EQ,860.0,1020.0,853.35,979.2,850.5,293200,2826.39
2025-11-17,MADHAV,EQ,40.15,41.65,40.15,41.37,40.14,9288,3.83
2025-11-17,MADHAVBAUG,SM,274.9,283.0,274.9,283.0,275.0,16000,44.51
2025-11-17,MADHUCON,EQ,7.09,7.1,6.81,6.84,7.09,39445,2.72
2025-11-17,MADHUSUDAN,SM,117.95,117.95,108.6,108.95,113.35,51000,56.85
2025-11-17,MADRASFERT,EQ,81.33,82.23,80.81,81.16,81.33,59452,48.51
2025-11-17,MAFANG,EQ,171.13,171.13,171.13,171.13,174.61,257041,439.87
2025-11-17,MAGADSUGAR,EQ,510.55,510.7,498.0,501.35,506.95,4212,21.2
2025-11-17,MAGNUM,EQ,24.9,24.9,23.55,23.83,24.41,58326,13.95
2025-11-17,MAGSON,SM,112.0,112.0,112.0,112.0,113.5,3000,3.36
2025-11-17,MAHABANK,EQ,58.05,60.33,57.94,59.91,58.01,30529618,18246.16
2025-11-17,MAHAPEXLTD,EQ,94.96,94.96,91.15,92.49,92.95,1850,1.72
2025-11-17,MAHASTEEL,BE,792.0,792.0,776.2,776.2,792.0,3827,29.95
2025-11-17,MAHEPC,EQ,130.51,135.31,130.51,133.29,131.79,22648,30.22
2025-11-17,MAHESHWARI,EQ,54.51,55.89,54.23,55.2,55.12,20405,11.22
2025-11-17,MAHICKRA,SM,157.0,157.0,148.0,156.0,157.0,12750,19.07
2025-11-17,MAHKTECH,EQ,27.42,27.42,27.32,27.4,27.19,2263523,620.52
2025-11-17,MAHLIFE,EQ,390.5,399.0,386.0,398.2,392.2,113199,444.51
2025-11-17,MAHLOG,EQ,340.7,343.3,333.0,334.95,340.7,99196,335.03
2025-11-17,MAHSCOOTER,EQ,14887.0,15680.0,14600.0,15250.0,14337.0,15038,2289.76
2025-11-17,MAHSEAMLES,EQ,563.0,571.1,561.75,563.4,562.95,121206,684.37
2025-11-17,MAITHANALL,EQ,1051.0,1052.9,1021.1,1027.1,1040.6,32873,339.98
2025-11-17,MAITREYA,SM,282.0,286.5,255.05,260.55,286.55,27200,71.71
2025-11-17,MAKEINDIA,EQ,159.64,160.2,155.54,156.17,155.53,18391,28.69
2025-11-17,MAL,SM,54.4,54.4,50.6,51.2,53.25,17600,9.11
2025-11-17,MALLCOM,EQ,1253.0,1261.1,1213.2,1230.3,1270.2,16822,207.43
2025-11-17,MALUPAPER,EQ,38.14,38.47,36.6,37.42,37.77,9170,3.44
2025-11-17,MAMATA,EQ,421.95,434.95,421.95,430.6,420.1,146371,626.58
2025-11-17,MANAKALUCO,BE,26.85,28.19,26.85,27.44,27.68,22681,6.16
2025-11-17,MANAKCOAT,EQ,140.99,143.67,139.1,140.0,140.3,191660,271.69
2025-11-17,MANAKSIA,EQ,65.3,72.0,64.91,66.45,65.54,88538,59.47
2025-11-17,MANAKSTEEL,EQ,65.0,66.71,63.15,66.03,63.54,97211,64.06
2025-11-17,MANALIPETC,EQ,68.15,69.7,67.8,68.05,68.15,330184,226.1
2025-11-17,MANAPPURAM,EQ,280.9,285.3,277.9,282.65,281.15,2687916,7568.14
2025-11-17,MANAV,ST,20.15,20.15,20.15,20.15,19.2,4000,0.81
2025-11-17,MANBA,EQ,140.46,144.1,139.4,139.93,140.46,39540,55.92
2025-11-17,MANCREDIT,EQ,181.99,183.19,175.8,176.12,177.98,36018,64.07
2025-11-17,MANGALAM,EQ,62.3,62.5,60.06,61.2,62.3,24170,14.96
2025-11-17,MANGLMCEM,EQ,755.1,755.75,739.0,743.75,754.35,63358,469.87
2025-11-17,MANINDS,EQ,430.0,439.55,422.5,425.6,426.55,556505,2398.18
2025-11-17,MANINFRA,EQ,132.8,135.2,132.1,134.31,132.83,579530,776.94
2025-11-17,MANKIND,EQ,2280.0,2280.0,2236.0,2247.0,2267.1,292698,6585.76
2025-11-17,MANOMAY,EQ,226.42,226.42,218.6,219.65,225.13,21655,48.05
2025-11-17,MANORAMA,EQ,1333.9,1352.0,1322.4,1342.3,1329.2,79694,1067.07
2025-11-17,MANORG,EQ,486.05,523.25,485.5,485.5,539.45,29478,144.06
2025-11-17,MANUFGBEES,EQ,158.41,158.41,152.83,154.29,153.8,1495,2.3
2025-11-17,MANUGRAPH,BE,18.02,19.0,18.02,18.9,18.65,1043,0.2
2025-11-17,MANYAVAR,EQ,626.4,627.7,621.75,626.2,626.5,63081,394.42
2025-11-17,MAPMYINDIA,EQ,1690.1,1714.9,1689.5,1698.7,1692.4,45110,766.7
2025-11-17,MARALOVER,EQ,49.85,52.22,49.56,51.74,49.84,20421,10.44
2025-11-17,MARATHON,EQ,565.65,567.0,552.05,561.0,562.85,344618,1932.79
2025-11-17,MARCO,SM,37.1,38.9,37.05,38.9,38.0,16500,6.26
2025-11-17,MARICO,EQ,753.5,764.65,750.2,760.7,738.7,3726013,28296.67
2025-11-17,MARINE,EQ,254.9,254.9,245.0,247.35,250.2,367291,913.55
2025-11-17,MARINETRAN,SM,14.55,16.0,14.55,15.25,15.3,16000,2.39
2025-11-17,MARKOLINES,EQ,161.15,164.0,159.21,161.16,161.15,257338,415.86
2025-11-17,MARKSANS,EQ,194.42,198.99,193.3,195.11,192.44,1102820,2154.47
2025-11-17,MARSHALL,BZ,4.09,4.29,3.88,3.88,4.09,555086,22.22
2025-11-17,MARUTI,EQ,15689.0,15892.0,15655.0,15878.0,15684.0,301069,47646.86
2025-11-17,MASFIN,EQ,309.25,314.5,307.8,312.55,309.25,49619,154.46
2025-11-17,MASKINVEST,BE,160.0,163.0,152.6,162.5,157.0,748,1.21
2025-11-17,MASON,SM,201.05,203.5,198.95,202.85,201.95,11500,23.11
2025-11-17,MASPTOP50,EQ,69.86,69.87,69.86,69.87,71.06,69870,48.82
2025-11-17,MASTEK,EQ,2295.0,2369.0,2275.6,2336.4,2235.0,580078,13538.08
2025-11-17,MASTER,SM,385.0,385.0,385.0,385.0,380.0,1000,3.85
2025-11-17,MASTERTR,EQ,105.45,107.38,101.13,101.61,104.98,538034,556.53
2025-11-17,MATRIMONY,EQ,507.5,507.5,499.0,500.5,502.85,8000,40.16
2025-11-17,MAWANASUG,EQ,84.81,84.89,83.8,83.88,84.39,15289,12.86
2025-11-17,MAXESTATES,EQ,465.55,472.65,456.8,461.65,465.55,129678,595.95
2025-11-17,MAXHEALTH,EQ,1105.0,1124.8,1091.7,1121.6,1103.1,5102278,56644.43
2025-11-17,MAXIND,EQ,208.0,209.95,202.52,203.79,207.57,26516,54.49
2025-11-17,MAXPOSURE,SM,51.95,51.95,51.95,51.95,51.9,1000,0.52
2025-11-17,MAXVOLT,ST,423.0,428.9,409.0,428.9,408.5,64000,272.27
2025-11-17,MAYASHEEL,ST,65.55,68.2,65.0,67.2,65.25,18000,11.98
2025-11-17,MAYURUNIQ,EQ,542.25,542.25,527.55,529.0,537.6,30728,163.47
2025-11-17,MAZDA,EQ,254.4,259.45,250.35,254.1,254.4,31066,78.9
2025-11-17,MAZDOCK,EQ,2795.0,2827.0,2782.1,2800.5,2782.1,1140125,32002.14
2025-11-17,MBAPL,EQ,408.1,410.0,405.0,405.55,407.95,43072,175.45
2025-11-17,MBEL,EQ,436.0,442.45,427.55,428.7,437.45,318355,1373.88
2025-11-17,MBLINFRA,EQ,39.03,40.51,39.03,39.98,39.5,114294,45.67
2025-11-17,MCL,BE,48.8,48.84,45.45,47.31,47.85,83501,38.89
2025-11-17,MCLEODRUSS,BE,54.97,54.97,54.97,54.97,56.1,534833,294.0
2025-11-17,MCLOUD,EQ,63.22,65.39,62.19,64.9,62.29,6180156,3970.53
2025-11-17,MCON,SM,62.0,62.85,61.0,61.9,59.95,23000,14.1
2025-11-17,MCX,EQ,9718.0,9795.0,9640.0,9698.0,9666.5,366759,35632.03
2025-11-17,MEDANTA,EQ,1186.6,1210.2,1175.0,1202.1,1174.9,388504,4657.67
2025-11-17,MEDIASSIST,EQ,454.95,469.0,449.55,465.85,451.85,186997,859.28
2025-11-17,MEDICAMEQ,EQ,410.0,410.0,390.0,396.45,410.65,93187,370.93
2025-11-17,MEDICO,BE,53.14,54.2,52.1,53.03,53.14,55882,29.45
2025-11-17,MEDIORG,SM,27.5,27.5,27.5,27.5,28.95,20000,5.5
2025-11-17,MEDISTEP,SM,28.0,29.8,28.0,29.8,29.8,18000,5.18
2025-11-17,MEDPLUS,EQ,780.0,792.75,776.2,787.35,781.25,104911,823.1
2025-11-17,MEGAFLEX,SM,82.95,82.95,82.95,82.95,79.0,6000,4.98
2025-11-17,MEGASOFT,BE,195.5,203.8,194.6,199.11,196.46,87202,173.66
2025-11-17,MEGASTAR,BE,265.0,270.95,256.25,263.0,265.85,2585,6.85
2025-11-17,MEGATHERM,SM,245.0,245.0,225.55,230.75,247.6,56000,130.88
2025-11-17,MEIL,EQ,446.0,451.7,446.0,450.3,445.4,18321,82.33
2025-11-17,MENONBE,EQ,116.62,117.69,113.1,114.19,116.61,35181,40.43
2025-11-17,MEP,BZ,2.46,2.46,2.46,2.46,2.52,7913,0.19
2025-11-17,METAL,EQ,10.54,10.65,10.5,10.54,10.54,2491301,262.85
2025-11-17,METALIETF,EQ,10.53,10.63,10.5,10.56,10.53,5242479,553.06
2025-11-17,METROBRAND,EQ,1093.0,1117.0,1083.0,1090.4,1097.4,51238,558.4
2025-11-17,METROPOLIS,EQ,1981.0,1990.0,1962.1,1982.3,1970.8,10179,201.57
2025-11-17,MFML,EQ,26.61,28.8,26.2,27.86,27.24,4883,1.34
2025-11-17,MFSL,EQ,1688.0,1707.9,1678.1,1698.3,1673.4,698271,11795.31
2025-11-17,MGEL,EQ,13.7,15.0,13.7,14.49,13.82,1080346,154.46
2025-11-17,MGL,EQ,1249.3,1249.3,1230.0,1233.2,1253.3,268216,3318.91
2025-11-17,MGSL,SM,93.8,93.8,91.25,91.25,91.0,79200,72.64
2025-11-17,MHHL,SM,47.45,47.45,43.15,43.25,45.4,10500,4.63
2025-11-17,MHLXMIRU,EQ,234.4,235.9,215.02,230.42,230.35,42768,97.43
2025-11-17,MHRIL,EQ,314.0,322.05,314.0,317.25,313.0,126024,400.93
2025-11-17,MICEL,EQ,47.66,48.63,47.16,47.48,47.79,1697609,812.19
2025-11-17,MID150,EQ,23.07,23.07,22.65,22.75,22.65,17724,4.03
2025-11-17,MID150BEES,EQ,237.34,237.34,223.52,232.04,230.43,784225,1817.49
2025-11-17,MID150CASE,EQ,11.48,11.48,10.9,11.22,11.15,2434188,273.21
2025-11-17,MIDCAP,EQ,181.05,181.05,176.51,177.83,176.77,61192,108.68
2025-11-17,MIDCAPETF,EQ,22.72,22.89,22.71,22.87,22.72,2710721,619.78
2025-11-17,MIDCAPIETF,EQ,22.98,23.3,22.98,23.13,22.99,4051462,936.4
2025-11-17,MIDHANI,EQ,366.0,370.85,359.15,361.2,364.7,439572,1601.91
2025-11-17,MIDQ50ADD,EQ,250.98,253.26,250.98,252.84,251.47,28414,71.81
2025-11-17,MIDSELIETF,EQ,19.11,19.11,18.53,18.66,18.55,163025,30.38
2025-11-17,MIDSMALL,EQ,49.93,50.0,49.62,49.88,49.63,195089,97.3
2025-11-17,MIDWESTLTD,EQ,1171.0,1289.6,1171.0,1273.6,1172.4,754545,9503.96
2025-11-17,MIEL,ST,20.7,21.05,20.7,21.05,21.75,52000,10.83
2025-11-17,MINDACORP,EQ,604.3,613.9,602.1,605.45,601.15,280905,1711.23
2025-11-17,MINDSPACE,RR,463.4,473.0,462.38,467.49,460.38,259793,1213.82
2025-11-17,MINDTECK,EQ,227.6,231.8,221.55,226.05,229.9,93010,210.43
2025-11-17,MIRCELECTR,BE,26.97,26.97,26.4,26.4,26.45,250749,66.87
2025-11-17,MIRZAINT,EQ,39.2,40.9,38.43,39.95,39.34,491620,195.94
2025-11-17,MITCON,EQ,68.9,68.99,67.5,67.6,68.11,6529,4.43
2025-11-17,MITTAL,EQ,1.44,1.45,1.19,1.37,1.43,2099745,28.14
2025-11-17,MKPL,EQ,6.5,6.66,6.44,6.46,6.64,351916,22.91
2025-11-17,MMEL,SM,52.0,52.0,50.15,51.2,52.0,18000,9.16
2025-11-17,MMFL,EQ,300.0,311.2,297.45,309.25,302.05,55526,169.91
2025-11-17,MMP,EQ,274.95,274.95,262.0,263.95,264.4,12727,33.79
2025-11-17,MMTC,EQ,65.5,66.57,65.3,65.44,65.65,659339,433.73
2025-11-17,MNC,EQ,30.88,31.1,30.72,30.99,30.87,18226,5.65
2025-11-17,MOALPHA50,EQ,51.88,52.42,51.88,52.17,51.84,27510,14.34
2025-11-17,MOBIKWIK,EQ,253.6,264.0,252.0,256.8,253.6,1288693,3331.37
2025-11-17,MOCAPITAL,EQ,47.5,47.77,47.34,47.58,47.27,570183,271.2
2025-11-17,MODEFENCE,EQ,91.1,91.99,90.84,91.07,90.98,2299994,2097.98
2025-11-17,MODIRUBBER,EQ,119.4,120.8,116.4,120.6,116.81,3400,4.07
2025-11-17,MODIS,EQ,399.8,405.85,391.3,395.65,394.45,41237,164.75
2025-11-17,MODISONLTD,EQ,160.0,163.24,154.26,155.45,151.42,159487,253.35
2025-11-17,MODTHREAD,EQ,43.87,45.45,43.58,43.58,44.0,8336,3.68
2025-11-17,MOENERGY,EQ,36.8,36.8,36.5,36.55,36.38,46675,17.09
2025-11-17,MOGOLD,EQ,123.25,123.45,121.0,122.3,124.45,66113,80.61
2025-11-17,MOGSEC,EQ,63.19,63.19,62.44,62.54,62.88,10206,6.38
2025-11-17,MOHEALTH,EQ,45.32,46.57,45.11,45.81,45.32,77264,35.17
2025-11-17,MOHITIND,BE,31.14,31.99,30.6,31.21,31.14,9740,3.05
2025-11-17,MOIL,EQ,357.95,360.0,353.2,354.6,356.0,399429,1421.4
2025-11-17,MOINFRA,EQ,61.3,61.6,61.06,61.49,61.26,1955,1.2
2025-11-17,MOKSH,EQ,15.17,15.7,14.9,15.08,15.17,925494,141.75
2025-11-17,MOL,EQ,71.9,72.5,71.12,72.11,71.9,361197,259.58
2025-11-17,MOLDTECH,EQ,181.7,184.0,177.69,182.94,181.27,55772,101.28
2025-11-17,MOLDTKPAC,EQ,658.0,661.2,643.6,653.45,657.75,53670,348.91
2025-11-17,MOLOWVOL,EQ,38.98,39.14,38.88,38.97,38.98,5426,2.12
2025-11-17,MOM100,EQ,65.97,66.18,65.4,65.82,65.4,514987,338.87
2025-11-17,MOM30IETF,EQ,32.42,32.81,32.33,32.56,32.42,907944,295.18
2025-11-17,MOM50,EQ,269.7,270.26,268.36,269.91,268.36,11777,31.71
2025-11-17,MOMENTUM,EQ,31.8,32.4,31.8,32.37,32.24,67080,21.68
2025-11-17,MOMENTUM30,EQ,32.05,32.09,31.91,32.09,31.82,11970,3.83
2025-11-17,MOMENTUM50,EQ,54.25,54.49,53.86,54.19,53.99,292437,158.46
2025-11-17,MOMGF,EQ,153.67,153.74,152.91,153.04,152.91,369,0.56
2025-11-17,MOMIDMTM,EQ,64.97,64.97,64.21,64.78,64.37,64279,41.5
2025-11-17,MOMOMENTUM,EQ,65.06,65.06,64.7,64.93,64.74,61091,39.62
2025-11-17,MON100,EQ,237.28,242.71,234.0,235.78,237.28,1241944,2937.68
2025-11-17,MON50EQUAL,EQ,33.27,33.49,33.27,33.47,33.27,26128,8.7
2025-11-17,MONARCH,EQ,318.45,320.95,311.8,314.1,316.8,290124,915.61
2025-11-17,MONEXT50,EQ,68.17,70.87,68.17,69.48,69.56,3108,2.17
2025-11-17,MONEYBOXX,EQ,144.11,145.83,138.5,142.26,144.11,19830,27.92
2025-11-17,MONIFTY100,EQ,27.33,27.33,26.55,26.75,26.67,7622,2.03
2025-11-17,MONIFTY500,EQ,24.34,24.37,24.25,24.33,24.22,330991,80.51
2025-11-17,MONOLITH,SM,548.0,584.95,548.0,569.75,545.1,72000,412.59
2025-11-17,MONQ50,EQ,98.5,99.89,97.84,99.09,99.13,141778,140.77
2025-11-17,MONTECARLO,EQ,779.8,804.9,776.0,798.7,773.6,93327,740.67
2025-11-17,MOPSE,EQ,101.35,101.83,100.0,101.24,100.86,4004,4.04
2025-11-17,MOQUALITY,EQ,196.31,199.7,196.2,198.24,196.3,3608,7.15
2025-11-17,MORARJEE,BZ,8.18,8.37,7.59,7.84,7.99,6272,0.49
2025-11-17,MOREALTY,EQ,94.42,95.0,94.23,94.67,93.95,431423,408.26
2025-11-17,MOREPENLAB,EQ,46.05,46.95,45.89,46.28,46.27,1955628,909.27
2025-11-17,MOS,SM,24.25,25.35,24.25,24.65,24.7,128000,31.75
2025-11-17,MOSCHIP,EQ,229.2,232.0,226.5,227.45,228.75,936675,2137.12
2025-11-17,MOSILVER,EQ,153.88,154.79,151.68,154.57,158.65,42299,64.91
2025-11-17,MOSMALL250,EQ,17.25,17.3,17.18,17.27,17.16,828856,143.15
2025-11-17,MOTHERSON,EQ,109.85,110.7,109.06,110.02,109.84,12995776,14276.02
2025-11-17,MOTILALOFS,EQ,994.95,1002.0,981.75,984.4,991.3,873621,8636.75
2025-11-17,MOTISONS,EQ,16.98,17.18,16.76,16.84,16.89,2160751,365.96
2025-11-17,MOTOGENFIN,EQ,25.86,25.86,23.76,24.6,25.86,134052,32.68
2025-11-17,MOTOUR,EQ,88.76,88.92,88.06,88.56,88.32,3979,3.52
2025-11-17,MOVALUE,EQ,116.07,116.5,115.2,116.14,115.5,82021,95.07
2025-11-17,MOXSH,ST,91.3,91.3,91.3,91.3,89.55,54400,49.67
2025-11-17,MPEL,SM,110.0,110.0,103.0,108.5,112.2,49600,52.4
2025-11-17,MPHASIS,EQ,2785.9,2798.9,2676.9,2688.7,2772.1,794655,21520.36
2025-11-17,MPSLTD,EQ,2230.0,2277.1,2180.2,2194.9,2243.8,45633,1009.3
2025-11-17,MPTODAY,SM,41.45,41.45,41.45,41.45,39.5,2000,0.83
2025-11-17,MRF,EQ,158500.0,158990.0,156750.0,157135.0,157400.0,4449,7004.88
2025-11-17,MRIL,SM,70.7,71.0,62.2,66.0,72.0,361600,239.39
2025-11-17,MRPL,EQ,172.18,185.0,172.18,183.52,171.83,23868096,43287.76
2025-11-17,MSCIINDIA,EQ,31.03,31.03,30.77,30.95,30.88,10790,3.33
2025-11-17,MSPL,EQ,35.0,35.5,33.77,34.84,34.72,3144879,1090.12
2025-11-17,MSTCLTD,EQ,526.0,532.5,523.7,524.95,525.3,102594,541.17
2025-11-17,MSUMI,EQ,48.0,49.09,47.73,49.01,47.96,6674298,3236.71
2025-11-17,MTARTECH,EQ,2649.9,2683.0,2605.5,2628.6,2626.6,455660,12069.43
2025-11-17,MTEDUCARE,BE,1.85,1.94,1.85,1.94,1.85,32635,0.62
2025-11-17,MTNL,EQ,41.05,41.2,40.7,40.84,41.05,853318,348.99
2025-11-17,MUFIN,EQ,111.44,120.16,104.2,112.53,108.85,16193978,17838.68
2025-11-17,MUFTI,EQ,102.99,103.0,101.51,101.91,102.9,99028,101.31
2025-11-17,MUKANDLTD,EQ,132.89,136.65,132.23,134.63,132.89,123500,166.53
2025-11-17,MUKKA,EQ,26.32,26.9,25.9,26.05,26.31,235271,61.56
2025-11-17,MUKTAARTS,EQ,65.82,67.8,65.82,66.1,67.31,5815,3.87
2025-11-17,MULTICAP,EQ,16.72,16.76,16.68,16.74,16.63,174849,29.24
2025-11-17,MUNISH,SM,112.65,115.0,110.0,110.5,112.3,50400,56.39
2025-11-17,MUNJALAU,EQ,88.1,90.9,87.55,89.34,88.31,429392,384.18
2025-11-17,MUNJALSHOW,EQ,130.5,131.59,129.35,130.21,128.75,41170,53.66
2025-11-17,MURUDCERA,EQ,39.9,40.64,39.6,39.7,39.91,55943,22.37
2025-11-17,MUTHOOTCAP,EQ,278.2,279.85,274.95,276.8,276.75,13493,37.38
2025-11-17,MUTHOOTFIN,EQ,3725.6,3767.8,3701.0,3760.5,3725.6,1176503,43980.16
2025-11-17,MUTHOOTMF,EQ,170.0,178.8,169.81,173.9,170.59,629535,1103.55
2025-11-17,MVGJL,EQ,200.25,201.68,197.01,199.34,198.28,33965,67.54
2025-11-17,MVKAGRO,ST,637.0,639.65,637.0,639.65,627.15,20400,130.29
2025-11-17,MWL,EQ,215.34,227.99,213.28,225.64,214.25,60092,133.29
2025-11-17,MYMUDRA,ST,83.6,87.0,79.45,86.85,83.6,44400,35.98
2025-11-17,NACLIND,BE,182.8,192.32,181.0,192.28,183.17,245541,465.59
2025-11-17,NAGAFERT,EQ,4.91,4.92,4.8,4.82,4.92,294063,14.21
2025-11-17,NAGREEKCAP,BE,29.01,29.89,28.8,29.74,30.11,7926,2.3
2025-11-17,NAGREEKEXP,EQ,28.48,28.48,27.11,27.33,27.5,8239,2.28
2025-11-17,NAHARCAP,EQ,274.5,279.6,270.7,272.05,274.15,6845,18.7
2025-11-17,NAHARINDUS,EQ,112.86,116.0,110.22,110.6,110.55,18080,20.42
2025-11-17,NAHARPOLY,EQ,294.2,299.0,280.0,281.8,294.2,39540,113.03
2025-11-17,NAHARSPING,EQ,204.0,205.79,202.25,203.98,203.39,9332,19.03
2025-11-17,NAM-INDIA,EQ,864.05,872.4,853.05,858.9,863.25,585922,5045.46
2025-11-17,NAMAN,SM,72.25,72.25,67.15,70.6,68.85,19200,13.6
2025-11-17,NAMOEWASTE,SM,198.0,202.25,195.0,195.65,198.75,25600,50.52
2025-11-17,NARMADA,BE,21.85,23.2,21.55,22.72,22.1,168818,37.95
2025-11-17,NATCAPSUQ,BE,194.02,199.83,193.67,193.67,203.87,11678,22.63
2025-11-17,NATCOPHARM,EQ,812.65,825.9,805.6,820.9,812.65,519967,4257.95
2025-11-17,NATHBIOGEN,EQ,167.32,168.4,165.76,166.49,167.32,15108,25.28
2025-11-17,NATIONALUM,EQ,262.5,264.3,259.06,260.76,262.57,7951795,20814.24
2025-11-17,NAUKRI,EQ,1329.0,1337.9,1321.0,1332.2,1323.5,803936,10676.23
2025-11-17,NAVA,EQ,549.25,557.8,547.0,551.4,549.25,189626,1048.92
2025-11-17,NAVINFLUOR,EQ,6061.0,6168.5,5980.0,6003.0,6021.5,198064,12006.23
2025-11-17,NAVKARCORP,EQ,108.72,111.61,107.81,108.26,108.84,440668,481.55
2025-11-17,NAVKARURB,EQ,1.85,1.87,1.8,1.82,1.88,773997,14.14
2025-11-17,NAVNETEDUL,EQ,152.4,155.25,150.8,153.79,150.81,284621,437.27
2025-11-17,NAZARA,EQ,272.55,273.1,266.25,268.1,273.65,935640,2519.36
2025-11-17,NBCC,EQ,114.7,117.5,113.7,116.82,114.14,15262875,17670.85
2025-11-17,NBIFIN,EQ,2353.0,2470.9,2352.1,2417.8,2415.3,340,8.14
2025-11-17,NCC,EQ,184.13,185.74,183.5,184.23,184.13,2410328,4446.67
2025-11-17,NCLIND,EQ,204.1,209.18,203.8,207.52,206.2,149354,308.41
2025-11-17,NDGL,EQ,3633.0,3648.1,3622.1,3630.0,3636.8,222,8.06
2025-11-17,NDL,EQ,3.22,3.26,3.18,3.19,3.21,1357620,43.51
2025-11-17,NDLVENTURE,BE,89.89,89.89,85.86,86.72,85.64,3474,3.05
2025-11-17,NDRAUTO,EQ,892.8,902.3,866.9,875.7,890.25,28071,247.96
2025-11-17,NDTV,EQ,88.15,88.2,86.0,86.62,88.15,224493,194.91
2025-11-17,NECCLTD,EQ,21.0,21.37,20.4,20.67,21.38,100863,20.9
2025-11-17,NECLIFE,EQ,14.75,14.9,14.01,14.6,14.75,834827,120.3
2025-11-17,NEELAM,SM,20.65,21.5,20.65,21.5,21.5,12000,2.53
2025-11-17,NELCAST,EQ,109.2,112.0,108.51,111.17,108.78,49529,54.6
2025-11-17,NELCO,EQ,859.0,874.0,854.0,857.55,854.4,51780,447.16
2025-11-17,NEOGEN,EQ,1222.1,1346.0,1222.1,1329.3,1217.2,260828,3405.52
2025-11-17,NEPHROCARE,ST,141.45,149.1,140.0,148.95,142.0,50400,72.87
2025-11-17,NEPTUNE,SM,167.0,172.0,167.0,172.0,166.95,3000,5.06
2025-11-17,NESCO,EQ,1276.0,1279.0,1255.1,1265.4,1260.2,39493,499.55
2025-11-17,NESTLEIND,EQ,1272.0,1278.0,1264.1,1270.3,1271.6,774802,9834.73
2025-11-17,NETF,EQ,280.99,281.0,277.65,280.19,279.37,2247,6.3
2025-11-17,NETWEB,EQ,3444.0,3466.7,3361.0,3378.1,3438.0,858643,29140.19
2025-11-17,NETWORK18,EQ,46.5,48.6,46.5,46.88,46.27,3844842,1821.06
2025-11-17,NEULANDLAB,EQ,17540.0,17888.0,17309.0,17356.0,17461.0,48495,8533.65
2025-11-17,NEWGEN,EQ,945.3,947.0,920.0,923.55,940.7,330293,3065.86
2025-11-17,NEWJAISA,ST,33.65,33.65,33.6,33.6,35.35,30000,10.08
2025-11-17,NEXT30ADD,EQ,40.52,40.54,40.24,40.43,40.37,2948,1.19
2025-11-17,NEXT50,EQ,718.98,721.29,716.33,718.44,716.96,19159,137.68
2025-11-17,NEXT50IETF,EQ,73.9,73.9,72.7,73.48,73.29,514156,378.22
2025-11-17,NEXTMEDIA,EQ,6.55,6.55,6.2,6.42,6.54,27490,1.73
2025-11-17,NFL,EQ,92.19,93.5,92.1,92.21,92.19,450193,417.35
2025-11-17,NGIL,EQ,29.15,30.28,28.72,29.15,28.6,38489,11.31
2025-11-17,NGLFINE,EQ,1392.3,1392.3,1338.0,1360.5,1389.6,3128,42.55
2025-11-17,NH,EQ,1835.0,2093.3,1829.3,2008.2,1753.5,13331752,257821.52
2025-11-17,NHIT,IV,144.0,144.0,144.0,144.0,143.0,25000,36.0
2025-11-17,NHPC,EQ,80.54,81.5,80.41,81.25,80.3,7827088,6347.68
2025-11-17,NIACL,EQ,180.2,182.8,179.1,180.9,180.02,374466,678.67
2025-11-17,NIBE,EQ,1145.6,1151.8,1100.0,1108.8,1145.6,65027,728.8
2025-11-17,NIBL,EQ,30.53,32.2,30.1,32.04,30.52,66372,20.99
2025-11-17,NIDAN,SM,20.15,20.75,20.15,20.25,20.15,5000,1.02
2025-11-17,NIF100BEES,EQ,280.11,281.9,280.0,281.11,280.29,18350,51.53
2025-11-17,NIF100IETF,EQ,30.34,30.34,29.39,29.55,29.46,86189,25.48
2025-11-17,NIF10GETF,EQ,26.1,26.34,25.96,26.02,26.1,9409,2.45
2025-11-17,NIF5GETF,EQ,63.71,63.89,63.41,63.89,63.9,437,0.28
2025-11-17,NIFITETF,EQ,376.89,378.2,374.92,376.96,376.89,1113,4.19
2025-11-17,NIFMID150,EQ,224.0,227.66,224.0,226.74,224.97,5389,12.2
2025-11-17,NIFTY1,EQ,285.2,286.5,284.77,286.24,285.21,40619,116.2
2025-11-17,NIFTY100EW,EQ,34.47,34.47,34.25,34.33,34.3,11772,4.04
2025-11-17,NIFTY50ADD,EQ,271.28,272.01,270.81,271.6,270.01,35626,96.73
2025-11-17,NIFTYBEES,EQ,301.61,301.61,292.74,293.97,292.83,4615578,13554.42
2025-11-17,NIFTYBETF,EQ,264.1,265.86,263.95,265.42,264.0,4482,11.88
2025-11-17,NIFTYCASE,EQ,10.34,10.34,10.27,10.33,10.27,187412,19.33
2025-11-17,NIFTYETF,EQ,280.38,280.97,279.59,280.44,278.99,237367,665.69
2025-11-17,NIFTYIETF,EQ,282.71,292.91,282.71,292.59,291.45,644040,1883.06
2025-11-17,NIFTYQLITY,EQ,22.15,22.26,21.94,22.19,22.09,71007,15.76
2025-11-17,NIITLTD,EQ,101.05,101.05,99.3,99.84,101.05,264471,264.12
2025-11-17,NIITMTS,EQ,342.95,354.95,336.0,345.2,342.75,120515,410.58
2025-11-17,NIKITA,ST,112.7,120.75,112.7,120.65,115.0,274800,312.88
2025-11-17,NILAINFRA,EQ,9.55,9.71,9.54,9.62,9.55,215455,20.74
2025-11-17,NILASPACES,BE,16.97,17.75,16.36,17.04,16.97,568422,98.38
2025-11-17,NILKAMAL,EQ,1494.1,1494.1,1481.0,1482.9,1490.0,3577,53.14
2025-11-17,NINSYS,EQ,420.35,430.0,401.0,409.4,426.15,6786,27.88
2025-11-17,NIPPOBATRY,EQ,426.05,430.8,425.0,429.5,427.4,3627,15.58
2025-11-17,NIRAJ,EQ,33.39,34.4,32.35,33.14,33.39,77674,25.98
2025-11-17,NIRAJISPAT,EQ,220.0,225.0,220.0,220.0,218.82,52,0.11
2025-11-17,NIRMAN,SM,57.05,59.75,57.05,57.05,60.05,303000,173.18
2025-11-17,NITCO,EQ,93.3,94.46,91.0,91.54,92.18,149538,138.46
2025-11-17,NITINSPIN,EQ,334.0,335.75,329.4,333.5,334.1,34162,113.42
2025-11-17,NITIRAJ,EQ,207.06,224.95,199.99,206.07,200.36,36943,78.67
2025-11-17,NIVABUPA,EQ,76.9,78.69,76.72,77.96,76.57,1516385,1183.11
2025-11-17,NKIND,EQ,69.41,71.0,65.0,69.61,68.05,530,0.37
2025-11-17,NLCINDIA,EQ,255.5,257.2,253.45,255.85,254.95,669736,1709.57
2025-11-17,NMDC,EQ,76.5,77.35,76.35,76.54,76.55,15567147,11949.19
2025-11-17,NOCIL,EQ,176.4,176.9,173.95,174.29,176.0,172705,302.84
2025-11-17,NOIDATOLL,EQ,4.48,4.59,4.33,4.35,4.45,176501,7.82
2025-11-17,NORBTEAEXP,BE,61.65,62.88,61.65,62.57,61.65,1172,0.73
2025-11-17,NORTHARC,EQ,272.9,272.9,267.8,269.75,270.85,296193,798.31
2025-11-17,NOVAAGRI,EQ,45.67,46.44,45.13,45.23,45.67,70323,32.06
2025-11-17,NPBET,EQ,290.92,293.85,290.92,293.55,290.09,1827,5.35
2025-11-17,NPST,EQ,1816.1,1817.1,1739.4,1754.7,1816.1,10918,192.4
2025-11-17,NRAIL,EQ,501.55,501.55,471.05,473.4,506.45,30636,146.95
2025-11-17,NRBBEARING,EQ,290.0,290.5,284.05,288.5,287.1,111902,321.59
2025-11-17,NRL,EQ,68.0,68.13,65.12,65.56,66.04,32978,21.83
2025-11-17,NRVANDANA,SM,71.0,72.45,70.5,72.4,70.4,54000,38.5
2025-11-17,NSIL,EQ,7037.0,7070.0,6800.0,6924.0,6972.5,8711,604.69
2025-11-17,NSLNISP,EQ,43.3,43.74,42.78,42.86,43.19,1901115,818.92
2025-11-17,NTPC,EQ,329.0,331.45,328.55,330.2,328.45,6283156,20737.45
2025-11-17,NTPCGREEN,EQ,98.94,99.36,98.56,99.18,98.48,2041090,2021.04
2025-11-17,NUCLEUS,EQ,984.6,985.0,961.1,963.8,965.2,12178,118.2
2025-11-17,NURECA,BE,266.55,273.0,266.55,269.65,272.3,7844,21.15
2025-11-17,NUVAMA,EQ,7349.0,7409.5,7301.0,7365.5,7339.5,149783,11028.57
2025-11-17,NUVOCO,EQ,373.85,373.85,364.8,367.3,368.8,93562,344.86
2025-11-17,NV20,EQ,151.49,152.69,151.49,152.47,151.49,9438,14.38
2025-11-17,NV20BEES,EQ,152.81,153.67,151.51,152.54,152.05,13472,20.55
2025-11-17,NV20IETF,EQ,15.29,15.29,14.55,14.89,14.84,328504,48.84
2025-11-17,NXST,RR,162.89,163.4,162.37,163.22,162.82,170653,278.23
2025-11-17,NYKAA,EQ,260.75,269.9,257.69,268.74,260.13,12544339,33432.25
2025-11-17,OAL,EQ,341.4,349.45,337.0,346.65,340.05,10111,34.95
2025-11-17,OBCL,EQ,55.5,55.5,54.25,54.99,56.03,52913,29.1
2025-11-17,OBEROIRLTY,EQ,1760.4,1778.4,1740.2,1745.2,1752.4,150217,2632.17
2025-11-17,OBSCP,SM,345.55,360.0,332.1,344.0,345.55,96400,336.69
2025-11-17,OCCLLTD,EQ,104.0,108.8,104.0,106.12,105.05,60657,64.41
2025-11-17,ODIGMA,BE,36.25,37.29,35.82,36.16,36.06,21052,7.6
2025-11-17,OFSS,EQ,8276.5,8349.0,8240.0,8286.5,8223.5,63753,5290.53
2025-11-17,OIL,EQ,436.95,443.6,433.0,436.25,436.85,1947670,8549.53
2025-11-17,OILCOUNTUB,EQ,63.11,65.0,63.11,64.19,63.85,11151,7.17
2025-11-17,OILIETF,EQ,12.39,12.46,12.37,12.42,12.37,2208004,274.37
2025-11-17,OLAELEC,BE,42.21,42.88,41.57,42.28,42.29,14745918,6255.72
2025-11-17,OLECTRA,EQ,1413.7,1423.4,1404.0,1407.8,1407.0,161767,2281.86
2025-11-17,OLIL,SM,329.0,329.0,324.6,324.9,328.7,58800,191.2
2025-11-17,OMAXAUTO,EQ,95.9,95.9,93.96,94.4,94.98,35411,33.55
2025-11-17,OMAXE,EQ,75.3,76.95,74.0,74.27,76.98,204030,153.28
2025-11-17,OMFREIGHT,EQ,90.0,95.9,89.89,94.25,90.85,1299790,1176.56
2025-11-17,OMFURN,SM,91.5,91.5,90.1,91.5,91.5,3600,3.28
2025-11-17,OMINFRAL,EQ,109.3,112.82,109.3,110.98,111.64,37155,41.25
2025-11-17,OMKARCHEM,BZ,5.5,5.6,5.21,5.4,5.49,25976,1.38
2025-11-17,ONDOOR,SM,123.1,142.0,112.8,138.8,123.1,107100,144.65
2025-11-17,ONELIFECAP,BE,13.84,13.84,12.85,12.89,13.53,13090,1.7
2025-11-17,ONEPOINT,EQ,51.35,54.9,51.35,53.86,51.65,2616138,1400.86
2025-11-17,ONESOURCE,EQ,1732.0,1869.0,1732.0,1788.2,1732.0,735225,13367.48
2025-11-17,ONGC,EQ,247.6,249.7,247.45,248.05,247.6,6281588,15606.86
2025-11-17,ONMOBILE,EQ,63.01,64.5,62.73,63.14,63.01,213537,135.61
2025-11-17,ONWARDTEC,EQ,283.2,290.8,283.2,288.05,286.05,16344,46.9
2025-11-17,ONYX,SM,38.5,38.5,38.5,38.5,38.5,4000,1.54
2025-11-17,OPTIEMUS,EQ,562.7,598.0,557.35,585.9,557.35,279324,1637.37
2025-11-17,OPTIVALUE,SM,85.25,87.0,85.0,87.0,86.0,11200,9.6
2025-11-17,ORBTEXP,EQ,208.1,218.31,206.0,216.22,210.53,18461,39.22
2025-11-17,ORCHASP,BE,3.13,3.16,2.92,2.95,3.07,327421,9.81
2025-11-17,ORCHPHARMA,EQ,806.0,868.0,805.75,858.35,803.7,298704,2539.65
2025-11-17,ORIANA,SM,2870.0,2880.0,2750.0,2796.85,2858.45,79200,2232.5
2025-11-17,ORICONENT,EQ,58.01,60.0,57.38,58.24,58.01,1108599,650.04
2025-11-17,ORIENTALTL,EQ,9.69,9.7,9.21,9.3,9.45,477825,45.0
2025-11-17,ORIENTBELL,EQ,278.2,292.0,276.8,290.7,278.55,15304,43.64
2025-11-17,ORIENTCEM,EQ,187.56,187.75,185.0,186.37,185.51,332170,618.08
2025-11-17,ORIENTCER,EQ,39.4,40.99,38.88,40.59,38.69,211961,84.64
2025-11-17,ORIENTELEC,EQ,210.8,210.8,203.0,203.31,209.85,788323,1624.68
2025-11-17,ORIENTHOT,EQ,123.14,123.45,121.81,122.92,122.61,176450,216.64
2025-11-17,ORIENTLTD,EQ,83.1,84.5,81.56,81.89,82.04,5792,4.8
2025-11-17,ORIENTPPR,EQ,24.4,24.65,23.95,24.08,24.4,322310,77.84
2025-11-17,ORIENTTECH,EQ,383.4,387.6,375.65,377.35,382.25,273336,1042.57
2025-11-17,ORISSAMINE,EQ,5123.0,5160.0,5110.0,5125.5,5116.5,5912,303.52
2025-11-17,ORKLAINDIA,EQ,667.2,690.5,664.2,679.7,667.15,448303,3047.61
2025-11-17,ORTEL,BZ,1.25,1.28,1.15,1.28,1.22,9859,0.12
2025-11-17,ORTINGLOBE,EQ,11.0,11.73,11.0,11.19,11.48,10689,1.2
2025-11-17,OSELDEVICE,SM,685.0,697.0,625.0,695.35,677.05,31600,216.65
2025-11-17,OSIAHYPER,BE,19.7,21.15,19.7,20.5,20.38,191984,39.68
2025-11-17,OSWALAGRO,EQ,67.4,67.4,65.95,66.16,66.42,56771,37.71
2025-11-17,OSWALGREEN,EQ,36.18,36.54,36.01,36.16,36.18,125337,45.46
2025-11-17,OSWALPUMPS,EQ,661.5,678.0,661.0,670.85,656.9,328631,2204.06
2025-11-17,OSWALSEEDS,BE,13.76,14.44,13.76,14.01,14.3,180069,25.33
2025-11-17,OWAIS,SM,453.0,453.0,375.55,414.5,457.55,72400,307.17
2025-11-17,PACEDIGITK,EQ,211.0,216.8,206.41,213.32,219.34,2808599,5933.87
2025-11-17,PAGEIND,EQ,39995.0,40370.0,39375.0,39470.0,39765.0,12913,5138.76
2025-11-17,PAISALO,EQ,34.7,34.87,34.0,34.17,34.35,4444684,1530.65
2025-11-17,PAKKA,EQ,113.51,124.44,113.51,117.9,114.8,445730,532.27
2025-11-17,PALASHSECU,EQ,119.34,119.34,113.1,115.0,116.23,21757,25.0
2025-11-17,PALREDTEC,BE,49.57,50.79,48.2,48.61,49.57,4200,2.08
2025-11-17,PANACEABIO,EQ,399.85,400.6,384.0,389.95,399.85,150492,590.86
2025-11-17,PANACHE,BE,405.05,445.2,403.05,441.95,424.0,18607,81.42
2025-11-17,PANAMAPET,EQ,289.95,294.8,289.15,292.15,290.35,74500,217.62
2025-11-17,PANSARI,EQ,274.0,298.9,274.0,291.2,274.5,2661,7.61
2025-11-17,PAR,EQ,93.7,97.4,93.7,94.11,93.7,10432,9.94
2025-11-17,PARACABLES,EQ,40.0,41.7,39.8,40.72,39.73,587858,237.58
2025-11-17,PARADEEP,EQ,163.52,167.58,163.1,166.4,162.71,3993096,6623.38
2025-11-17,PARAGMILK,EQ,354.0,354.75,342.6,351.3,353.65,1180410,4118.61
2025-11-17,PARAGON,SM,49.9,51.65,49.1,49.95,52.35,34800,17.4
2025-11-17,PARAMATRIX,SM,81.3,81.3,81.3,81.3,82.3,1200,0.98
2025-11-17,PARAMOUNT,SM,56.5,57.0,52.3,54.5,62.0,21600,11.84
2025-11-17,PARAS,EQ,774.0,789.0,748.3,753.4,765.9,2321744,17755.88
2025-11-17,PARASPETRO,EQ,2.07,2.09,2.02,2.05,2.06,88761,1.83
2025-11-17,PARIN,ST,588.4,589.0,566.0,589.0,588.4,13250,75.61
2025-11-17,PARKHOTELS,EQ,141.35,144.0,141.0,142.14,141.7,721171,1026.32
2025-11-17,PARSVNATH,EQ,15.48,15.48,14.9,15.04,15.14,889672,135.08
2025-11-17,PARTH,ST,237.9,242.8,233.0,234.15,232.25,48000,113.14
2025-11-17,PARTYCRUS,SM,72.85,73.0,70.2,71.95,72.85,17000,12.25
2025-11-17,PASHUPATI,EQ,825.0,825.0,812.0,821.9,816.55,1068,8.77
2025-11-17,PASUPTAC,EQ,52.5,53.96,52.35,53.03,52.35,73140,38.65
2025-11-17,PATANJALI,EQ,587.8,590.5,584.65,586.9,587.8,1391118,8176.48
2025-11-17,PATELENG,EQ,35.7,36.15,35.57,35.63,35.9,1179474,421.45
2025-11-17,PATELRMART,EQ,224.2,227.0,222.0,224.75,221.96,243887,546.36
2025-11-17,PATILAUTOM,SM,185.0,187.0,170.0,172.35,183.5,45600,81.38
2025-11-17,PATINTLOG,EQ,14.24,14.24,13.8,13.91,13.9,72980,10.2
2025-11-17,PATTECH,ST,121.8,121.8,121.8,121.8,124.25,3000,3.65
2025-11-17,PAVNAIND,EQ,36.24,36.24,34.75,35.12,36.24,383377,134.89
2025-11-17,PAYTM,EQ,1306.1,1336.0,1302.6,1332.9,1299.2,2603235,34499.28
2025-11-17,PCBL,EQ,341.85,349.35,340.45,348.25,339.4,477273,1656.13
2025-11-17,PCCL,SM,181.0,183.0,176.35,183.0,180.9,19600,35.51
2025-11-17,PCJEWELLER,EQ,11.64,11.85,11.51,11.55,11.56,40761277,4740.74
2025-11-17,PDMJEPAPER,EQ,104.51,106.89,104.51,105.32,106.21,43290,45.7
2025-11-17,PDSL,EQ,391.45,404.65,385.35,401.85,389.2,153754,609.96
2025-11-17,PEARLPOLY,EQ,26.02,26.79,25.15,25.42,26.08,12214,3.13
2025-11-17,PELATRO,SM,354.0,354.1,351.0,351.0,360.0,4200,14.78
2025-11-17,PENIND,EQ,225.2,231.45,221.8,226.25,224.7,1186125,2684.68
2025-11-17,PENINLAND,EQ,32.04,33.5,31.6,31.66,32.04,153467,48.95
2025-11-17,PENTAGON,ST,81.2,81.2,80.75,80.75,85.0,23000,18.58
2025-11-17,PERFECT,SZ,3.9,3.9,3.9,3.9,3.9,6000,0.23
2025-11-17,PERSISTENT,EQ,6129.0,6135.0,6069.0,6116.5,6101.0,239271,14616.12
2025-11-17,PETRONET,EQ,274.0,276.6,272.0,276.05,273.6,4622702,12711.08
2025-11-17,PFC,EQ,375.6,380.2,375.5,376.4,374.6,5325450,20100.04
2025-11-17,PFIZER,EQ,5074.5,5089.0,5048.0,5061.5,5074.0,6836,346.35
2025-11-17,PFOCUS,EQ,173.6,179.0,171.73,174.87,172.67,4528939,7972.41
2025-11-17,PFS,EQ,36.2,36.26,35.85,35.86,36.04,395920,142.28
2025-11-17,PGEL,EQ,578.85,586.5,560.0,580.35,578.1,4389402,25239.23
2025-11-17,PGHH,EQ,12951.0,13114.0,12881.0,12954.0,13036.0,6082,790.41
2025-11-17,PGHL,EQ,5850.0,5948.0,5850.0,5915.5,5890.0,11071,655.25
2025-11-17,PGIL,EQ,1688.1,1698.0,1638.0,1658.9,1688.1,174646,2903.05
2025-11-17,PGINVIT,IV,94.86,95.3,94.86,95.0,94.86,1416642,1346.47
2025-11-17,PHANTOMFX,SM,269.0,279.0,254.0,268.1,251.9,162600,430.51
2025-11-17,PHARMABEES,EQ,23.5,23.5,22.5,23.4,23.34,3766043,880.91
2025-11-17,PHOENIXLTD,EQ,1736.4,1750.0,1720.1,1745.6,1736.4,191049,3326.96
2025-11-17,PHOGLOBAL,SM,20.0,20.0,19.15,19.6,20.0,16000,3.12
2025-11-17,PICCADIL,EQ,621.95,638.95,614.25,628.8,620.3,147128,922.88
2025-11-17,PIDILITIND,EQ,1468.0,1486.0,1450.0,1475.5,1459.8,898284,13243.93
2025-11-17,PIGL,BE,165.11,165.11,155.65,158.12,157.25,110249,177.74
2025-11-17,PIIND,EQ,3576.3,3582.0,3528.0,3542.6,3560.5,84301,2989.12
2025-11-17,PILANIINVS,EQ,5333.5,5382.0,5304.0,5358.0,5334.0,1486,79.44
2025-11-17,PILITA,EQ,11.99,12.19,11.83,11.91,11.84,54785,6.56
2025-11-17,PINELABS,EQ,252.67,262.0,238.1,240.46,250.89,28117291,70942.88
2025-11-17,PIONEEREMB,EQ,33.66,34.24,33.5,33.54,33.5,3128,1.06
2025-11-17,PIRAMALFIN,BE,1535.0,1564.7,1497.2,1564.7,1490.2,410686,6367.96
2025-11-17,PITTIENG,EQ,904.05,906.95,888.05,898.8,898.7,22037,197.54
2025-11-17,PIXTRANS,EQ,1400.0,1454.1,1399.0,1439.6,1458.2,42941,613.99
2025-11-17,PKTEA,BE,690.0,702.0,690.0,695.05,681.0,582,4.06
2025-11-17,PLADAINFO,SM,16.25,16.25,16.25,16.25,16.25,3000,0.49
2025-11-17,PLASTIBLEN,EQ,173.18,173.38,169.2,169.74,171.79,5586,9.52
2025-11-17,PLATIND,EQ,259.35,270.5,256.95,263.1,259.35,385245,1010.15
2025-11-17,PLAZACABLE,EQ,45.4,45.4,43.5,43.88,44.21,138100,61.25
2025-11-17,PNB,EQ,122.7,124.85,122.31,123.0,122.21,18039214,22342.25
2025-11-17,PNBGILTS,EQ,87.23,88.9,87.2,87.64,87.23,171159,149.98
2025-11-17,PNBHOUSING,EQ,918.7,921.75,911.0,917.65,915.4,383284,3513.56
2025-11-17,PNC,BE,29.56,30.2,28.03,30.2,29.3,3365,0.97
2025-11-17,PNCINFRA,EQ,273.85,273.85,263.6,266.9,274.05,402276,1077.85
2025-11-17,PNGJL,EQ,644.3,651.0,639.95,649.2,642.2,147268,952.49
2025-11-17,POCL,EQ,1415.3,1428.9,1388.9,1400.3,1414.4,217236,3054.46
2025-11-17,PODDARMENT,EQ,265.6,267.9,262.05,264.2,267.15,2292,6.07
2025-11-17,POKARNA,EQ,906.0,913.9,891.05,902.2,902.65,70550,637.22
2025-11-17,POLICYBZR,EQ,1746.7,1821.0,1721.2,1815.7,1738.6,3081344,54459.81
2025-11-17,POLYCAB,EQ,7630.0,7708.5,7580.5,7683.0,7632.0,146747,11240.14
2025-11-17,POLYMED,EQ,1945.0,1955.5,1926.0,1943.7,1943.0,40890,793.09
2025-11-17,POLYPLEX,EQ,894.95,903.55,890.0,892.15,894.95,43388,389.29
2025-11-17,POLYSIL,ST,291.05,291.05,291.05,291.05,296.95,15500,45.11
2025-11-17,PONNIERODE,EQ,288.55,291.5,288.0,288.4,290.0,5488,15.85
2025-11-17,POONAWALLA,EQ,467.0,470.3,465.4,469.0,469.2,595412,2790.28
2025-11-17,POSITRON,SM,264.45,264.45,249.95,251.1,264.45,57900,147.24
2025-11-17,POWERGRID,EQ,272.1,273.95,270.0,273.55,271.3,9884392,26955.99
2025-11-17,POWERINDIA,EQ,21575.0,21763.0,21416.0,21474.0,21466.0,63502,13694.95
2025-11-17,POWERMECH,EQ,2416.7,2519.9,2407.0,2495.6,2416.7,112367,2774.25
2025-11-17,PPAP,EQ,241.0,243.25,236.0,238.2,244.0,20665,49.48
2025-11-17,PPL,EQ,270.15,276.0,260.15,261.4,278.1,267466,706.51
2025-11-17,PPLPHARMA,EQ,194.99,197.16,192.65,195.47,194.03,1619560,3162.64
2025-11-17,PPSL,SM,11.05,11.55,10.75,10.95,12.05,222000,24.61
2025-11-17,PRABHA,EQ,204.09,211.17,204.09,208.56,206.09,42471,88.71
2025-11-17,PRAENG,BE,31.0,31.0,29.95,29.95,31.53,96167,28.89
2025-11-17,PRAJIND,EQ,331.4,337.25,330.1,333.75,331.4,450574,1507.33
2025-11-17,PRAKASH,EQ,147.15,149.2,142.9,143.46,147.09,1228588,1786.34
2025-11-17,PRAKASHSTL,EQ,5.02,5.02,4.91,4.93,4.99,234957,11.63
2025-11-17,PRAMARA,SM,308.0,335.0,308.0,332.05,321.5,140500,453.25
2025-11-17,PRANIK,SM,78.0,78.0,76.4,76.5,78.0,8000,6.14
2025-11-17,PRATHAM,SM,148.0,153.85,140.0,144.3,157.0,48400,70.85
2025-11-17,PRAXIS,BE,11.52,11.52,11.0,11.52,10.98,143672,16.52
2025-11-17,PRECAM,EQ,187.0,193.95,184.15,192.15,187.73,282869,538.04
2025-11-17,PRECISION,SM,16.9,16.9,16.05,16.05,16.9,16000,2.6
2025-11-17,PRECOT,EQ,455.0,455.0,441.15,444.7,438.9,2711,12.04
2025-11-17,PRECWIRE,EQ,272.0,274.4,265.11,266.85,269.37,1003805,2709.24
2025-11-17,PREMEXPLN,EQ,597.0,605.3,582.05,586.1,598.7,332041,1971.17
2025-11-17,PREMIER,BE,3.34,3.34,3.18,3.22,3.34,7463,0.25
2025-11-17,PREMIERENE,EQ,1014.0,1019.9,996.0,1010.0,997.9,2207587,22260.65
2025-11-17,PREMIERPOL,EQ,40.08,40.09,39.05,39.26,40.05,39284,15.53
2025-11-17,PREMIUM,SM,34.0,35.65,34.0,35.65,31.6,57000,20.11
2025-11-17,PRESSTONIC,SM,66.1,71.9,66.1,71.9,65.5,25600,18.05
2025-11-17,PRESTIGE,EQ,1762.3,1778.4,1740.0,1753.2,1744.9,400973,7040.69
2025-11-17,PRICOLLTD,EQ,589.8,622.0,587.4,617.95,588.1,1537017,9368.51
2025-11-17,PRIMECAB,SM,95.8,97.6,95.0,97.55,95.85,41600,40.22
2025-11-17,PRIMESECU,EQ,314.75,317.0,306.1,313.5,314.45,14868,46.37
2025-11-17,PRIMO,EQ,24.15,24.52,22.18,22.61,24.06,240449,55.17
2025-11-17,PRINCEPIPE,EQ,313.25,313.25,310.05,311.7,313.3,62105,193.63
2025-11-17,PRITI,EQ,66.36,68.0,66.2,66.44,68.18,19809,13.26
2025-11-17,PRITIKA,SM,84.55,86.9,84.55,86.9,85.95,24000,20.56
2025-11-17,PRITIKAUTO,EQ,15.0,15.3,14.9,15.1,14.97,256785,38.67
2025-11-17,PRIVISCL,EQ,3250.0,3347.2,3250.0,3314.7,3244.2,57800,1914.3
2025-11-17,PRIZOR,SM,296.05,324.7,294.0,324.7,309.25,73600,228.21
2025-11-17,PRLIND,SM,84.95,84.95,82.15,83.9,83.25,42000,34.95
2025-11-17,PROFX,SM,82.0,83.05,80.0,81.15,81.55,56000,45.54
2025-11-17,PROLIFE,SM,86.45,86.5,86.45,86.5,91.0,3500,3.03
2025-11-17,PROPEQUITY,SM,185.0,190.0,184.95,190.0,185.0,4200,7.82
2025-11-17,PROSTARM,EQ,165.0,165.0,153.28,154.41,161.65,732808,1146.54
2025-11-17,PROTEAN,EQ,850.0,857.8,846.9,848.75,848.2,193998,1653.18
2025-11-17,PROV,SM,1245.0,1310.0,1245.0,1286.1,1245.0,1280,16.27
2025-11-17,PROZONER,BE,57.88,57.9,57.88,57.9,59.07,310065,179.5
2025-11-17,PRSMJOHNSN,EQ,146.16,147.94,145.65,146.8,145.45,157277,231.12
2025-11-17,PRUDENT,EQ,2531.0,2531.0,2473.8,2495.0,2531.0,27926,700.27
2025-11-17,PRUDMOULI,EQ,26.21,26.49,24.48,24.64,25.77,40772,10.17
2025-11-17,PSB,EQ,30.15,31.4,30.01,30.89,30.14,4497443,1395.97
2025-11-17,PSFL,SM,31.0,31.8,31.0,31.75,31.8,78000,24.46
2025-11-17,PSPPROJECT,EQ,1007.7,1015.0,995.0,1000.45,1002.65,98885,994.89
2025-11-17,PSRAJ,ST,270.0,270.0,263.0,265.0,258.3,14000,37.08
2025-11-17,PSUBANK,EQ,847.95,855.2,838.89,848.52,838.88,23236,197.63
2025-11-17,PSUBANKADD,EQ,86.47,86.47,84.74,85.48,84.52,54920,47.0
2025-11-17,PSUBNKBEES,EQ,93.89,95.34,93.86,94.56,93.72,7732317,7324.85
2025-11-17,PSUBNKIETF,EQ,85.17,86.3,85.17,86.02,84.7,339787,292.21
2025-11-17,PTC,EQ,166.6,166.75,164.7,165.58,164.53,634045,1051.0
2025-11-17,PTCIL,EQ,16950.0,17379.0,16950.0,17324.0,16944.0,12226,2109.29
2025-11-17,PTL,EQ,39.82,40.19,39.82,40.01,39.8,27760,11.1
2025-11-17,PULZ,SM,33.0,34.5,32.8,34.25,34.4,32000,10.76
2025-11-17,PUNJABCHEM,EQ,1315.4,1350.5,1297.1,1342.5,1310.2,11235,149.53
2025-11-17,PURPLEUTED,ST,544.65,566.85,544.65,566.85,555.75,30500,169.23
2025-11-17,PURVA,EQ,260.0,262.9,252.2,254.1,260.15,160344,409.69
2025-11-17,PURVFLEXI,ST,94.75,94.75,94.75,94.75,94.75,1600,1.52
2025-11-17,PUSHPA,SM,123.05,125.0,122.0,123.0,123.35,21000,25.81
2025-11-17,PVP,BE,35.45,35.45,35.45,35.45,34.76,259601,92.03
2025-11-17,PVRINOX,EQ,1088.0,1121.0,1084.2,1107.2,1083.3,406773,4518.13
2025-11-17,PVSL,EQ,148.71,148.71,144.1,144.97,148.71,44558,64.69
2025-11-17,PVTBANIETF,EQ,28.74,28.74,28.43,28.6,28.39,522707,149.44
2025-11-17,PVTBANKADD,EQ,28.63,28.79,28.61,28.73,28.44,20913,6.0
2025-11-17,PYRAMID,EQ,154.5,161.0,153.75,160.12,154.5,23189,36.68
2025-11-17,QGOLDHALF,EQ,102.78,103.45,101.14,101.85,103.78,300557,306.21
2025-11-17,QMSMEDI,SM,93.0,93.0,93.0,93.0,92.5,18000,16.74
2025-11-17,QNIFTY,EQ,2833.99,2844.2,2833.99,2843.57,2830.16,540,15.35
2025-11-17,QPOWER,EQ,838.9,851.4,800.5,804.9,825.8,839246,6847.68
2025-11-17,QUADFUTURE,EQ,301.35,321.1,301.35,315.85,301.35,730688,2293.64
2025-11-17,QUADPRO,SM,2.85,2.85,2.75,2.75,2.9,132000,3.68
2025-11-17,QUAL30IETF,EQ,21.98,22.07,21.96,22.03,21.88,59947,13.19
2025-11-17,QUALITY30,EQ,21.57,21.63,21.53,21.61,21.45,10324,2.23
2025-11-17,QUESS,EQ,212.15,218.36,209.96,217.64,211.84,557583,1198.53
2025-11-17,QUESTLAB,SM,86.95,87.1,86.0,86.0,87.3,7200,6.23
2025-11-17,QUICKHEAL,EQ,317.95,321.4,312.4,313.6,317.95,89459,283.06
2025-11-17,QUICKTOUCH,SM,36.3,37.2,32.5,33.9,38.0,73000,25.09
2025-11-17,QUINTEGRA,BE,1.65,1.68,1.55,1.66,1.64,6315,0.1
2025-11-17,QVCEL,SM,29.55,32.5,29.55,32.5,31.1,3200,0.99
2025-11-17,RACE,EQ,180.0,184.49,175.82,177.39,177.31,11450,20.73
2025-11-17,RACLGEAR,EQ,1144.9,1182.0,1120.4,1126.5,1102.0,103279,1185.93
2025-11-17,RADAAN,EQ,3.05,3.2,3.01,3.06,3.14,58500,1.81
2025-11-17,RADHIKAJWE,EQ,84.8,84.85,83.77,84.12,84.08,154898,130.57
2025-11-17,RADIANTCMS,EQ,53.0,54.35,52.5,53.6,52.72,73010,39.07
2025-11-17,RADICO,EQ,3279.5,3315.0,3273.6,3285.4,3259.9,234414,7709.95
2025-11-17,RADIOCITY,P1,115.35,117.45,115.35,116.55,116.45,291,0.34
2025-11-17,RADIOWALLA,SM,60.1,63.95,60.1,61.1,57.5,14400,8.87
2025-11-17,RAILTEL,EQ,358.25,372.2,357.55,364.35,358.1,1829500,6722.76
2025-11-17,RAIN,EQ,117.35,121.26,116.87,117.11,116.87,1860678,2207.13
2025-11-17,RAINBOW,EQ,1350.0,1352.9,1293.2,1308.2,1341.5,496386,6497.7
2025-11-17,RAJESHEXPO,EQ,194.0,199.13,188.9,190.29,187.33,1714600,3322.36
2025-11-17,RAJINDLTD,SM,88.5,88.5,86.7,87.9,88.5,28500,24.94
2025-11-17,RAJMET,EQ,4.6,4.78,4.46,4.5,4.57,548311,25.12
2025-11-17,RAJOOENG,EQ,82.5,83.8,80.27,81.27,81.95,540343,442.76
2025-11-17,RAJPUTANA,SM,285.3,289.7,265.0,265.0,285.3,14500,39.65
2025-11-17,RAJRATAN,EQ,477.9,497.0,477.85,490.4,473.25,278531,1363.28
2025-11-17,RAJRILTD,BE,25.65,25.85,25.1,25.23,25.52,11143,2.83
2025-11-17,RAJSREESUG,EQ,38.5,39.48,38.0,39.25,38.06,56799,22.09
2025-11-17,RAJTV,EQ,37.3,38.8,37.0,37.19,37.35,4448,1.66
2025-11-17,RAJVIR,BZ,9.3,9.3,9.3,9.3,9.3,71,0.01
2025-11-17,RALLIS,EQ,251.95,253.5,249.3,250.3,250.7,342770,860.23
2025-11-17,RAMANEWS,EQ,30.0,30.19,29.5,29.9,29.29,25781,7.71
2025-11-17,RAMAPHO,EQ,192.0,192.31,183.0,185.25,191.13,215569,405.83
2025-11-17,RAMASTEEL,EQ,10.4,10.49,10.08,10.13,10.5,11311578,1162.36
2025-11-17,RAMCOCEM,EQ,986.9,1002.0,980.7,994.8,980.3,142645,1419.67
2025-11-17,RAMCOIND,EQ,311.85,319.5,311.0,313.95,312.2,98974,312.99
2025-11-17,RAMCOSYS,EQ,609.7,636.9,600.0,631.0,602.6,123661,772.41
2025-11-17,RAMKY,EQ,632.4,637.1,628.05,630.05,631.65,41969,265.15
2025-11-17,RAMRAT,EQ,650.0,653.25,620.0,627.05,634.55,64603,407.29
2025-11-17,RANASUG,EQ,14.1,14.1,13.7,13.8,14.03,232997,32.2
2025-11-17,RANEHOLDIN,EQ,1492.7,1508.0,1464.0,1494.0,1484.9,13863,205.63
2025-11-17,RAPIDFLEET,SM,200.0,200.0,187.1,187.7,202.6,18600,35.21
2025-11-17,RAPPID,SM,323.0,325.0,318.5,318.5,323.0,7800,25.15
2025-11-17,RATEGAIN,EQ,701.75,721.05,696.8,715.0,700.7,452111,3225.1
2025-11-17,RATNAMANI,EQ,2465.5,2475.4,2430.0,2441.8,2458.6,13197,323.52
2025-11-17,RATNAVEER,EQ,154.5,156.79,152.53,154.07,153.45,171076,263.82
2025-11-17,RAYMOND,EQ,523.0,523.0,512.5,514.3,522.35,301088,1553.53
2025-11-17,RAYMONDLSL,EQ,1125.5,1133.5,1124.2,1126.7,1124.5,38095,429.83
2025-11-17,RAYMONDREL,EQ,554.0,554.0,521.2,524.1,542.75,356690,1893.68
2025-11-17,RBA,EQ,63.39,64.4,62.35,63.49,63.01,4177801,2653.9
2025-11-17,RBLBANK,EQ,321.0,321.0,315.95,316.7,318.65,2615820,8328.13
2025-11-17,RBMINFRA,SM,524.8,524.8,500.0,506.05,478.55,62400,317.74
2025-11-17,RBS,SM,117.0,117.0,109.95,115.2,115.95,8800,9.92
2025-11-17,RBZJEWEL,EQ,157.0,163.56,150.33,152.09,157.05,297760,459.62
2025-11-17,RCDL,SM,23.05,23.05,19.85,20.0,23.0,96000,19.74
2025-11-17,RCF,EQ,153.0,153.6,151.4,151.81,150.27,1792731,2733.51
2025-11-17,RCOM,BE,1.32,1.34,1.29,1.3,1.32,2342956,30.66
2025-11-17,READYMIX,ST,147.0,147.0,141.6,141.6,144.9,16000,23.16
2025-11-17,RECLTD,EQ,359.75,363.7,358.9,361.4,358.05,4493041,16250.02
2025-11-17,REDINGTON,EQ,296.0,299.7,294.6,296.4,294.7,1831539,5436.63
2025-11-17,REDTAPE,EQ,136.71,137.06,132.2,132.72,137.19,469339,627.51
2025-11-17,REFEX,EQ,354.5,356.25,346.8,350.1,353.5,204765,720.01
2025-11-17,REFRACTORY,SM,54.0,56.55,54.0,56.55,54.0,2000,1.11
2025-11-17,REGAAL,EQ,90.0,91.84,89.66,90.22,90.54,268696,243.54
2025-11-17,REGENCERAM,EQ,46.81,48.5,46.81,47.47,47.14,8520,4.07
2025-11-17,RELAXO,EQ,427.55,431.0,424.25,427.9,426.15,74602,318.7
2025-11-17,RELCHEMQ,EQ,157.34,160.99,148.01,150.16,157.34,26042,39.62
2025-11-17,RELIABLE,BE,154.0,154.2,146.0,146.14,151.43,165629,242.86
2025-11-17,RELIANCE,EQ,1520.9,1523.7,1511.5,1518.3,1518.9,5871416,89062.94
2025-11-17,RELIGARE,EQ,260.9,263.3,257.5,261.15,260.0,601636,1568.54
2025-11-17,RELINFRA,BE,186.5,195.0,183.0,189.13,186.58,1842240,3507.88
2025-11-17,RELTD,EQ,176.0,179.9,168.06,169.52,174.55,375509,645.16
2025-11-17,REMSONSIND,EQ,131.7,134.19,131.0,131.55,129.83,239177,316.57
2025-11-17,REMUS,SM,741.5,741.5,729.0,731.7,741.5,1900,13.98
2025-11-17,RENUKA,EQ,28.26,28.43,28.07,28.15,28.23,1549290,436.94
2025-11-17,REPCOHOME,EQ,417.0,426.5,415.9,418.35,415.2,143805,603.87
2025-11-17,REPL,EQ,134.0,145.0,134.0,139.37,133.07,32596,45.94
2025-11-17,REPRO,EQ,556.95,558.0,532.3,537.85,575.2,24216,132.54
2025-11-17,RESPONIND,EQ,204.9,205.8,201.1,202.28,204.26,17707,36.0
2025-11-17,RETAIL,EQ,31.0,31.0,29.31,30.1,29.46,910,0.27
2025-11-17,REXPIPES,SM,138.85,142.0,132.0,142.0,138.85,4000,5.53
2025-11-17,REXPRO,SM,72.2,72.2,69.25,69.6,72.5,17000,11.94
2025-11-17,RGL,EQ,138.79,139.8,134.8,136.39,138.19,973138,1342.03
2025-11-17,RHETAN,EQ,24.75,25.25,23.93,25.05,24.81,10004524,2473.29
2025-11-17,RHFL,BZ,3.49,3.52,3.31,3.35,3.45,728008,24.58
2025-11-17,RHIM,EQ,484.0,494.65,483.0,491.85,485.85,194157,952.24
2025-11-17,RHL,EQ,223.1,224.7,212.01,215.61,222.83,19442,42.44
2025-11-17,RICHA,ST,82.65,82.65,82.65,82.65,78.75,11000,9.09
2025-11-17,RICOAUTO,EQ,98.82,114.26,98.74,110.6,98.81,37225976,41414.23
2025-11-17,RIIL,EQ,867.3,874.5,867.3,870.55,868.05,31956,278.11
2025-11-17,RILINFRA,SM,35.25,38.4,35.25,37.95,37.3,10000,3.75
2025-11-17,RISHABH,BE,416.55,416.55,390.4,416.55,396.75,89930,372.23
2025-11-17,RITCO,EQ,280.0,288.3,277.4,282.6,279.1,202649,572.37
2025-11-17,RITES,EQ,247.0,254.8,246.0,252.5,246.32,1422760,3587.09
2025-11-17,RITEZONE,SM,26.1,27.3,26.1,27.3,24.85,11200,3.01
2025-11-17,RKDL,EQ,25.7,26.25,25.69,26.06,25.83,8940,2.32
2025-11-17,RKEC,EQ,61.7,61.99,58.0,59.17,62.8,124464,74.5
2025-11-17,RKFORGE,EQ,550.7,559.4,544.85,556.5,552.7,423578,2338.31
2025-11-17,RKSWAMY,EQ,132.4,132.4,125.01,125.87,127.46,39192,49.89
2025-11-17,RMDRIP,EQ,79.39,80.0,78.51,78.67,78.87,115171,91.02
2025-11-17,RML,EQ,812.35,822.95,810.0,812.6,817.35,7006,57.16
2025-11-17,RNBDENIMS,EQ,124.0,124.0,120.03,121.17,120.84,19233,23.38
2025-11-17,RNFI,SM,364.95,364.95,342.5,350.0,360.25,57600,201.8
2025-11-17,RNPL,ST,133.5,139.9,133.5,136.05,134.6,18000,24.48
2025-11-17,ROCKINGDCE,SM,222.0,222.0,204.95,212.0,227.15,18250,38.82
2025-11-17,ROHLTD,EQ,424.7,439.45,422.6,433.95,424.7,63134,273.71
2025-11-17,ROLEXRINGS,EQ,110.01,110.86,107.8,109.46,110.57,691281,753.13
2025-11-17,ROLLT,EQ,1.24,1.25,1.22,1.23,1.23,22199,0.28
2025-11-17,ROLTA,BZ,1.96,1.97,1.85,1.88,1.95,55559,1.06
2025-11-17,ROML,EQ,50.7,57.49,49.15,56.55,50.67,245413,136.42
2025-11-17,ROSSARI,EQ,632.0,638.7,630.05,632.05,629.95,25377,160.72
2025-11-17,ROSSELLIND,EQ,61.64,65.0,61.01,61.84,60.0,74928,46.81
2025-11-17,ROSSTECH,EQ,674.0,693.9,670.0,681.85,669.45,70822,482.94
2025-11-17,ROTO,EQ,62.9,62.97,61.5,62.13,62.53,277290,172.14
2025-11-17,ROUTE,EQ,690.0,696.8,685.2,689.25,692.05,110498,762.47
2025-11-17,ROXHITECH,SM,47.4,49.25,43.95,47.3,46.95,36800,17.29
2025-11-17,ROYALARC,SM,162.0,169.5,162.0,169.25,160.0,8400,14.02
2025-11-17,RPEL,EQ,1012.3,1031.95,972.95,1002.05,1004.65,81655,814.9
2025-11-17,RPGLIFE,EQ,2293.3,2343.5,2293.3,2310.4,2293.3,5158,119.85
2025-11-17,RPOWER,EQ,41.74,42.38,40.7,40.86,41.33,35597089,14726.9
2025-11-17,RPPINFRA,EQ,112.29,114.32,112.29,112.79,112.29,75688,85.72
2025-11-17,RPPL,EQ,19.15,19.35,18.36,18.48,19.3,118168,22.21
2025-11-17,RPSGVENT,EQ,834.7,840.0,825.1,830.7,833.85,14811,123.54
2025-11-17,RPTECH,EQ,343.95,343.95,330.0,332.5,337.5,136967,459.38
2025-11-17,RRKABEL,EQ,1385.4,1399.9,1376.7,1384.0,1373.2,66553,923.51
2025-11-17,RSSOFTWARE,EQ,53.85,55.35,51.66,52.55,53.85,64832,34.35
2025-11-17,RSWM,EQ,161.74,164.98,160.25,161.07,161.74,20869,33.92
2025-11-17,RSYSTEMS,EQ,406.1,415.9,404.95,412.55,409.55,143242,587.32
2025-11-17,RTL,SM,59.3,59.5,58.25,59.45,62.0,14000,8.3
2025-11-17,RTNINDIA,EQ,46.8,47.29,46.53,46.64,46.78,2154888,1009.97
2025-11-17,RTNPOWER,EQ,10.25,10.47,10.22,10.25,10.23,11734024,1211.93
2025-11-17,RUBFILA,EQ,83.5,84.5,82.7,83.75,82.51,69511,57.99
2025-11-17,RUBICON,EQ,712.85,754.8,677.6,742.1,713.8,1319952,9406.67
2025-11-17,RUBYMILLS,EQ,227.6,238.8,222.62,234.97,226.02,37519,87.56
2025-11-17,RUCHINFRA,EQ,7.17,7.3,7.12,7.24,7.22,63031,4.54
2025-11-17,RUCHIRA,EQ,132.98,133.32,130.0,130.52,132.42,30757,40.52
2025-11-17,RULKA,SM,116.05,118.7,114.0,115.85,117.2,12900,14.95
2025-11-17,RUPA,EQ,196.88,196.89,191.68,193.3,197.69,90962,176.62
2025-11-17,RUSHIL,EQ,24.06,24.61,23.86,24.23,24.3,391538,94.94
2025-11-17,RUSTOMJEE,EQ,542.55,543.5,521.6,542.05,534.75,162376,872.79
2025-11-17,RVHL,BE,58.36,58.36,58.36,58.36,55.59,24672,14.4
2025-11-17,RVNL,EQ,322.65,335.65,321.4,327.0,321.05,13111023,43304.78
2025-11-17,RVTH,EQ,822.0,856.4,801.5,819.9,835.65,1410,11.67
2025-11-17,S&SPOWER,EQ,328.95,339.0,295.6,295.6,328.4,17386,52.32
2025-11-17,SAAKSHI,ST,173.0,173.25,172.9,173.25,169.9,10800,18.69
2025-11-17,SAATVIKGL,EQ,453.55,470.8,449.7,465.75,452.2,287417,1327.23
2025-11-17,SABAR,ST,6.4,6.4,5.8,5.8,6.1,225000,13.36
2025-11-17,SABEVENTS,BE,5.86,6.15,5.6,6.11,5.86,4687,0.27
2025-11-17,SABTNL,EQ,1030.15,1030.15,975.05,1030.15,981.1,247045,2543.52
2025-11-17,SACHEEROME,SM,311.0,313.95,290.0,292.75,307.8,76800,232.25
2025-11-17,SADBHAV,EQ,11.34,11.6,11.22,11.31,11.39,138916,15.71
2025-11-17,SADBHIN,BE,3.76,3.81,3.67,3.77,3.71,84372,3.17
2025-11-17,SADHAV,SM,100.0,105.0,100.0,104.7,100.4,12600,13.1
2025-11-17,SADHNANIQ,BE,6.66,6.89,6.66,6.73,6.83,1137634,77.14
2025-11-17,SAFARI,EQ,2253.0,2312.5,2249.5,2299.1,2241.0,81441,1855.5
2025-11-17,SAFEENTP,SM,287.0,319.0,287.0,308.45,301.1,289500,873.67
2025-11-17,SAGARDEEP,EQ,28.4,28.4,25.75,26.19,27.92,44110,11.71
2025-11-17,SAGCEM,EQ,221.95,222.44,219.95,221.57,221.51,42717,94.59
2025-11-17,SAGILITY,EQ,52.89,53.68,50.65,50.88,53.28,98587806,51428.43
2025-11-17,SAHAJ,SZ,7.1,7.1,7.1,7.1,7.45,4000,0.28
2025-11-17,SAHAJSOLAR,SM,171.2,179.9,171.2,178.85,175.8,31200,55.63
2025-11-17,SAHANA,SM,1202.0,1219.0,1132.0,1144.6,1157.1,35875,420.81
2025-11-17,SAHASRA,SM,332.0,344.8,330.0,333.55,315.4,113600,380.66
2025-11-17,SAHYADRI,EQ,262.0,262.0,254.0,258.5,255.7,1869,4.84
2025-11-17,SAIFL,SM,13.8,14.0,13.45,13.6,14.15,92000,12.56
2025-11-17,SAIL,EQ,142.0,143.1,140.2,141.33,141.99,8529282,12089.46
2025-11-17,SAILIFE,EQ,877.0,904.7,874.7,879.85,871.95,392438,3488.77
2025-11-17,SAJHOTELS,SM,58.0,61.95,58.0,61.95,63.95,20000,12.11
2025-11-17,SAKAR,EQ,397.4,408.0,394.0,404.9,394.95,14404,58.03
2025-11-17,SAKHTISUG,EQ,19.9,20.12,19.85,19.91,19.96,60111,12.0
2025-11-17,SAKSOFT,EQ,202.0,217.5,200.43,214.81,200.17,1665029,3548.78
2025-11-17,SAKUMA,EQ,2.52,2.54,2.45,2.47,2.54,1943610,48.51
2025-11-17,SALASAR,EQ,10.05,10.47,9.97,10.32,9.54,37062929,3805.83
2025-11-17,SALONA,EQ,274.7,279.0,266.35,270.25,269.9,685,1.86
2025-11-17,SALSTEEL,BE,40.09,40.09,40.09,40.09,39.31,67046,26.88
2025-11-17,SALZERELEC,EQ,766.3,792.25,760.6,765.2,766.25,81896,634.47
2025-11-17,SAMAY,ST,43.3,43.3,42.6,42.6,44.8,8000,3.44
2025-11-17,SAMBHAAV,EQ,9.09,9.48,8.61,9.31,8.88,116380,10.57
2025-11-17,SAMBHV,EQ,111.0,112.3,109.11,109.61,110.18,686048,755.96
2025-11-17,SAMHI,EQ,181.5,186.9,181.06,186.21,181.72,981040,1812.29
2025-11-17,SAMMAANCAP,EQ,177.0,184.72,175.77,183.66,176.14,13973301,25400.4
2025-11-17,SAMPANN,EQ,38.29,38.92,37.66,38.02,38.07,88326,33.64
2025-11-17,SANATHAN,EQ,470.0,479.0,460.8,475.1,468.2,43730,206.59
2025-11-17,SANCO,BZ,2.04,2.12,2.02,2.1,2.02,4672,0.1
2025-11-17,SANDESH,EQ,1160.9,1179.1,1156.0,1177.8,1160.1,477,5.58
2025-11-17,SANDHAR,EQ,548.25,559.0,532.0,534.85,548.25,448198,2429.74
2025-11-17,SANDUMA,EQ,224.0,227.8,218.28,218.99,222.5,1788821,3965.54
2025-11-17,SANGAMIND,EQ,452.85,465.0,447.5,450.95,451.95,21176,96.85
2025-11-17,SANGANI,SM,67.9,67.9,64.45,67.0,67.8,42000,28.1
2025-11-17,SANGHIIND,EQ,64.67,65.0,63.9,64.47,64.67,79570,51.32
2025-11-17,SANGHVIMOV,EQ,369.95,374.5,363.1,364.75,368.85,241720,889.26
2025-11-17,SANGINITA,EQ,10.8,11.44,10.2,10.49,10.89,58373,6.16
2025-11-17,SANOFI,EQ,4613.0,4650.0,4575.1,4614.2,4581.1,13904,642.06
2025-11-17,SANOFICONR,EQ,4855.7,4870.5,4725.0,4758.2,4831.9,3292,156.77
2025-11-17,SANSERA,EQ,1564.1,1575.0,1519.1,1534.6,1555.9,90092,1380.42
2025-11-17,SANSTAR,EQ,89.54,94.1,89.54,93.0,92.08,572692,528.01
2025-11-17,SANWARIA,BZ,0.28,0.29,0.27,0.27,0.28,794260,2.19
2025-11-17,SAPPHIRE,EQ,246.45,253.5,245.8,251.25,245.8,463062,1158.9
2025-11-17,SARDAEN,EQ,513.0,525.8,512.15,521.65,518.05,410826,2136.08
2025-11-17,SAREGAMA,EQ,400.0,403.35,395.0,396.25,399.9,596219,2381.01
2025-11-17,SARLAPOLY,EQ,89.65,90.83,89.11,89.76,89.65,60222,54.12
2025-11-17,SAROJA,ST,41.4,41.4,41.4,41.4,39.5,1600,0.66
2025-11-17,SARTELE,SM,174.9,181.0,170.0,174.05,166.45,193000,335.84
2025-11-17,SARVESHWAR,EQ,5.02,5.04,4.84,4.86,4.98,8050143,395.19
2025-11-17,SASKEN,EQ,1447.0,1447.0,1402.0,1405.6,1429.4,7888,111.5
2025-11-17,SASTASUNDR,EQ,284.25,304.95,284.25,300.2,285.75,79501,234.58
2025-11-17,SATECH,SM,38.0,38.45,33.0,33.9,38.4,130000,46.89
2025-11-17,SATIA,EQ,70.0,70.34,68.6,69.07,70.51,130492,90.32
2025-11-17,SATIN,EQ,151.0,153.55,151.0,152.9,151.53,130017,198.0
2025-11-17,SATIPOLY,SM,71.05,73.9,70.8,73.9,74.5,14000,9.93
2025-11-17,SATKARTAR,SM,178.95,198.0,178.95,191.0,178.1,39200,74.88
2025-11-17,SATTVAENGG,SM,82.5,82.5,80.1,82.5,82.0,14400,11.78
2025-11-17,SAURASHCEM,EQ,99.7,99.7,96.4,96.56,98.03,58684,57.04
2025-11-17,SAVY,SM,162.8,164.9,160.3,164.05,162.8,18000,29.43
2025-11-17,SAWALIYA,SM,229.0,229.0,225.0,226.05,225.6,21000,47.74
2025-11-17,SBC,EQ,24.69,25.46,24.5,25.01,24.6,12711748,3189.91
2025-11-17,SBCL,EQ,476.85,479.0,471.65,473.7,473.75,38253,181.82
2025-11-17,SBFC,EQ,109.1,114.28,109.1,110.79,109.3,4438167,4945.07
2025-11-17,SBGLP,EQ,33.19,33.48,32.6,33.08,32.69,22326,7.39
2025-11-17,SBIBPB,EQ,49.12,49.98,49.12,49.53,48.88,131037,65.05
2025-11-17,SBICARD,EQ,875.0,894.65,873.95,889.2,874.95,701225,6203.59
2025-11-17,SBIETFCON,EQ,131.55,131.55,127.32,128.64,127.72,7715,9.89
2025-11-17,SBIETFIT,EQ,392.51,400.14,392.5,398.26,397.9,6694,26.65
2025-11-17,SBIETFPB,EQ,295.26,295.26,286.66,288.93,286.66,12029,34.82
2025-11-17,SBIETFQLTY,EQ,226.66,232.33,226.66,231.56,230.47,4855,11.21
2025-11-17,SBILIFE,EQ,2000.9,2012.9,1993.3,1996.0,2000.9,726715,14540.48
2025-11-17,SBILIQETF,EQ,1014.6,1014.6,1014.58,1014.6,1014.46,4593,46.6
2025-11-17,SBIN,EQ,971.0,976.0,968.5,973.35,967.85,7415026,72154.89
2025-11-17,SBINEQWETF,EQ,33.41,34.0,33.06,33.41,33.41,59626,19.9
2025-11-17,SBISILVER,EQ,153.43,153.43,149.83,152.57,157.05,2159684,3282.46
2025-11-17,SCHAEFFLER,EQ,4086.1,4197.0,4086.1,4163.2,4086.1,37444,1556.0
2025-11-17,SCHAND,EQ,170.17,172.0,165.1,169.88,170.17,53383,90.99
2025-11-17,SCHNEIDER,EQ,797.2,801.35,787.9,790.65,797.2,87357,692.21
2025-11-17,SCI,EQ,266.95,267.4,260.65,261.3,265.3,3701892,9745.99
2025-11-17,SCILAL,EQ,49.4,50.15,49.31,49.44,49.74,211149,104.97
2025-11-17,SCML,ST,143.0,148.55,142.5,146.7,149.0,42000,60.86
2025-11-17,SCODATUBES,EQ,171.87,172.0,168.01,168.26,170.51,184854,313.09
2025-11-17,SCPL,EQ,238.68,238.68,229.2,230.46,234.68,4625,10.7
2025-11-17,SDBL,EQ,121.2,122.9,120.55,121.59,121.47,553355,675.07
2025-11-17,SDL26BEES,EQ,134.47,134.5,133.96,134.23,133.81,17675,23.74
2025-11-17,SDREAMS,SM,106.95,106.95,104.0,105.95,100.75,3000,3.17
2025-11-17,SEAMECLTD,EQ,870.95,893.95,860.55,878.3,867.5,29618,261.26
2025-11-17,SECMARK,EQ,126.08,132.4,121.01,125.27,124.83,1958,2.45
2025-11-17,SECURKLOUD,EQ,19.8,19.8,16.01,16.36,18.63,216327,36.76
2025-11-17,SEJALLTD,BE,875.0,902.0,875.0,893.6,871.0,8423,74.63
2025-11-17,SEL,SM,232.0,235.0,225.0,228.0,225.5,2400,5.51
2025-11-17,SELECTIPO,EQ,48.83,49.15,48.78,49.09,48.66,8657,4.23
2025-11-17,SELLOWRAP,SM,88.0,88.0,87.0,88.0,88.0,6400,5.62
2025-11-17,SELMC,BE,32.69,32.69,31.12,32.06,32.16,6010,1.93
2025-11-17,SEMAC,EQ,344.4,344.4,330.0,337.25,338.1,1060,3.57
2025-11-17,SENCO,EQ,338.0,339.55,329.6,331.0,334.85,540310,1792.73
2025-11-17,SENORES,EQ,783.0,799.95,779.0,788.15,780.4,173891,1372.98
2025-11-17,SENSEXADD,EQ,86.86,86.9,86.72,86.76,86.53,1937,1.68
2025-11-17,SENSEXETF,EQ,86.59,87.09,86.59,87.01,86.5,15911,13.81
2025-11-17,SENSEXIETF,EQ,967.28,971.54,963.92,970.92,962.47,25135,243.59
2025-11-17,SEPC,EQ,11.07,11.24,10.6,10.68,11.3,13003062,1411.11
2025-11-17,SEQUENT,EQ,227.0,234.8,225.0,231.14,229.08,2886632,6647.16
2025-11-17,SERVICE,SM,51.0,53.05,50.0,52.65,47.0,38000,19.53
2025-11-17,SERVOTECH,EQ,101.67,102.9,100.0,100.21,101.87,460688,465.96
2025-11-17,SESHAPAPER,EQ,257.0,257.0,250.05,253.05,256.75,12576,31.72
2025-11-17,SETCO,EQ,17.33,17.59,17.01,17.17,17.7,94548,16.34
2025-11-17,SETF10GILT,EQ,260.5,265.63,258.95,259.52,259.16,15758,41.0
2025-11-17,SETFGOLD,EQ,104.2,105.55,104.0,105.22,106.97,5978644,6278.24
2025-11-17,SETFNIF50,EQ,278.28,278.28,276.63,277.8,276.57,685450,1904.28
2025-11-17,SETFNIFBK,EQ,600.07,603.3,599.67,603.02,598.37,24897,149.88
2025-11-17,SETFNN50,EQ,744.15,748.0,743.21,746.72,744.14,19167,143.07
2025-11-17,SETUINFRA,BZ,0.56,0.56,0.51,0.52,0.54,60230,0.31
2025-11-17,SEYAIND,BE,21.65,21.65,21.65,21.65,22.79,1077,0.23
2025-11-17,SFL,EQ,664.7,665.25,635.0,636.95,657.55,571052,3718.13
2025-11-17,SFML,SM,37.4,38.4,37.0,38.4,39.85,20800,7.76
2025-11-17,SGBAPR28I,GB,13137.99,13137.99,12511.0,12803.69,13072.07,268,34.39
2025-11-17,SGBAUG27,GB,12900.0,12900.0,12732.01,12812.49,12942.85,80,10.26
2025-11-17,SGBAUG28V,GB,12973.99,13050.0,12832.01,12870.01,13049.89,1201,154.87
2025-11-17,SGBAUG29V,GB,13318.21,13380.0,12950.01,13238.2,13318.21,383,50.86
2025-11-17,SGBAUG30,GB,13301.0,13699.0,13011.0,13163.79,13546.35,472,62.65
2025-11-17,SGBD29VIII,GB,13198.99,13199.0,13020.02,13194.99,13226.6,67,8.83
2025-11-17,SGBDC27VII,GB,12959.99,12959.99,12900.0,12900.0,12960.76,115,14.89
2025-11-17,SGBDE30III,GB,13801.0,14199.0,13625.09,13761.0,14000.4,129,17.77
2025-11-17,SGBDE31III,GB,13863.67,14148.0,13756.0,14006.0,14219.15,1456,203.43
2025-11-17,SGBDEC25,GB,12711.13,12711.13,12711.13,12711.13,12711.12,10,1.27
2025-11-17,SGBDEC26,GB,13125.0,13190.62,13125.0,13190.62,13125.0,11,1.45
2025-11-17,SGBFEB28IX,GB,12900.02,12900.02,12775.0,12775.0,13079.99,7,0.9
2025-11-17,SGBFEB29XI,GB,13100.0,13149.99,12738.01,12800.01,13100.0,38,4.92
2025-11-17,SGBFEB32IV,GB,14600.0,14700.0,14450.0,14520.7,14784.81,1321,192.2
2025-11-17,SGBJ28VIII,GB,13000.0,13000.0,12700.01,12700.01,12999.98,16,2.04
2025-11-17,SGBJAN26,GB,13050.0,13080.0,13050.0,13080.0,13050.0,26,3.4
2025-11-17,SGBJAN27,GB,13325.02,13340.0,13100.0,13340.0,13265.99,61,8.09
2025-11-17,SGBJAN29IX,GB,12984.99,12984.99,12770.01,12853.28,13016.0,138,17.77
2025-11-17,SGBJAN29X,GB,12900.0,13115.22,12655.1,12887.97,13115.23,48,6.13
2025-11-17,SGBJAN30IX,GB,13299.0,13299.0,13101.07,13138.85,13300.0,165,21.74
2025-11-17,SGBJU29III,GB,13000.0,13000.0,12811.0,12934.99,13104.8,136,17.56
2025-11-17,SGBJUL27,GB,12800.0,12800.0,12799.72,12799.8,12930.0,25,3.2
2025-11-17,SGBJUL28IV,GB,12899.99,12899.99,12730.0,12809.19,12916.97,382,48.85
2025-11-17,SGBJUL29IV,GB,13000.0,13101.0,12816.0,12925.29,13101.0,145,18.81
2025-11-17,SGBJUN27,GB,12643.47,12800.0,12643.47,12800.0,13034.5,11,1.41
2025-11-17,SGBJUN28,GB,12919.99,12919.99,12715.01,12808.69,12954.63,217,27.81
2025-11-17,SGBJUN29II,GB,13089.99,13089.99,12870.33,12900.09,13091.98,76,9.88
2025-11-17,SGBJUN30,GB,13399.99,13399.99,13100.01,13280.09,13429.99,123,16.29
2025-11-17,SGBJUN31I,GB,14026.97,14100.0,13106.0,13826.47,14026.97,1446,198.01
2025-11-17,SGBMAR28X,GB,12850.0,12850.0,12760.0,12800.0,13000.0,30,3.84
2025-11-17,SGBMAR30X,GB,13300.0,13315.0,13134.0,13315.0,13275.09,55,7.29
2025-11-17,SGBMAR31IV,GB,13999.0,13999.0,13632.5,13877.96,13999.07,216,29.85
2025-11-17,SGBMAY28,GB,12999.98,12999.98,12800.0,12839.23,12999.99,253,32.5
2025-11-17,SGBMAY29I,GB,12989.99,12989.99,12878.01,12902.11,13005.89,555,71.64
2025-11-17,SGBMR29XII,GB,12990.0,12990.0,12615.0,12813.26,13001.13,515,66.0
2025-11-17,SGBN28VIII,GB,13200.0,13200.0,12779.0,12910.86,13138.69,368,47.43
2025-11-17,SGBNOV258,GB,12900.0,12900.0,12900.0,12900.0,12900.0,3,0.39
2025-11-17,SGBNOV25IX,GB,12800.0,12900.0,12800.0,12900.0,12905.0,2,0.26
2025-11-17,SGBNOV26,GB,13300.0,13300.0,13300.0,13300.0,13300.0,12,1.6
2025-11-17,SGBNV29VII,GB,13074.0,13074.0,12700.01,12948.86,13074.99,635,82.14
2025-11-17,SGBOC28VII,GB,12840.0,12923.0,12750.0,12780.96,12923.45,109,13.95
2025-11-17,SGBOCT26,GB,13149.88,13149.88,13149.88,13149.88,13149.89,1,0.13
2025-11-17,SGBOCT27,GB,12800.0,12800.0,12750.0,12750.0,12852.18,21,2.68
2025-11-17,SGBOCT27VI,GB,12750.0,12778.59,12601.0,12700.01,13029.85,173,21.88
2025-11-17,SGBSEP28VI,GB,12850.0,12899.94,12765.0,12807.38,12929.16,445,57.04
2025-11-17,SGBSEP29VI,GB,13089.99,13089.99,12940.0,12952.01,13130.0,202,26.21
2025-11-17,SGBSEP31II,GB,14000.0,14169.99,13360.0,14001.07,14176.28,2222,308.7
2025-11-17,SGFIN,EQ,389.0,402.95,383.0,401.1,384.9,251401,993.25
2025-11-17,SGIL,EQ,539.0,555.05,539.0,548.2,544.7,20562,112.66
2025-11-17,SGL,EQ,13.8,14.37,13.8,14.24,14.13,3521,0.5
2025-11-17,SGLTL,EQ,168.0,171.0,158.7,167.04,168.82,409215,679.64
2025-11-17,SGMART,EQ,359.9,363.6,349.9,352.15,359.9,104613,371.83
2025-11-17,SHAH,EQ,4.17,4.17,3.96,4.01,4.17,1235741,50.09
2025-11-17,SHAHALLOYS,EQ,75.0,76.78,73.4,75.3,76.05,28530,21.52
2025-11-17,SHAILY,EQ,2648.0,2799.9,2629.7,2748.9,2622.8,725916,19940.61
2025-11-17,SHAKTIPUMP,EQ,729.05,746.95,725.9,727.6,729.05,326351,2394.62
2025-11-17,SHALBY,EQ,226.0,227.66,222.0,223.22,224.83,93658,210.29
2025-11-17,SHALPAINTS,EQ,71.14,71.3,70.0,70.21,71.14,102760,72.58
2025-11-17,SHANKARA,EQ,132.05,132.61,131.21,131.94,132.05,86603,114.22
2025-11-17,SHANTI,EQ,9.7,9.92,9.21,9.47,9.7,20026,1.9
2025-11-17,SHANTIGEAR,EQ,471.0,478.45,469.75,470.5,471.0,43879,206.95
2025-11-17,SHANTIGOLD,EQ,228.3,232.5,226.0,227.07,227.62,462721,1052.51
2025-11-17,SHARDACROP,EQ,775.4,801.0,763.15,794.05,772.45,386292,3035.68
2025-11-17,SHARDAMOTR,EQ,1034.0,1038.3,1015.0,1018.0,1025.8,45455,465.75
2025-11-17,SHAREINDIA,EQ,169.3,172.65,168.29,171.6,169.23,224176,382.3
2025-11-17,SHARIABEES,EQ,506.4,507.99,500.85,504.7,506.4,9349,47.22
2025-11-17,SHEEL,SM,75.5,77.4,74.0,74.75,74.25,28000,21.22
2025-11-17,SHEETAL,SM,138.0,141.75,138.0,141.05,140.4,13000,18.15
2025-11-17,SHEKHAWATI,EQ,19.5,20.28,18.55,19.0,19.26,13626,2.64
2025-11-17,SHEMAROO,EQ,113.98,114.59,110.1,114.07,111.56,23807,26.85
2025-11-17,SHERA,SM,136.0,136.0,135.5,135.5,137.5,4000,5.43
2025-11-17,SHETHJI,ST,97.45,102.6,97.45,102.1,97.75,204000,206.22
2025-11-17,SHIGAN,SM,59.5,59.5,55.0,56.05,58.3,25500,14.44
2025-11-17,SHILPAMED,EQ,378.0,384.6,372.9,374.85,379.6,365745,1385.55
2025-11-17,SHIVALIK,EQ,425.25,434.95,415.0,417.1,432.2,23297,98.5
2025-11-17,SHIVAMAUTO,EQ,28.0,28.6,27.8,28.18,28.05,160218,45.2
2025-11-17,SHIVAMILLS,EQ,67.6,67.6,64.13,64.7,66.28,6063,3.92
2025-11-17,SHIVASHRIT,SM,137.0,140.0,137.0,140.0,139.0,36000,50.32
2025-11-17,SHIVATEX,EQ,186.25,186.26,181.0,182.18,184.05,9239,16.91
2025-11-17,SHIVAUM,EQ,298.5,298.5,290.0,290.0,300.0,35,0.1
2025-11-17,SHK,EQ,169.69,177.04,169.0,176.09,169.69,1148708,1981.11
2025-11-17,SHKSIL,SM,59.0,59.0,58.1,59.0,60.0,14000,8.24
2025-11-17,SHOPERSTOP,EQ,465.9,465.9,452.0,459.65,462.45,93860,429.38
2025-11-17,SHRADHA,EQ,43.0,45.0,41.9,43.75,42.4,211380,90.4
2025-11-17,SHREDIGCEM,EQ,90.09,90.39,90.09,90.15,90.09,149693,134.93
2025-11-17,SHREECEM,EQ,26820.0,26820.0,26610.0,26680.0,26700.0,20761,5541.4
2025-11-17,SHREEJISPG,EQ,300.0,322.9,299.35,317.85,297.9,1935357,6024.58
2025-11-17,SHREEKARNI,SM,519.0,525.0,500.4,507.45,512.65,11100,57.17
2025-11-17,SHREEOSFM,SM,88.15,100.65,88.15,99.15,91.9,25000,23.96
2025-11-17,SHREEPUSHK,EQ,411.5,419.8,402.1,405.95,412.7,90225,369.36
2025-11-17,SHREERAMA,BE,54.73,57.09,52.05,56.0,54.73,141549,78.06
2025-11-17,SHRENIK,EQ,0.54,0.55,0.52,0.53,0.54,544345,2.92
2025-11-17,SHREYANIND,EQ,192.5,194.3,192.5,192.58,192.6,5974,11.53
2025-11-17,SHRIAHIMSA,ST,272.0,273.9,266.0,266.05,270.35,11400,30.86
2025-11-17,SHRINGARMS,EQ,216.49,219.4,210.1,217.47,215.88,1045794,2257.37
2025-11-17,SHRIPISTON,EQ,2723.9,2780.0,2705.8,2715.5,2705.8,42703,1170.29
2025-11-17,SHRIRAMFIN,EQ,809.0,828.35,808.6,817.9,809.3,7386312,60615.64
2025-11-17,SHRIRAMPPS,EQ,90.0,91.6,89.99,91.22,89.79,483086,438.5
2025-11-17,SHRITECH,SM,65.0,65.0,64.45,64.5,65.0,12000,7.76
2025-11-17,SHUBHLAXMI,SM,17.85,17.85,17.5,17.85,17.0,25000,4.46
2025-11-17,SHUBHSHREE,SM,405.0,405.0,345.55,390.25,415.0,57600,217.77
2025-11-17,SHYAMCENT,EQ,5.8,5.9,5.66,5.7,5.88,453943,26.28
2025-11-17,SHYAMMETL,EQ,850.7,862.5,850.5,856.0,855.8,83050,711.0
2025-11-17,SHYAMTEL,EQ,11.98,12.25,11.6,11.95,11.9,3640,0.44
2025-11-17,SICALLOG,BE,87.61,96.5,87.61,93.0,91.99,5854,5.26
2025-11-17,SIDDHICOTS,SM,30.95,31.35,30.0,30.05,30.05,286800,87.74
2025-11-17,SIDDHIKA,SM,233.1,233.1,232.0,233.1,222.0,6000,13.98
2025-11-17,SIEMENS,EQ,3093.4,3242.0,3093.4,3232.6,3084.2,1556685,49755.71
2025-11-17,SIGACHI,EQ,35.4,36.27,35.4,35.86,35.58,967721,347.77
2025-11-17,SIGIND,EQ,59.58,59.58,57.31,57.55,57.41,13880,8.07
2025-11-17,SIGMA,BE,53.4,53.4,51.05,51.54,52.55,70636,36.58
2025-11-17,SIGNATURE,EQ,1118.0,1120.2,1100.5,1110.6,1112.4,567956,6305.99
2025-11-17,SIGNORIA,SM,78.0,78.0,78.0,78.0,78.7,2000,1.56
2025-11-17,SIGNPOST,EQ,236.8,236.99,230.0,231.06,236.97,43610,100.95
2025-11-17,SIKKO,BE,111.88,111.88,108.61,110.3,107.97,31660,34.89
2025-11-17,SIL,EQ,17.35,17.7,16.0,17.11,17.35,37466,6.41
2025-11-17,SILGO,BE,65.7,67.0,64.77,65.84,66.46,6776,4.43
2025-11-17,SILINV,EQ,587.65,594.0,581.0,581.25,587.65,5889,34.42
2025-11-17,SILKFLEX,SM,78.0,81.8,76.0,79.0,79.35,30000,23.71
2025-11-17,SILKY,SM,125.0,157.0,125.0,145.75,133.5,13600,19.42
2025-11-17,SILLYMONKS,BE,23.51,25.22,23.51,24.12,24.66,21365,5.22
2025-11-17,SILVER,EQ,158.65,158.65,151.98,155.3,159.66,1526450,2359.2
2025-11-17,SILVER1,EQ,152.0,152.0,148.16,150.64,155.04,1389591,2086.82
2025-11-17,SILVER360,EQ,155.0,155.0,150.01,152.73,157.55,18623,28.44
2025-11-17,SILVERADD,EQ,151.0,151.0,147.12,149.63,153.87,388920,579.78
2025-11-17,SILVERAG,EQ,151.38,153.0,149.2,151.58,156.05,443208,669.16
2025-11-17,SILVERBEES,EQ,150.0,150.0,146.41,148.92,153.26,46574941,69018.96
2025-11-17,SILVERCASE,EQ,16.72,16.72,15.51,15.79,16.23,8128751,1278.24
2025-11-17,SILVERETF,EQ,153.44,153.44,148.39,150.66,155.02,2008641,3014.55
2025-11-17,SILVERIETF,EQ,154.83,155.97,152.72,155.37,159.63,6172257,9540.68
2025-11-17,SILVERTUC,EQ,814.9,833.5,805.8,823.4,805.8,157049,1280.21
2025-11-17,SIMBHALS,BZ,11.33,11.8,10.69,10.85,11.26,14698,1.6
2025-11-17,SIMPLEXINF,EQ,289.75,299.0,282.75,288.85,286.5,492975,1433.47
2025-11-17,SINCLAIR,EQ,90.55,90.55,87.1,87.31,90.06,44928,39.59
2025-11-17,SINDHUTRAD,EQ,23.65,23.65,23.35,23.4,23.68,341776,80.36
2025-11-17,SINTERCOM,EQ,118.0,118.5,113.2,116.86,111.26,28052,32.71
2025-11-17,SIRCA,EQ,520.95,534.2,520.5,529.25,520.1,531755,2814.44
2025-11-17,SIS,EQ,336.0,337.5,333.1,335.2,336.2,31309,105.09
2025-11-17,SITINET,BZ,0.43,0.43,0.41,0.43,0.42,828602,3.53
2025-11-17,SIYSIL,EQ,793.3,810.0,784.1,792.7,790.15,230630,1837.59
2025-11-17,SJLOGISTIC,SM,381.65,389.9,373.5,384.45,381.65,60750,232.06
2025-11-17,SJS,EQ,1780.0,1794.7,1733.0,1743.6,1758.7,108502,1912.53
2025-11-17,SJVN,EQ,83.69,84.4,83.25,83.38,83.44,1892839,1583.94
2025-11-17,SKFINDIA,EQ,2070.0,2245.0,2042.1,2061.3,2045.0,574946,12282.54
2025-11-17,SKIL,BZ,1.35,1.35,1.22,1.3,1.29,616007,7.83
2025-11-17,SKIPPER,EQ,502.0,502.0,488.75,491.6,500.3,147743,729.11
2025-11-17,SKMEGGPROD,EQ,425.0,439.0,417.0,428.0,420.9,151915,650.01
2025-11-17,SKP,SM,215.0,225.0,215.0,222.4,220.0,9000,19.97
2025-11-17,SKYGOLD,EQ,350.45,366.5,343.05,361.4,346.85,2675024,9584.72
2025-11-17,SLONE,SM,300.0,303.0,291.05,297.0,301.15,7200,21.54
2025-11-17,SMALL250,EQ,17.15,17.22,17.15,17.21,17.09,10194,1.75
2025-11-17,SMALLCAP,EQ,45.59,45.97,45.52,45.86,45.41,1543699,706.67
2025-11-17,SMARTEN,SM,74.85,74.9,74.0,74.15,74.15,19200,14.27
2025-11-17,SMARTLINK,EQ,134.22,134.22,132.62,133.92,134.22,4640,6.21
2025-11-17,SMARTWORKS,EQ,578.0,585.0,568.55,574.95,578.9,50765,292.22
2025-11-17,SMCGLOBAL,EQ,66.7,67.0,63.43,64.03,66.71,193527,125.47
2025-11-17,SML100CASE,EQ,10.58,10.58,9.96,10.34,10.27,215451,22.24
2025-11-17,SMLMAH,EQ,2860.0,2939.9,2818.0,2860.0,2858.2,25408,727.86
2025-11-17,SMLT,EQ,100.87,102.82,100.0,100.2,100.85,15274,15.4
2025-11-17,SMSLIFE,EQ,1312.2,1340.5,1292.6,1301.0,1292.8,1603,21.0
2025-11-17,SMSPHARMA,EQ,285.4,298.5,285.4,290.2,285.3,383539,1121.04
2025-11-17,SNEHAA,SM,87.0,88.0,85.4,87.15,86.95,9000,7.83
2025-11-17,SNOWMAN,EQ,46.66,47.19,46.5,46.82,46.93,187621,87.81
2025-11-17,SNXT30BEES,EQ,40.31,40.57,40.2,40.29,40.11,2380,0.96
2025-11-17,SOBHA,EQ,1579.3,1622.8,1576.3,1618.5,1573.8,129360,2082.55
2025-11-17,SOFTTECH,EQ,329.05,335.7,325.1,330.0,327.25,5034,16.56
2025-11-17,SOLARA,EQ,572.9,578.0,565.15,574.9,572.95,55292,317.01
2025-11-17,SOLARAPP1,E1,410.0,413.0,395.05,403.0,410.0,283,1.14
2025-11-17,SOLARINDS,EQ,13980.0,14074.0,13822.0,13910.0,13880.0,105557,14689.31
2025-11-17,SOLARWORLD,EQ,302.45,302.45,296.25,298.6,300.05,107014,320.28
2025-11-17,SOLEX,EQ,1750.0,1750.6,1678.1,1736.7,1710.1,64467,1109.2
2025-11-17,SOMANYCERA,EQ,443.7,452.5,440.0,445.45,441.35,15444,68.64
2025-11-17,SOMATEX,BE,138.93,138.93,138.93,138.93,132.32,11672,16.22
2025-11-17,SOMICONVEY,EQ,145.16,145.16,138.5,143.06,155.62,56811,80.66
2025-11-17,SONACOMS,EQ,486.0,487.95,480.0,486.0,485.6,1700170,8249.04
2025-11-17,SONAMAC,SM,66.5,66.5,60.0,60.1,68.1,84000,51.57
2025-11-17,SONAMLTD,EQ,39.85,40.73,39.52,40.38,40.25,27422,11.0
2025-11-17,SONATSOFTW,EQ,374.0,375.0,368.05,370.95,374.15,874111,3235.05
2025-11-17,SONUINFRA,SM,91.5,93.8,91.5,93.45,94.5,36000,33.5
2025-11-17,SOTAC,SM,122.55,122.55,122.55,122.55,129.0,2400,2.94
2025-11-17,SOTL,EQ,390.55,393.1,388.0,389.45,390.55,12644,49.38
2025-11-17,SOUTHBANK,EQ,38.08,39.14,38.0,38.65,38.0,35706371,13851.89
2025-11-17,SOUTHWEST,EQ,205.65,205.65,192.01,194.26,180.55,854587,1700.83
2025-11-17,SPAL,EQ,815.0,886.05,811.0,826.05,784.2,609529,5169.15
2025-11-17,SPANDANA,EQ,280.0,281.0,266.65,269.4,275.95,786656,2154.35
2025-11-17,SPARC,EQ,133.4,133.4,131.05,131.42,132.07,168046,221.71
2025-11-17,SPCENET,BE,8.51,9.1,8.45,8.57,8.68,453336,39.62
2025-11-17,SPCL,SM,88.25,89.25,83.0,87.8,96.25,178200,153.88
2025-11-17,SPECIALITY,EQ,125.4,133.5,125.4,131.61,123.74,109129,142.45
2025-11-17,SPECTRUM,EQ,1551.0,1579.0,1470.0,1516.5,1551.0,16250,246.19
2025-11-17,SPECTSTM,SM,80.2,81.0,80.2,80.55,84.0,4800,3.87
2025-11-17,SPENCERS,EQ,45.82,46.55,45.8,46.21,46.27,62332,28.72
2025-11-17,SPIC,EQ,89.75,93.88,89.75,92.27,89.75,1317447,1218.48
2025-11-17,SPLIL,EQ,39.98,40.8,38.2,40.41,38.93,39555,15.78
2025-11-17,SPLPETRO,EQ,676.05,676.05,645.0,655.45,645.1,78876,517.68
2025-11-17,SPMLINFRA,EQ,217.02,221.49,211.68,213.85,215.3,119099,258.52
2025-11-17,SPORTKING,EQ,104.0,104.48,100.0,100.42,102.24,75242,76.28
2025-11-17,SPPPOLY,SM,16.35,17.2,16.35,16.9,16.8,6000,1.01
2025-11-17,SPRL,ST,163.6,163.6,163.6,163.6,172.2,4800,7.85
2025-11-17,SPUNWEB,SM,145.7,149.0,145.0,146.05,144.15,33600,49.47
2025-11-17,SRD,BE,69.99,70.8,68.02,68.32,70.89,19588,13.46
2025-11-17,SREEL,EQ,228.5,241.57,228.5,234.42,221.86,30490,71.72
2025-11-17,SRF,EQ,2830.0,2852.3,2820.8,2833.1,2839.1,474474,13450.91
2025-11-17,SRGHFL,EQ,281.0,281.9,276.3,280.5,280.3,3778,10.58
2025-11-17,SRHHYPOLTD,EQ,526.15,537.6,525.65,527.35,526.15,6323,33.56
2025-11-17,SRIVASAVI,SM,54.1,54.95,53.4,54.95,53.9,14000,7.59
2025-11-17,SRM,EQ,648.05,649.95,625.1,632.8,634.1,306080,1955.62
2025-11-17,SRPL,BZ,0.68,0.69,0.62,0.69,0.66,778017,5.23
2025-11-17,SSDL,EQ,85.0,85.5,83.61,84.25,83.43,55644,47.15
2025-11-17,SSEGL,SM,553.9,565.0,552.05,556.45,553.9,51200,286.69
2025-11-17,SSFL,SM,156.7,160.95,151.55,155.0,156.5,20500,32.04
2025-11-17,SSFLPP,E1,141.0,142.2,129.95,134.3,140.05,21694,29.62
2025-11-17,SSWL,EQ,208.0,209.09,205.23,205.99,207.23,109975,227.9
2025-11-17,STALLION,BE,209.0,223.0,203.0,222.05,212.7,565682,1225.26
2025-11-17,STANLEY,EQ,241.0,248.0,238.0,243.3,240.45,94012,229.21
2025-11-17,STAR,EQ,951.0,959.0,939.15,948.75,943.55,211022,2005.82
2025-11-17,STARCEMENT,EQ,233.95,238.0,232.5,235.25,233.95,122498,288.61
2025-11-17,STARHEALTH,EQ,528.45,534.0,518.55,520.25,522.45,1306153,6843.33
2025-11-17,STARPAPER,EQ,169.25,169.89,167.67,168.0,169.25,10654,17.9
2025-11-17,STARTECK,EQ,301.15,301.9,295.0,299.65,299.65,9953,29.83
2025-11-17,STCINDIA,EQ,127.6,128.7,125.3,126.32,126.55,26259,33.41
2025-11-17,STEELCAS,EQ,217.0,222.3,216.4,218.56,218.78,34816,76.1
2025-11-17,STEELCITY,EQ,95.95,98.99,95.09,96.89,95.95,6733,6.53
2025-11-17,STEELXIND,EQ,8.99,9.05,8.79,8.85,9.03,1672554,148.66
2025-11-17,STEL,EQ,463.25,466.0,453.0,454.85,458.65,5717,26.15
2025-11-17,STERTOOLS,EQ,298.3,304.45,296.7,303.15,298.3,41764,126.2
2025-11-17,STLNETWORK,EQ,23.53,24.8,23.51,24.58,23.53,1801149,435.95
2025-11-17,STLTECH,EQ,117.55,119.09,115.37,115.86,119.05,959348,1118.99
2025-11-17,STOVEKRAFT,EQ,640.3,645.45,628.0,629.45,643.15,75362,478.86
2025-11-17,STUDDS,EQ,552.6,558.7,543.95,546.65,552.55,171219,942.0
2025-11-17,STUDIOLSD,SM,15.95,17.0,15.95,16.5,17.7,136000,22.58
2025-11-17,STYL,EQ,336.0,336.0,324.05,330.45,331.7,349143,1152.19
2025-11-17,STYLAMIND,EQ,1920.0,2020.0,1895.2,2004.8,1905.0,83217,1626.07
2025-11-17,STYLEBAAZA,EQ,310.65,313.4,305.05,306.15,308.2,208195,640.99
2025-11-17,STYRENIX,EQ,2223.0,2236.1,2128.1,2134.7,2247.3,200210,4329.39
2025-11-17,SUBAHOTELS,SM,158.0,165.0,156.0,160.0,152.55,267600,429.96
2025-11-17,SUBEXLTD,EQ,12.8,13.41,12.8,13.07,12.92,1445974,189.08
2025-11-17,SUBROS,EQ,894.6,914.4,891.6,902.6,894.6,70183,634.81
2025-11-17,SUDARSCHEM,EQ,1035.6,1044.3,1006.3,1038.4,1035.8,164246,1684.51
2025-11-17,SUKHJITS,EQ,156.02,157.49,152.0,153.42,155.33,7867,12.11
2025-11-17,SULA,EQ,247.9,249.3,246.4,247.05,247.2,132884,328.96
2025-11-17,SUMEETINDS,BE,33.84,35.18,33.0,35.18,33.51,235591,80.91
2025-11-17,SUMICHEM,EQ,467.95,472.15,461.6,463.35,464.8,176808,824.12
2025-11-17,SUMIT,EQ,83.8,84.46,78.08,83.68,83.83,71659,58.62
2025-11-17,SUMMITSEC,EQ,2201.0,2221.9,2188.2,2205.7,2201.0,3032,66.82
2025-11-17,SUNCLAY,EQ,1276.9,1379.4,1256.1,1308.6,1255.2,154616,2040.64
2025-11-17,SUNDARAM,EQ,1.89,1.92,1.87,1.9,1.89,473259,8.99
2025-11-17,SUNDARMFIN,EQ,4767.9,4821.7,4725.1,4771.0,4721.0,40141,1917.47
2025-11-17,SUNDRMBRAK,EQ,745.0,754.1,740.0,741.15,748.05,4360,32.61
2025-11-17,SUNDRMFAST,EQ,950.0,965.0,945.0,960.8,952.95,42871,409.92
2025-11-17,SUNDROP,EQ,765.2,768.95,762.0,763.55,765.5,5595,42.73
2025-11-17,SUNFLAG,EQ,260.1,261.0,255.6,256.0,259.35,86466,222.36
2025-11-17,SUNLITE,ST,259.8,259.85,259.0,259.85,247.5,45600,118.46
2025-11-17,SUNPHARMA,EQ,1765.8,1768.0,1747.7,1763.9,1757.1,1430618,25182.99
2025-11-17,SUNREST,SM,45.0,46.0,45.0,46.0,46.0,3200,1.46
2025-11-17,SUNTECH,SM,49.0,52.0,49.0,50.3,53.95,54400,27.48
2025-11-17,SUNTECK,EQ,443.0,447.9,432.4,434.85,446.25,149693,658.02
2025-11-17,SUNTV,EQ,574.0,578.0,561.9,571.15,563.05,370849,2118.63
2025-11-17,SUPERHOUSE,EQ,167.7,168.0,162.1,165.12,161.33,20572,34.14
2025-11-17,SUPERSPIN,EQ,9.34,9.34,9.16,9.22,9.34,21724,2.01
2025-11-17,SUPRAJIT,EQ,460.25,472.0,455.05,469.4,460.25,162955,761.78
2025-11-17,SUPREME,EQ,85.0,85.52,83.01,83.84,84.87,28895,24.44
2025-11-17,SUPREMEENG,BZ,0.85,0.89,0.85,0.89,0.85,97283,0.86
2025-11-17,SUPREMEIND,EQ,3679.0,3710.3,3612.2,3625.7,3709.8,441046,16072.7
2025-11-17,SUPREMEINF,BZ,96.0,96.0,87.76,87.76,92.38,27101,24.08
2025-11-17,SUPREMEPWR,SM,202.05,215.05,195.0,206.5,202.05,129500,267.28
2025-11-17,SUPRIYA,EQ,789.7,795.1,779.45,787.35,789.7,154722,1218.46
2025-11-17,SURAJEST,EQ,291.95,292.2,283.7,284.85,290.25,133884,382.3
2025-11-17,SURAJLTD,EQ,279.05,284.95,279.0,280.3,278.0,388,1.09
2025-11-17,SURAKSHA,EQ,307.4,314.9,301.0,301.9,310.1,53176,162.03
2025-11-17,SURANASOL,EQ,31.0,31.34,30.5,30.63,30.8,78088,24.14
2025-11-17,SURANAT&P,EQ,20.8,21.07,20.8,21.01,20.98,90537,18.96
2025-11-17,SURANI,SM,83.0,85.5,82.25,85.0,82.0,3600,3.05
2025-11-17,SURYALAXMI,EQ,61.8,64.94,61.15,62.11,61.8,22043,13.92
2025-11-17,SURYAROSNI,EQ,274.75,277.8,270.2,273.0,274.9,1127946,3086.57
2025-11-17,SURYODAY,EQ,138.08,152.55,134.63,144.5,137.53,1951302,2894.99
2025-11-17,SUTLEJTEX,EQ,36.2,36.2,34.4,34.82,35.51,22767,8.02
2025-11-17,SUULD,BZ,1.63,1.8,1.63,1.77,1.72,85227,1.48
2025-11-17,SUVEN,EQ,189.9,189.9,180.0,181.18,186.41,187008,341.28
2025-11-17,SUVIDHAA,EQ,3.85,3.86,3.71,3.76,3.79,150944,5.71
2025-11-17,SUYOG,EQ,686.1,698.0,670.0,672.55,690.9,31767,216.26
2025-11-17,SUZLON,EQ,57.8,58.16,57.5,57.7,57.68,36049802,20807.48
2025-11-17,SVLL,EQ,772.4,786.4,772.4,784.4,772.4,321,2.52
2025-11-17,SVPGLOB,EQ,3.8,3.84,3.62,3.69,3.81,30898,1.15
2025-11-17,SWANCORP,EQ,445.0,468.0,442.8,459.85,457.25,1457382,6584.24
2025-11-17,SWANDEF,BE,1036.05,1036.05,1036.05,1036.05,986.75,5168,53.54
2025-11-17,SWARAJ,SM,226.0,238.0,206.0,233.55,238.85,193500,439.85
2025-11-17,SWARAJENG,EQ,4037.5,4047.1,3942.5,3958.6,4017.5,11597,460.38
2025-11-17,SWASTIK,SM,28.35,30.8,28.0,28.0,29.5,34800,9.96
2025-11-17,SWELECTES,EQ,788.0,788.0,745.5,753.75,785.1,22552,172.01
2025-11-17,SWIGGY,EQ,395.0,397.2,384.3,394.8,393.1,6430519,25209.79
2025-11-17,SWSOLAR,EQ,231.8,235.63,230.31,232.87,229.58,1293301,3015.18
2025-11-17,SYLVANPLY,SM,55.5,71.4,55.5,71.4,59.5,54000,37.29
2025-11-17,SYMPHONY,EQ,884.0,891.45,881.0,883.05,888.2,48676,430.63
2025-11-17,SYNCOMF,EQ,16.65,17.09,16.52,16.59,16.58,1178181,197.07
2025-11-17,SYNGENE,EQ,654.55,658.5,649.2,652.15,654.4,486418,3180.42
2025-11-17,SYNOPTICS,SM,76.7,76.7,76.65,76.65,73.1,1800,1.38
2025-11-17,SYRMA,EQ,899.8,906.0,888.35,903.1,894.35,1553597,13944.03
2025-11-17,SYSTANGO,SM,312.0,325.95,311.25,312.95,310.4,92800,294.57
2025-11-17,SYSTMTXC,EQ,150.5,154.08,150.5,151.89,152.03,82339,125.51
2025-11-17,TAC,ST,770.2,803.9,770.0,791.7,789.0,21800,173.22
2025-11-17,TAINWALCHM,EQ,198.99,198.99,190.35,196.97,197.74,5738,11.17
2025-11-17,TAJGVK,EQ,409.05,411.5,405.0,406.1,408.5,87051,354.88
2025-11-17,TAKE,BE,28.9,30.26,28.9,29.08,28.82,8037271,2383.25
2025-11-17,TALBROAUTO,EQ,280.05,289.75,279.8,284.45,280.05,89415,255.18
2025-11-17,TANKUP,ST,608.45,608.45,608.45,608.45,596.55,250,1.52
2025-11-17,TANLA,EQ,613.45,619.4,611.1,616.2,610.55,197865,1218.66
2025-11-17,TARACHAND,EQ,78.35,83.6,78.35,80.98,77.52,442974,362.27
2025-11-17,TARAPUR,BE,38.03,39.99,37.0,38.09,38.22,37411,14.48
2025-11-17,TARC,EQ,141.47,142.0,139.22,140.47,141.07,234991,331.7
2025-11-17,TARIL,EQ,330.55,342.8,322.5,333.35,318.2,12335045,41280.61
2025-11-17,TARMAT,EQ,53.6,53.6,52.21,52.77,52.92,17064,9.03
2025-11-17,TARSONS,EQ,241.7,241.75,228.6,231.0,239.7,100344,235.16
2025-11-17,TASTYBITE,EQ,8558.0,8569.0,8372.5,8406.5,8499.0,1326,112.0
2025-11-17,TATACAP,EQ,325.0,325.7,324.45,325.0,325.5,2148716,6983.59
2025-11-17,TATACHEM,EQ,832.95,843.05,831.0,834.45,832.75,264669,2214.6
2025-11-17,TATACOMM,EQ,1881.2,1910.0,1875.7,1906.9,1874.0,205924,3919.34
2025-11-17,TATACONSUM,EQ,1166.0,1182.8,1158.0,1178.9,1157.8,2105780,24728.06
2025-11-17,TATAELXSI,EQ,5266.5,5312.0,5200.0,5303.0,5266.5,135921,7176.63
2025-11-17,TATAGOLD,EQ,12.18,12.18,11.86,11.96,12.18,54301501,6485.79
2025-11-17,TATAINVEST,EQ,779.2,783.5,772.4,775.25,779.2,339618,2640.61
2025-11-17,TATAPOWER,EQ,388.5,393.4,388.5,392.75,388.4,6120004,23965.71
2025-11-17,TATASTEEL,EQ,175.13,175.25,172.62,173.17,174.26,28204282,48895.08
2025-11-17,TATATECH,EQ,677.05,685.95,676.8,682.8,679.85,349190,2382.49
2025-11-17,TATSILV,EQ,15.48,15.48,14.9,15.15,15.59,36721052,5538.86
2025-11-17,TATVA,EQ,1489.4,1599.0,1484.2,1588.7,1489.4,592224,9322.75
2025-11-17,TAURIAN,ST,316.2,316.2,316.15,316.15,332.75,1600,5.06
2025-11-17,TBI,SM,95.5,95.5,92.5,92.65,93.35,42600,40.11
2025-11-17,TBOTEK,EQ,1583.0,1630.0,1554.5,1617.0,1572.4,126200,2023.88
2025-11-17,TBZ,EQ,195.0,197.92,190.81,191.24,190.27,773344,1494.52
2025-11-17,TCI,EQ,1115.0,1136.2,1102.5,1130.1,1119.9,28949,324.25
2025-11-17,TCIEXP,EQ,622.2,624.45,613.0,616.4,614.3,17831,110.34
2025-11-17,TCIFINANCE,EQ,11.41,11.62,11.2,11.26,11.41,5352,0.61
2025-11-17,TCL,SM,111.0,115.0,109.0,110.9,112.0,8800,9.86
2025-11-17,TCPLPACK,EQ,3200.0,3250.0,3140.0,3205.8,3214.9,7254,231.23
2025-11-17,TCS,EQ,3106.0,3123.5,3086.6,3102.2,3106.0,2232853,69215.46
2025-11-17,TDPOWERSYS,EQ,789.05,801.15,780.7,784.6,785.7,514303,4061.7
2025-11-17,TEAMGTY,EQ,245.0,249.0,241.6,241.75,249.55,281,0.68
2025-11-17,TEAMLEASE,EQ,1720.0,1720.0,1676.0,1686.2,1709.0,10244,173.0
2025-11-17,TECH,EQ,39.27,39.27,38.51,38.97,38.89,6620,2.58
2025-11-17,TECHD,ST,631.9,698.4,631.9,698.4,665.15,144600,969.08
2025-11-17,TECHERA,ST,235.5,243.75,233.15,243.75,232.15,84800,205.76
2025-11-17,TECHLABS,SM,443.0,450.0,430.0,433.25,439.05,15500,67.98
2025-11-17,TECHM,EQ,1440.0,1455.9,1438.3,1452.8,1439.2,999416,14477.25
2025-11-17,TECHNOE,EQ,1227.5,1255.0,1221.1,1238.7,1227.4,155678,1926.87
2025-11-17,TECILCHEM,BE,20.87,20.87,19.11,20.79,20.11,715,0.14
2025-11-17,TEGA,EQ,1957.0,1966.1,1935.7,1940.6,1935.6,39710,774.7
2025-11-17,TEJASNET,EQ,523.25,528.85,520.0,521.0,521.15,402153,2103.24
2025-11-17,TEMBO,EQ,780.0,805.1,766.1,780.55,781.4,100206,790.15
2025-11-17,TERASOFT,BE,579.35,598.0,550.4,550.4,579.35,35716,199.02
2025-11-17,TEXINFRA,EQ,99.44,99.96,99.01,99.52,99.34,57777,57.47
2025-11-17,TEXMOPIPES,EQ,54.8,54.8,52.31,52.76,53.78,25238,13.34
2025-11-17,TEXRAIL,EQ,131.2,136.0,131.01,135.35,130.63,2210355,2977.41
2025-11-17,TFCILTD,EQ,67.5,69.41,66.5,66.99,67.32,7516305,5079.74
2025-11-17,TFL,EQ,12.6,12.93,12.6,12.67,12.8,4553,0.58
2025-11-17,TGBHOTELS,EQ,11.11,11.44,11.11,11.18,11.2,32057,3.59
2025-11-17,TGL,SM,54.35,54.35,51.8,54.15,51.8,284400,153.61
2025-11-17,THANGAMAYL,EQ,3285.0,3299.0,3202.7,3262.7,3296.0,64315,2091.19
2025-11-17,THEINVEST,EQ,132.73,133.0,128.1,131.23,130.1,11792,15.45
2025-11-17,THEJO,EQ,1710.0,1719.0,1642.7,1688.3,1690.8,5554,93.87
2025-11-17,THELEELA,EQ,435.0,440.0,431.4,437.9,428.4,237384,1036.38
2025-11-17,THEMISMED,EQ,119.3,119.3,115.3,115.83,116.96,51305,59.7
2025-11-17,THERMAX,EQ,3018.0,3054.9,3000.0,3012.9,3006.0,99620,3008.14
2025-11-17,THESL,SM,32.0,32.0,31.0,32.0,32.0,15000,4.74
2025-11-17,THOMASCOOK,EQ,154.99,156.49,153.0,153.8,154.55,347429,538.07
2025-11-17,THOMASCOTT,EQ,417.5,417.5,395.0,398.85,418.7,90073,362.51
2025-11-17,THYROCARE,EQ,1605.0,1608.9,1507.8,1552.8,1564.0,725613,11280.81
2025-11-17,TI,EQ,488.0,498.0,479.05,486.7,487.8,1384544,6753.62
2025-11-17,TICL,BE,30.7,32.2,30.07,31.97,31.66,330131,103.82
2025-11-17,TIGERLOGS,EQ,40.4,41.37,39.6,40.0,40.49,190366,77.09
2025-11-17,TIIL,EQ,2495.7,2503.6,2431.0,2452.3,2493.4,6899,169.35
2025-11-17,TIINDIA,EQ,3067.6,3106.6,3053.0,3091.6,3067.6,107644,3325.29
2025-11-17,TIJARIA,EQ,6.05,6.7,6.05,6.38,6.17,69055,4.38
2025-11-17,TIL,EQ,288.45,293.0,281.2,282.3,286.5,36417,104.65
2025-11-17,TIMETECHNO,EQ,206.75,207.5,202.2,203.08,205.71,1613185,3295.12
2025-11-17,TIMKEN,EQ,3065.0,3139.5,3040.0,3122.6,3065.0,48084,1495.15
2025-11-17,TINNARUBR,EQ,898.95,899.95,862.0,864.7,903.75,59693,520.86
2025-11-17,TIPSFILMS,EQ,425.1,430.0,424.95,425.6,422.85,1130,4.82
2025-11-17,TIPSMUSIC,EQ,490.85,498.65,490.0,495.25,490.85,141746,702.73
2025-11-17,TIRUMALCHM,EQ,256.3,261.2,254.1,259.65,258.9,273766,710.53
2025-11-17,TIRUPATI,ST,893.0,893.0,893.0,893.0,869.0,125,1.12
2025-11-17,TIRUPATIFL,EQ,34.1,35.5,33.8,34.93,34.06,428447,148.87
2025-11-17,TITAGARH,EQ,869.9,901.85,868.05,879.85,866.45,1795004,15932.72
2025-11-17,TITAN,EQ,3848.0,3874.3,3821.5,3868.6,3829.2,504928,19486.52
2025-11-17,TMB,EQ,500.0,514.0,499.0,509.3,501.85,210463,1068.26
2025-11-17,TMCV,BE,321.8,325.5,313.0,322.6,317.6,17163624,55132.39
2025-11-17,TMPV,EQ,380.0,380.0,363.0,372.7,391.2,32393346,120778.17
2025-11-17,TNIDETF,EQ,96.45,97.78,96.25,97.71,96.44,45523,44.32
2025-11-17,TNPETRO,EQ,109.05,113.9,109.05,110.85,108.97,505991,564.78
2025-11-17,TNPL,EQ,148.11,149.99,147.56,149.4,147.38,52293,77.6
2025-11-17,TNTELE,EQ,11.87,12.35,11.26,11.44,11.84,60930,7.1
2025-11-17,TOKYOPLAST,EQ,124.95,125.66,121.12,124.08,123.21,5991,7.43
2025-11-17,TOLINS,EQ,168.5,172.21,163.61,164.54,168.46,345447,575.32
2025-11-17,TOP100CASE,EQ,11.41,11.41,11.07,11.12,11.08,886033,98.43
2025-11-17,TOP10ADD,EQ,100.24,100.24,99.69,100.11,99.75,101315,101.38
2025-11-17,TOP15IETF,EQ,10.92,11.0,10.92,10.95,10.92,165455,18.11
2025-11-17,TORNTPHARM,EQ,3859.0,3859.0,3807.1,3819.4,3831.8,153147,5854.04
2025-11-17,TORNTPOWER,EQ,1319.0,1322.2,1299.0,1310.0,1301.0,410728,5390.41
2025-11-17,TOTAL,EQ,67.45,68.99,66.1,66.57,67.45,4701,3.18
2025-11-17,TOUCHWOOD,EQ,102.5,106.95,102.5,105.03,103.0,156814,161.18
2025-11-17,TPHQ,EQ,0.58,0.6,0.52,0.53,0.58,9064731,49.94
2025-11-17,TPLPLASTEH,EQ,71.11,72.88,67.22,68.82,71.79,156664,111.49
2025-11-17,TRACXN,EQ,46.8,47.16,46.4,46.55,46.8,197960,92.31
2025-11-17,TRANSRAILL,EQ,653.9,660.45,648.05,652.35,652.0,444852,2908.12
2025-11-17,TRANSTEEL,SM,128.8,128.9,124.75,125.0,126.9,86000,108.75
2025-11-17,TRANSWIND,SM,17.2,17.2,15.6,15.6,16.4,12000,1.94
2025-11-17,TRANSWORLD,EQ,235.15,241.95,232.0,233.48,236.77,10719,25.25
2025-11-17,TRAVELFOOD,EQ,1272.3,1291.9,1262.5,1284.8,1278.0,93297,1190.75
2025-11-17,TREEHOUSE,EQ,7.54,8.01,7.37,7.82,7.33,43887,3.35
2025-11-17,TREJHARA,BE,258.0,258.0,240.25,243.22,245.86,25267,62.53
2025-11-17,TREL,EQ,27.19,27.89,27.0,27.56,27.11,131870,36.29
2025-11-17,TRENT,EQ,4391.9,4414.1,4375.0,4404.6,4391.2,551524,24278.35
2025-11-17,TRF,EQ,324.0,329.0,322.55,323.75,321.8,8114,26.39
2025-11-17,TRIDENT,EQ,28.4,28.96,28.4,28.45,28.21,4738887,1356.75
2025-11-17,TRIDHYA,SM,16.7,16.7,16.2,16.2,16.75,9000,1.47
2025-11-17,TRIGYN,BE,78.5,78.5,73.5,73.92,75.92,16104,12.17
2025-11-17,TRITURBINE,EQ,544.9,549.85,532.5,537.15,540.55,435272,2351.44
2025-11-17,TRIVENI,EQ,365.75,366.5,363.55,364.8,365.1,86351,314.78
2025-11-17,TROM,SM,90.0,91.0,84.5,87.3,86.1,9000,8.01
2025-11-17,TRU,EQ,9.65,9.65,9.36,9.49,9.35,62621,5.94
2025-11-17,TRUALT,EQ,473.95,481.0,466.15,472.55,457.9,604424,2858.08
2025-11-17,TRUST,ST,57.05,58.0,56.85,56.85,59.8,14400,8.2
2025-11-17,TSC,SM,60.05,62.0,55.0,58.35,59.95,46000,27.01
2025-11-17,TSFINV,EQ,532.0,546.25,523.55,527.45,534.1,86649,462.58
2025-11-17,TTKHLTCARE,EQ,1136.4,1141.9,1125.0,1135.1,1136.4,2072,23.54
2025-11-17,TTKPRESTIG,EQ,661.0,666.75,658.2,664.35,663.55,36538,241.9
2025-11-17,TTL,EQ,9.25,9.9,9.2,9.52,9.14,250697,24.06
2025-11-17,TTML,EQ,53.9,54.37,53.64,53.69,54.02,750388,404.55
2025-11-17,TUNWAL,SM,35.4,36.25,34.1,34.3,34.85,220000,77.2
2025-11-17,TVSELECT,EQ,660.55,660.55,623.45,642.0,662.95,474099,3034.63
2025-11-17,TVSHLTD,EQ,15630.0,15844.0,15289.0,15713.0,15521.0,5340,832.05
2025-11-17,TVSMOTOR,EQ,3407.5,3481.0,3385.0,3475.4,3386.5,1333551,45866.9
2025-11-17,TVSSCS,EQ,122.51,122.93,121.32,122.05,122.45,392102,479.05
2025-11-17,TVSSRICHAK,EQ,4370.0,4568.9,4302.7,4521.5,4336.1,28346,1267.18
2025-11-17,TVTODAY,EQ,140.0,141.24,139.1,139.95,140.22,57160,80.04
2025-11-17,TVVISION,EQ,6.14,6.14,5.93,5.94,6.02,34753,2.08
2025-11-17,UBL,EQ,1815.5,1817.0,1781.9,1786.8,1810.2,37362,671.66
2025-11-17,UCAL,EQ,125.95,126.6,124.91,124.92,125.9,5268,6.6
2025-11-17,UCOBANK,EQ,30.88,32.0,30.82,31.28,30.72,23483642,7407.93
2025-11-17,UDS,EQ,204.23,205.52,199.0,202.02,202.89,185774,374.3
2025-11-17,UEL,BE,123.0,130.8,119.77,125.85,126.08,4952,6.04
2025-11-17,UFBL,EQ,189.83,193.9,187.11,191.49,189.83,184509,349.41
2025-11-17,UFLEX,EQ,522.0,526.05,515.0,518.65,519.7,12968,67.34
2025-11-17,UFO,EQ,81.5,82.6,78.51,78.97,80.67,151266,121.54
2025-11-17,UGARSUGAR,EQ,41.44,41.44,39.99,40.37,41.05,217363,87.89
2025-11-17,UGROCAP,EQ,172.9,173.68,170.62,172.59,171.95,108768,187.15
2025-11-17,UHTL,SM,71.3,71.6,70.15,71.3,70.05,20000,14.25
2025-11-17,UJJIVANSFB,EQ,52.42,55.24,52.24,53.78,51.81,20967039,11343.21
2025-11-17,ULTRACEMCO,EQ,11810.0,11855.0,11745.0,11778.0,11874.0,194379,22903.99
2025-11-17,UMAEXPORTS,EQ,44.25,48.0,42.6,43.2,44.25,37545,16.57
2025-11-17,UMESLTD,EQ,5.01,5.15,5.0,5.07,5.04,13407,0.68
2025-11-17,UMIYA-MRO,EQ,90.61,93.18,90.0,90.66,90.25,23852,21.69
2025-11-17,UNICHEMLAB,EQ,468.0,485.0,467.8,476.8,466.1,30365,144.56
2025-11-17,UNIDT,EQ,204.32,209.98,201.44,206.19,201.77,8473,17.46
2025-11-17,UNIECOM,EQ,132.28,138.9,128.23,133.95,131.96,624123,840.8
2025-11-17,UNIENTER,EQ,153.99,156.99,152.46,156.35,152.78,9982,15.51
2025-11-17,UNIHEALTH,SM,194.0,196.5,179.05,187.1,164.45,478000,903.75
2025-11-17,UNIINFO,EQ,15.74,17.31,15.74,16.65,15.74,40802,6.89
2025-11-17,UNILEX,SM,38.45,38.45,37.5,37.5,38.45,12800,4.88
2025-11-17,UNIMECH,EQ,1014.8,1014.9,986.0,988.8,1002.3,32987,328.0
2025-11-17,UNIONBANK,EQ,153.75,156.06,153.4,154.08,152.76,9495126,14703.76
2025-11-17,UNIONGOLD,EQ,122.7,122.7,117.5,120.7,122.75,2348,2.83
2025-11-17,UNIPARTS,EQ,510.05,540.0,502.1,509.2,487.6,1020313,5300.05
2025-11-17,UNITDSPR,EQ,1434.0,1438.1,1424.3,1434.9,1429.4,380093,5441.98
2025-11-17,UNITECH,EQ,6.75,6.8,6.65,6.66,6.8,4815583,322.56
2025-11-17,UNITEDPOLY,BE,42.78,43.75,40.65,41.77,42.78,94444,39.44
2025-11-17,UNITEDTEA,EQ,434.95,444.5,433.0,442.0,432.65,7027,30.88
2025-11-17,UNIVAFOODS,BE,13.57,13.57,13.57,13.57,13.57,6451,0.88
2025-11-17,UNIVASTU,EQ,71.0,71.0,68.11,68.86,68.94,28256,19.58
2025-11-17,UNIVCABLES,EQ,889.9,909.0,875.2,893.9,860.5,825734,7367.77
2025-11-17,UNIVPHOTO,EQ,245.1,245.7,239.45,239.8,242.85,1457,3.5
2025-11-17,UNOMINDA,EQ,1307.2,1313.5,1296.7,1299.9,1307.2,335117,4362.22
2025-11-17,UPL,EQ,758.6,774.95,758.0,773.2,758.6,3590666,27651.75
2025-11-17,URAVIDEF,EQ,224.0,224.0,210.11,213.91,219.49,4537,9.79
2025-11-17,URBAN,SM,168.15,168.25,164.1,164.1,168.15,14400,23.87
2025-11-17,URBANCO,EQ,141.41,147.0,139.34,145.18,140.7,6567439,9450.72
2025-11-17,URJA,EQ,12.39,12.59,12.25,12.39,12.34,703657,87.34
2025-11-17,USASEEDS,ST,155.0,156.0,155.0,155.35,162.85,1712,2.66
2025-11-17,USHAFIN,SM,41.8,45.0,41.8,44.9,41.6,49600,22.1
2025-11-17,USHAMART,EQ,460.9,468.0,447.5,449.9,459.55,516807,2356.21
2025-11-17,USK,EQ,24.29,27.9,24.29,26.86,23.93,329512,87.36
2025-11-17,UTIAMC,EQ,1164.5,1176.0,1159.2,1172.0,1163.0,74512,870.22
2025-11-17,UTIBANKETF,EQ,59.86,60.94,59.86,60.85,60.27,344850,209.62
2025-11-17,UTINEXT50,EQ,74.98,75.59,74.23,75.11,74.98,148504,111.52
2025-11-17,UTINIFTETF,EQ,284.49,286.2,284.49,285.7,285.56,13644,38.98
2025-11-17,UTISENSETF,EQ,939.98,940.0,929.05,932.28,931.77,5354,50.12
2025-11-17,UTISXN50,EQ,93.25,96.0,92.06,93.74,92.97,6398,6.01
2025-11-17,UTKARSHBNK,EQ,16.0,17.15,15.99,16.85,16.3,35536012,5957.79
2025-11-17,UTSSAV,SM,245.05,259.95,238.0,259.3,243.8,151800,378.12
2025-11-17,UTTAMSUGAR,EQ,238.19,238.25,233.0,234.62,238.19,26493,62.3
2025-11-17,UWCSL,SM,116.45,116.45,116.45,116.45,110.95,4000,4.66
2025-11-17,UYFINCORP,EQ,15.76,16.42,15.16,15.43,16.04,309696,48.57
2025-11-17,V2RETAIL,EQ,2493.2,2493.2,2325.0,2397.2,2374.5,432976,10519.65
2025-11-17,VADILALIND,EQ,5117.0,5180.0,5112.0,5153.0,5117.0,2833,145.84
2025-11-17,VAIBHAVGBL,EQ,265.4,269.75,264.0,265.45,265.1,237666,632.74
2025-11-17,VAISHALI,EQ,9.6,9.86,9.45,9.5,9.63,277145,26.66
2025-11-17,VAKRANGEE,EQ,8.59,8.65,8.0,8.23,8.59,4194142,349.78
2025-11-17,VAL30IETF,EQ,14.47,14.58,14.47,14.56,14.45,443725,64.63
2025-11-17,VALIANTLAB,EQ,82.0,82.0,79.8,80.28,79.58,6920,5.57
2025-11-17,VALIANTORG,EQ,298.75,298.75,283.05,290.9,286.25,28076,81.38
2025-11-17,VARDHACRLC,EQ,40.5,40.5,39.87,40.07,40.0,16797,6.73
2025-11-17,VARDMNPOLY,EQ,7.1,7.16,6.92,6.97,7.06,459543,32.19
2025-11-17,VARROC,EQ,655.6,655.6,636.8,647.25,652.8,300339,1935.58
2025-11-17,VASCONEQ,EQ,57.39,58.82,56.36,56.71,57.37,1224851,705.58
2025-11-17,VASWANI,EQ,64.0,64.26,55.62,56.63,67.65,727119,429.49
2025-11-17,VBL,EQ,463.0,464.05,458.65,461.7,459.4,4330719,19996.77
2025-11-17,VCL,EQ,1.21,1.21,1.1,1.21,1.1,16347072,197.56
2025-11-17,VDEAL,SM,175.5,175.5,170.05,170.4,174.0,13200,22.68
2025-11-17,VEDL,EQ,526.95,528.0,519.35,520.8,525.35,4575270,23898.84
2025-11-17,VEEDOL,EQ,1774.0,1774.0,1706.3,1720.8,1754.7,9493,163.75
2025-11-17,VEEKAYEM,SM,231.0,231.0,231.0,231.0,239.9,500,1.16
2025-11-17,VELS,SM,65.0,65.0,65.0,65.0,65.0,1200,0.78
2025-11-17,VENKEYS,EQ,1362.0,1367.0,1349.3,1352.8,1354.7,20928,284.17
2025-11-17,VENTIVE,EQ,760.0,765.0,740.75,753.25,748.25,62628,470.08
2025-11-17,VENUSPIPES,EQ,1285.0,1292.5,1278.3,1281.4,1292.8,16102,206.54
2025-11-17,VENUSREM,EQ,573.1,579.45,552.0,554.8,571.85,56223,315.91
2025-11-17,VERANDA,EQ,223.05,223.21,216.15,217.89,221.28,193162,424.43
2025-11-17,VERITAAS,SM,58.5,58.5,58.5,58.5,55.8,1200,0.7
2025-11-17,VERTIS,IV,109.0,109.5,109.0,109.5,109.0,150000,163.63
2025-11-17,VERTOZ,EQ,70.58,72.49,69.5,70.62,70.47,203118,144.46
2025-11-17,VESUVIUS,EQ,493.9,497.2,485.0,486.5,493.15,35098,172.03
2025-11-17,VETO,EQ,114.5,122.7,114.49,117.37,113.78,108190,128.0
2025-11-17,VGINFOTECH,SM,162.5,169.0,162.05,166.9,158.15,213000,354.3
2025-11-17,VGL,BE,150.0,158.79,150.0,156.64,151.23,38766,60.68
2025-11-17,VGUARD,EQ,351.25,354.0,350.0,350.95,351.25,130938,460.41
2025-11-17,VHL,BE,3810.0,3825.0,3722.0,3744.8,3735.0,535,20.21
2025-11-17,VHLTD,BE,126.8,126.8,120.0,121.55,123.95,99954,121.84
2025-11-17,VIAZ,ST,83.6,84.0,83.6,83.75,88.0,12000,10.05
2025-11-17,VIDHIING,EQ,374.6,384.55,366.0,369.2,374.6,23833,88.49
2025-11-17,VIESL,ST,268.9,276.9,265.45,273.0,264.45,51200,138.8
2025-11-17,VIGOR,SM,83.4,84.0,76.05,82.8,83.0,46400,37.87
2025-11-17,VIJAYA,EQ,1062.5,1064.0,1035.05,1039.4,1060.4,165066,1721.01
2025-11-17,VIJAYPD,SM,48.0,49.45,47.1,47.8,50.85,196000,94.23
2025-11-17,VIJIFIN,BE,3.11,3.11,2.83,2.88,2.97,152467,4.59
2025-11-17,VIKASECO,EQ,1.76,1.79,1.69,1.69,1.8,8260812,141.74
2025-11-17,VIKASLIFE,EQ,1.98,2.02,1.93,1.99,1.98,10069090,198.18
2025-11-17,VIKRAMSOLR,EQ,317.9,319.6,315.0,315.7,317.05,486851,1542.95
2025-11-17,VIKRAN,EQ,109.55,113.29,108.04,112.56,108.97,8415486,9344.9
2025-11-17,VILAS,SM,467.0,469.0,444.4,446.4,442.45,66750,300.99
2025-11-17,VILINBIO,SM,21.55,23.5,21.55,23.35,22.45,12000,2.74
2025-11-17,VIMTALABS,EQ,639.0,646.0,625.0,629.0,638.7,161643,1023.47
2025-11-17,VINATIORGA,EQ,1664.8,1684.9,1655.3,1677.4,1664.8,29432,491.78
2025-11-17,VINCOFE,EQ,174.0,174.5,168.3,169.24,172.2,5030187,8571.35
2025-11-17,VINDHYATEL,EQ,1610.0,1630.0,1570.1,1611.9,1572.4,60172,967.87
2025-11-17,VINEETLAB,EQ,44.43,44.64,41.01,42.13,43.56,106112,45.04
2025-11-17,VINNY,EQ,1.22,1.24,1.19,1.2,1.21,443216,5.36
2025-11-17,VINSYS,SM,361.05,405.0,361.05,396.0,399.35,42250,162.13
2025-11-17,VINYAS,SM,1290.0,1300.0,1250.0,1277.2,1279.3,16600,211.43
2025-11-17,VINYLINDIA,EQ,270.9,276.1,267.8,270.6,270.9,9669,26.27
2025-11-17,VIPCLOTHNG,EQ,33.5,34.55,33.32,33.5,33.63,181682,61.6
2025-11-17,VIPIND,EQ,389.0,404.2,387.05,387.9,398.35,596541,2325.6
2025-11-17,VIPULLTD,EQ,9.3,10.07,8.85,9.95,9.16,889459,85.35
2025-11-17,VIRINCHI,BE,26.5,27.37,26.49,26.83,26.72,72315,19.38
2025-11-17,VISAKAIND,EQ,74.48,75.24,74.07,74.35,76.0,66010,49.3
2025-11-17,VISASTEEL,BE,58.81,62.78,58.81,59.08,61.91,93380,55.28
2025-11-17,VISHNU,EQ,500.0,503.0,485.8,487.6,493.55,89789,440.75
2025-11-17,VISHNUINFR,SM,167.9,167.9,161.0,161.2,165.0,5000,8.19
2025-11-17,VISHWARAJ,EQ,7.47,7.53,7.24,7.3,7.46,462404,34.02
2025-11-17,VISHWAS,SM,42.1,43.2,42.0,43.2,47.5,4800,2.04
2025-11-17,VITAL,SM,62.0,62.0,58.05,58.05,60.0,2400,1.44
2025-11-17,VIVIANA,SM,1548.75,1550.0,1485.0,1497.05,1520.15,7375,112.28
2025-11-17,VIVIDHA,EQ,0.79,0.81,0.76,0.77,0.79,629129,4.93
2025-11-17,VLEGOV,EQ,22.35,22.35,22.35,22.35,21.29,63031,14.09
2025-11-17,VLINFRA,SM,27.0,27.9,26.5,26.5,27.0,12000,3.24
2025-11-17,VLSFINANCE,EQ,232.0,252.31,232.0,252.31,210.26,881584,2179.46
2025-11-17,VMARCIND,SM,760.0,779.0,728.25,737.05,762.15,32250,243.47
2025-11-17,VMART,EQ,834.95,852.45,829.25,849.0,834.95,219617,1848.16
2025-11-17,VMM,EQ,137.7,138.75,135.65,136.6,136.94,13874658,18996.37
2025-11-17,VMSTMT,EQ,64.06,67.45,64.06,65.02,67.26,390475,254.63
2025-11-17,VOLERCAR,ST,226.0,226.25,220.0,220.0,215.5,10400,23.41
2025-11-17,VOLTAMP,EQ,8156.0,8560.0,8100.5,8541.0,8075.5,74779,6318.97
2025-11-17,VOLTAS,EQ,1354.0,1390.0,1353.1,1373.9,1350.9,1487978,20478.48
2025-11-17,VPRPL,EQ,89.0,89.0,85.1,87.93,90.24,733329,644.11
2025-11-17,VRAJ,EQ,138.92,140.38,138.0,138.15,138.92,17813,24.69
2025-11-17,VRLLOG,EQ,280.1,282.75,275.85,276.5,278.6,82258,228.6
2025-11-17,VSSL,EQ,281.8,283.5,277.0,278.05,280.7,48815,136.33
2025-11-17,VSTIND,EQ,256.25,256.9,254.05,254.85,255.9,107462,274.66
2025-11-17,VSTL,EQ,140.0,142.81,137.21,138.16,137.14,13140,18.35
2025-11-17,VSTTILLERS,EQ,5700.0,5700.0,5529.0,5570.0,5675.0,20536,1145.94
2025-11-17,VTL,EQ,452.7,462.6,449.15,460.25,452.8,259279,1186.81
2025-11-17,WAAREEENER,EQ,3356.9,3359.8,3294.1,3301.7,3348.7,602998,19955.52
2025-11-17,WAAREEINDO,BE,540.3,569.8,523.3,556.9,550.8,135534,728.51
2025-11-17,WAAREERTL,EQ,1166.8,1174.8,1149.3,1153.2,1163.4,260132,3020.45
2025-11-17,WABAG,EQ,1418.6,1421.5,1396.1,1409.4,1409.5,110071,1548.46
2025-11-17,WALCHANNAG,EQ,162.4,168.47,159.71,167.33,162.01,279983,459.7
2025-11-17,WANBURY,EQ,250.0,250.05,241.0,242.9,240.5,34398,84.5
2025-11-17,WCIL,EQ,122.9,123.99,119.31,123.1,125.49,316249,384.71
2025-11-17,WEALTH,EQ,1051.8,1072.2,1000.0,1011.3,1051.8,12811,132.51
2025-11-17,WEBELSOLAR,EQ,128.5,130.5,126.0,126.6,132.1,2250943,2877.25
2025-11-17,WEIZMANIND,EQ,109.5,109.5,106.01,108.65,105.8,1342,1.44
2025-11-17,WEL,EQ,162.9,172.65,160.5,169.36,162.4,846413,1426.42
2025-11-17,WELCORP,EQ,927.65,927.65,904.7,906.75,918.5,479428,4368.44
2025-11-17,WELENT,EQ,558.95,567.3,555.0,555.5,557.45,162467,907.01
2025-11-17,WELINV,BE,1157.0,1190.0,1124.1,1144.1,1158.0,1250,14.46
2025-11-17,WELSPUNLIV,EQ,138.0,138.82,136.32,138.18,138.33,996450,1371.11
2025-11-17,WENDT,EQ,8216.0,8340.0,8216.0,8280.0,8266.0,4316,357.7
2025-11-17,WESTLIFE,EQ,548.9,564.15,538.25,544.25,548.9,282259,1544.92
2025-11-17,WEWIN,BE,51.45,52.79,49.45,50.26,51.2,9727,5.0
2025-11-17,WEWORK,EQ,616.4,622.4,612.6,614.8,621.7,71639,441.77
2025-11-17,WHEELS,EQ,895.0,897.2,883.35,892.15,884.8,20562,183.3
2025-11-17,WHIRLPOOL,EQ,1245.0,1245.0,1222.2,1235.6,1245.0,123991,1531.27
2025-11-17,WHITEFORCE,SM,70.9,70.9,68.5,68.5,70.0,3200,2.23
2025-11-17,WILLAMAGOR,EQ,32.79,33.94,32.64,32.77,32.79,776,0.26
2025-11-17,WINDLAS,EQ,822.0,855.55,820.8,829.2,820.65,60710,505.76
2025-11-17,WINDMACHIN,EQ,295.4,301.4,292.0,294.55,292.35,59899,176.19
2025-11-17,WINNY,SM,69.3,76.8,69.3,76.8,64.0,11000,8.36
2025-11-17,WINSOL,SM,181.95,182.0,177.25,177.8,179.35,13200,23.63
2025-11-17,WINSOME,BZ,1.91,1.91,1.87,1.87,1.91,10458,0.2
2025-11-17,WIPL,EQ,162.0,167.98,160.0,163.79,159.58,8126,13.2
2025-11-17,WIPRO,EQ,243.97,244.78,242.69,244.05,244.37,6559062,15990.5
2025-11-17,WOCKPHARMA,EQ,1345.5,1399.8,1341.1,1368.3,1345.5,380039,5231.35
2025-11-17,WOL3D,SM,140.0,140.0,137.1,140.0,145.0,8000,11.12
2025-11-17,WOMANCART,SM,334.95,345.0,321.0,334.1,333.35,42000,140.85
2025-11-17,WONDERLA,EQ,523.75,550.5,520.7,541.65,523.75,247007,1333.29
2025-11-17,WORTHPERI,EQ,150.22,150.49,146.12,147.21,148.94,16552,24.47
2025-11-17,WSI,EQ,84.1,84.5,80.99,81.36,85.07,121986,100.47
2025-11-17,WSTCSTPAPR,EQ,431.0,432.3,426.0,426.6,431.5,21830,93.59
2025-11-17,WTICAB,ST,167.1,167.1,163.0,166.5,159.15,27000,44.91
2025-11-17,XCHANGING,EQ,87.03,87.95,86.0,86.46,86.97,70377,61.16
2025-11-17,XELPMOC,BE,137.9,141.26,130.25,141.26,134.54,97100,135.26
2025-11-17,XPROINDIA,EQ,1026.0,1062.8,1024.0,1027.7,1036.0,21721,225.46
2025-11-17,XTGLOBAL,EQ,39.88,40.18,38.02,38.78,39.02,20320,7.93
2025-11-17,YASHO,EQ,1765.5,1779.6,1690.0,1699.0,1748.0,5593,96.39
2025-11-17,YASHOPTICS,ST,121.05,123.0,120.8,120.8,127.15,44800,54.17
2025-11-17,YATHARTH,EQ,796.0,808.45,791.6,793.3,794.8,267614,2135.41
2025-11-17,YATRA,EQ,189.42,202.0,181.0,189.32,187.55,3804847,7273.6
2025-11-17,YESBANK,EQ,22.58,23.33,22.58,23.16,22.5,156830924,36200.06
2025-11-17,YUDIZ,SM,29.35,29.4,29.35,29.35,30.9,7200,2.11
2025-11-17,YUKEN,EQ,882.05,908.0,882.05,903.0,892.2,3479,31.15
2025-11-17,ZAGGLE,EQ,392.35,405.4,389.95,401.35,392.35,1622864,6501.49
2025-11-17,ZEAL,SM,110.3,110.3,110.3,110.3,110.3,1200,1.32
2025-11-17,ZEEL,EQ,100.52,101.87,99.9,100.09,100.48,5042357,5071.26
2025-11-17,ZEELEARN,EQ,8.0,8.19,7.26,7.6,7.84,459605,35.29
2025-11-17,ZEEMEDIA,EQ,9.51,10.1,9.34,9.39,9.5,2570957,243.84
2025-11-17,ZENITHDRUG,SM,59.0,59.0,53.15,54.05,59.3,55200,30.62
2025-11-17,ZENITHEXPO,EQ,236.39,236.39,225.0,225.03,236.39,570,1.32
2025-11-17,ZENITHSTL,BE,7.86,8.19,7.86,8.06,7.97,32728,2.63
2025-11-17,ZENSARTECH,EQ,725.15,730.15,717.55,724.25,724.85,253371,1834.38
2025-11-17,ZENTEC,EQ,1444.6,1479.4,1439.0,1449.4,1434.4,707608,10357.22
2025-11-17,ZFCVINDIA,EQ,12720.0,12854.0,12618.0,12699.0,12688.0,4413,560.95
2025-11-17,ZIMLAB,EQ,73.97,74.09,72.4,72.59,73.99,57681,42.2
2025-11-17,ZODIAC,EQ,378.6,379.0,365.55,367.3,372.6,17314,63.86
2025-11-17,ZODIACLOTH,EQ,95.51,96.97,93.11,95.07,95.51,4142,3.95
2025-11-17,ZOTA,EQ,1633.0,1633.0,1575.0,1578.5,1597.1,45745,730.42
2025-11-17,ZTECH,SM,516.0,521.05,511.05,518.95,525.6,35700,184.62
2025-11-17,ZUARI,EQ,290.7,295.5,284.8,291.95,290.7,237976,691.81
2025-11-17,ZUARIIND,EQ,340.0,340.6,331.55,335.4,339.7,137060,460.17
2025-11-17,ZYDUSLIFE,EQ,948.0,949.95,932.15,934.75,944.45,873274,8180.72
2025-11-17,ZYDUSWELL,EQ,456.6,457.65,446.0,456.1,454.35,198008,893.45
